precision,recall,f1,eps,B,d_max,l_start
0.6666666666666666,0.0,0.0,0.01,1,2,5
0.6666666666666666,0.0,0.0,0.01,1,1,4
0.6666666666666666,0.0,0.0,0.01,1,2,4
0.6666666666666666,0.0,0.0,0.01,1,1,5
0.5303030303030303,0.003979185797367615,0.007800780078007799,0.01,1,1,3
0.6666666666666666,0.0,0.0,0.01,1,3,5
0.6666666666666666,0.0,0.0,0.01,1,4,5
0.5303030303030303,0.003979185797367615,0.007800780078007799,0.01,1,2,3
0.5303030303030303,0.003979185797367615,0.007800780078007799,0.01,1,4,3
0.6666666666666666,0.0,0.0,0.01,1,3,4
0.6666666666666666,0.0,0.0,0.01,1,4,4
0.8452380952380952,0.009310986964618248,0.017699115044247787,0.01,1,1,2
0.6666666666666666,0.0,0.0,0.01,1,5,4
0.5303030303030303,0.003979185797367615,0.007800780078007799,0.01,1,3,3
0.5303030303030303,0.003979185797367615,0.007800780078007799,0.01,1,5,3
0.8452380952380952,0.009310986964618248,0.017699115044247787,0.01,1,2,2
0.8452380952380952,0.009310986964618248,0.017699115044247787,0.01,1,3,2
0.8217054263565892,0.006127450980392157,0.011788977306218687,0.01,1,5,2
0.8452380952380952,0.009310986964618248,0.017699115044247787,0.01,1,4,2
0.4229559748427673,0.3961464354527939,0.3231197771587744,0.01,1,2,1
0.42424242424242425,0.3830409356725146,0.3055555555555555,0.01,1,4,1
0.42424242424242425,0.3830409356725146,0.3055555555555555,0.01,1,3,1
0.4230769230769231,0.373015873015873,0.29095074455899195,0.01,1,5,1
0.4229559748427673,0.3961464354527939,0.3231197771587744,0.01,1,1,1
0.6666666666666666,0.0,0.0,0.01,1,5,5
0.6666666666666666,0.0,0.0,0.01,1,6,4
0.6666666666666666,0.0,0.0,0.01,1,6,5
0.5303030303030303,0.003979185797367615,0.007800780078007799,0.01,1,7,3
0.6666666666666666,0.0,0.0,0.01,1,7,5
0.6666666666666666,0.0,0.0,0.01,1,7,4
0.8217054263565892,0.006127450980392157,0.011788977306218687,0.01,1,6,2
0.6666666666666666,0.0,0.0,0.01,1,8,4
0.5303030303030303,0.003979185797367615,0.007800780078007799,0.01,1,6,3
0.5303030303030303,0.003979185797367615,0.007800780078007799,0.01,1,8,3
0.6666666666666666,0.0,0.0,0.01,1,8,5
0.8217054263565892,0.006127450980392157,0.011788977306218687,0.01,1,7,2
0.8217054263565892,0.006127450980392157,0.011788977306218687,0.01,1,8,2
0.6666666666666666,0.0,0.0,0.01,1,9,5
0.5277777777777778,0.002125075895567699,0.004204204204204204,0.01,1,9,3
0.6666666666666666,0.0,0.0,0.01,1,9,4
0.8266666666666667,0.0036231884057971015,0.007085916740478299,0.01,1,9,2
0.41935483870967744,0.3665606221279604,0.2809538685827346,0.01,1,8,1
0.4230769230769231,0.373015873015873,0.29095074455899195,0.01,1,6,1
0.41935483870967744,0.3665606221279604,0.2809538685827346,0.01,1,7,1
0.5277777777777778,0.002125075895567699,0.004204204204204204,0.01,1,10,3
0.4096573208722741,0.36008230452674894,0.27041499330655955,0.01,1,9,1
0.8266666666666667,0.0036231884057971015,0.007085916740478299,0.01,1,10,2
0.4096573208722741,0.36008230452674894,0.27041499330655955,0.01,1,10,1
0.6666666666666666,0.0,0.0,0.01,1,10,4
0.6666666666666666,0.0,0.0,0.01,1,10,5
0.6666666666666666,0.0,0.0,0.01,1,11,5
0.6666666666666666,0.0,0.0,0.01,1,11,4
0.6666666666666666,0.0,0.0,0.01,2,1,4
0.5277777777777778,0.002125075895567699,0.004204204204204204,0.01,1,11,3
0.5303030303030303,0.003979185797367615,0.007800780078007799,0.01,2,1,3
0.8266666666666667,0.0036231884057971015,0.007085916740478299,0.01,1,11,2
0.6666666666666666,0.0,0.0,0.01,2,1,5
0.8452380952380952,0.009310986964618248,0.017699115044247787,0.01,2,1,2
0.6666666666666666,0.0,0.0,0.01,2,2,4
0.6666666666666666,0.0,0.0,0.01,2,2,5
0.40277777777777785,0.35597735597735597,0.2635470475032918,0.01,1,11,1
0.5303030303030303,0.003979185797367615,0.007800780078007799,0.01,2,2,3
0.8452380952380952,0.009310986964618248,0.017699115044247787,0.01,2,2,2
0.6666666666666666,0.0,0.0,0.01,2,3,5
0.6666666666666666,0.0,0.0,0.01,2,3,4
0.4229559748427673,0.3961464354527939,0.3231197771587744,0.01,2,1,1
0.5303030303030303,0.003979185797367615,0.007800780078007799,0.01,2,3,3
0.8452380952380952,0.009310986964618248,0.017699115044247787,0.01,2,3,2
0.4229559748427673,0.3961464354527939,0.3231197771587744,0.01,2,2,1
0.42424242424242425,0.3830409356725146,0.3055555555555555,0.01,2,3,1
0.8452380952380952,0.009310986964618248,0.017699115044247787,0.01,2,4,2
0.42424242424242425,0.3830409356725146,0.3055555555555555,0.01,2,4,1
0.5303030303030303,0.003979185797367615,0.007800780078007799,0.01,2,4,3
0.6666666666666666,0.0,0.0,0.01,2,4,4
0.6666666666666666,0.0,0.0,0.01,2,4,5
0.6666666666666666,0.0,0.0,0.01,2,5,5
0.6666666666666666,0.0,0.0,0.01,2,5,4
0.5303030303030303,0.003979185797367615,0.007800780078007799,0.01,2,5,3
0.8217054263565892,0.006127450980392157,0.011788977306218687,0.01,2,5,2
0.6666666666666666,0.0,0.0,0.01,2,6,5
0.6666666666666666,0.0,0.0,0.01,2,6,4
0.5303030303030303,0.003979185797367615,0.007800780078007799,0.01,2,6,3
0.8217054263565892,0.006127450980392157,0.011788977306218687,0.01,2,6,2
0.6666666666666666,0.0,0.0,0.01,2,7,4
0.4230769230769231,0.373015873015873,0.29095074455899195,0.01,2,5,1
0.6666666666666666,0.0,0.0,0.01,2,7,5
0.5303030303030303,0.003979185797367615,0.007800780078007799,0.01,2,7,3
0.4230769230769231,0.373015873015873,0.29095074455899195,0.01,2,6,1
0.8217054263565892,0.006127450980392157,0.011788977306218687,0.01,2,7,2
0.5303030303030303,0.003979185797367615,0.007800780078007799,0.01,2,8,3
0.8217054263565892,0.006127450980392157,0.011788977306218687,0.01,2,8,2
0.6666666666666666,0.0,0.0,0.01,2,8,4
0.41935483870967744,0.3665606221279604,0.2809538685827346,0.01,2,7,1
0.6666666666666666,0.0,0.0,0.01,2,8,5
0.41935483870967744,0.3665606221279604,0.2809538685827346,0.01,2,8,1
0.6666666666666666,0.0,0.0,0.01,2,9,4
0.5277777777777778,0.002125075895567699,0.004204204204204204,0.01,2,9,3
0.8266666666666667,0.0036231884057971015,0.007085916740478299,0.01,2,9,2
0.6666666666666666,0.0,0.0,0.01,2,9,5
0.4096573208722741,0.36008230452674894,0.27041499330655955,0.01,2,9,1
0.6666666666666666,0.0,0.0,0.01,2,10,5
0.6666666666666666,0.0,0.0,0.01,2,10,4
0.8266666666666667,0.0036231884057971015,0.007085916740478299,0.01,2,10,2
0.5277777777777778,0.002125075895567699,0.004204204204204204,0.01,2,10,3
0.6666666666666666,0.0,0.0,0.01,2,11,5
0.5277777777777778,0.002125075895567699,0.004204204204204204,0.01,2,11,3
0.6666666666666666,0.0,0.0,0.01,2,11,4
0.4096573208722741,0.36008230452674894,0.27041499330655955,0.01,2,10,1
0.8266666666666667,0.0036231884057971015,0.007085916740478299,0.01,2,11,2
0.5303030303030303,0.003979185797367615,0.007800780078007799,0.01,3,1,3
0.6666666666666666,0.0,0.0,0.01,3,1,4
0.6666666666666666,0.0,0.0,0.01,3,1,5
0.8452380952380952,0.009310986964618248,0.017699115044247787,0.01,3,1,2
0.40277777777777785,0.35597735597735597,0.2635470475032918,0.01,2,11,1
0.4229559748427673,0.3961464354527939,0.3231197771587744,0.01,3,1,1
0.6666666666666666,0.0,0.0,0.01,3,2,4
0.5303030303030303,0.003979185797367615,0.007800780078007799,0.01,3,2,3
0.8452380952380952,0.009310986964618248,0.017699115044247787,0.01,3,2,2
0.4229559748427673,0.3961464354527939,0.3231197771587744,0.01,3,2,1
0.6666666666666666,0.0,0.0,0.01,3,2,5
0.5303030303030303,0.003979185797367615,0.007800780078007799,0.01,3,3,3
0.8452380952380952,0.009310986964618248,0.017699115044247787,0.01,3,3,2
0.6666666666666666,0.0,0.0,0.01,3,3,4
0.42424242424242425,0.3830409356725146,0.3055555555555555,0.01,3,3,1
0.6666666666666666,0.0,0.0,0.01,3,3,5
0.6666666666666666,0.0,0.0,0.01,3,4,5
0.5303030303030303,0.003979185797367615,0.007800780078007799,0.01,3,4,3
0.6666666666666666,0.0,0.0,0.01,3,4,4
0.8452380952380952,0.009310986964618248,0.017699115044247787,0.01,3,4,2
0.6666666666666666,0.0,0.0,0.01,3,5,4
0.6666666666666666,0.0,0.0,0.01,3,5,5
0.5303030303030303,0.003979185797367615,0.007800780078007799,0.01,3,5,3
0.8217054263565892,0.006127450980392157,0.011788977306218687,0.01,3,5,2
0.42424242424242425,0.3830409356725146,0.3055555555555555,0.01,3,4,1
0.5303030303030303,0.003979185797367615,0.007800780078007799,0.01,3,6,3
0.6666666666666666,0.0,0.0,0.01,3,6,4
0.8217054263565892,0.006127450980392157,0.011788977306218687,0.01,3,6,2
0.6666666666666666,0.0,0.0,0.01,3,6,5
0.4230769230769231,0.373015873015873,0.29095074455899195,0.01,3,5,1
0.4230769230769231,0.373015873015873,0.29095074455899195,0.01,3,6,1
0.6666666666666666,0.0,0.0,0.01,3,7,4
0.8217054263565892,0.006127450980392157,0.011788977306218687,0.01,3,7,2
0.5303030303030303,0.003979185797367615,0.007800780078007799,0.01,3,7,3
0.6666666666666666,0.0,0.0,0.01,3,7,5
0.41935483870967744,0.3665606221279604,0.2809538685827346,0.01,3,7,1
0.6666666666666666,0.0,0.0,0.01,3,8,4
0.5303030303030303,0.003979185797367615,0.007800780078007799,0.01,3,8,3
0.8217054263565892,0.006127450980392157,0.011788977306218687,0.01,3,8,2
0.6666666666666666,0.0,0.0,0.01,3,8,5
0.41935483870967744,0.3665606221279604,0.2809538685827346,0.01,3,8,1
0.6666666666666666,0.0,0.0,0.01,3,9,4
0.6666666666666666,0.0,0.0,0.01,3,9,5
0.5277777777777778,0.002125075895567699,0.004204204204204204,0.01,3,9,3
0.8266666666666667,0.0036231884057971015,0.007085916740478299,0.01,3,9,2
0.5277777777777778,0.002125075895567699,0.004204204204204204,0.01,3,10,3
0.6666666666666666,0.0,0.0,0.01,3,10,5
0.6666666666666666,0.0,0.0,0.01,3,10,4
0.8266666666666667,0.0036231884057971015,0.007085916740478299,0.01,3,10,2
0.4096573208722741,0.36008230452674894,0.27041499330655955,0.01,3,9,1
0.5277777777777778,0.002125075895567699,0.004204204204204204,0.01,3,11,3
0.4096573208722741,0.36008230452674894,0.27041499330655955,0.01,3,10,1
0.6666666666666666,0.0,0.0,0.01,3,11,5
0.8266666666666667,0.0036231884057971015,0.007085916740478299,0.01,3,11,2
0.6666666666666666,0.0,0.0,0.01,3,11,4
0.40277777777777785,0.35597735597735597,0.2635470475032918,0.01,3,11,1
0.8452380952380952,0.009310986964618248,0.017699115044247787,0.01,4,1,2
0.6666666666666666,0.0,0.0,0.01,4,1,4
0.5303030303030303,0.003979185797367615,0.007800780078007799,0.01,4,1,3
0.4229559748427673,0.3961464354527939,0.3231197771587744,0.01,4,1,1
0.6666666666666666,0.0,0.0,0.01,4,1,5
0.5303030303030303,0.003979185797367615,0.007800780078007799,0.01,4,2,3
0.6666666666666666,0.0,0.0,0.01,4,2,4
0.8452380952380952,0.009310986964618248,0.017699115044247787,0.01,4,2,2
0.6666666666666666,0.0,0.0,0.01,4,2,5
0.4229559748427673,0.3961464354527939,0.3231197771587744,0.01,4,2,1
0.5303030303030303,0.003979185797367615,0.007800780078007799,0.01,4,3,3
0.8452380952380952,0.009310986964618248,0.017699115044247787,0.01,4,3,2
0.6666666666666666,0.0,0.0,0.01,4,3,5
0.6666666666666666,0.0,0.0,0.01,4,3,4
0.5303030303030303,0.003979185797367615,0.007800780078007799,0.01,4,4,3
0.42424242424242425,0.3830409356725146,0.3055555555555555,0.01,4,3,1
0.6666666666666666,0.0,0.0,0.01,4,4,4
0.8452380952380952,0.009310986964618248,0.017699115044247787,0.01,4,4,2
0.6666666666666666,0.0,0.0,0.01,4,4,5
0.5303030303030303,0.003979185797367615,0.007800780078007799,0.01,4,5,3
0.42424242424242425,0.3830409356725146,0.3055555555555555,0.01,4,4,1
0.6666666666666666,0.0,0.0,0.01,4,5,4
0.8217054263565892,0.006127450980392157,0.011788977306218687,0.01,4,5,2
0.6666666666666666,0.0,0.0,0.01,4,5,5
0.4230769230769231,0.373015873015873,0.29095074455899195,0.01,4,5,1
0.8217054263565892,0.006127450980392157,0.011788977306218687,0.01,4,6,2
0.5303030303030303,0.003979185797367615,0.007800780078007799,0.01,4,6,3
0.6666666666666666,0.0,0.0,0.01,4,6,4
0.6666666666666666,0.0,0.0,0.01,4,6,5
0.4230769230769231,0.373015873015873,0.29095074455899195,0.01,4,6,1
0.5303030303030303,0.003979185797367615,0.007800780078007799,0.01,4,7,3
0.8217054263565892,0.006127450980392157,0.011788977306218687,0.01,4,7,2
0.6666666666666666,0.0,0.0,0.01,4,7,5
0.6666666666666666,0.0,0.0,0.01,4,7,4
0.41935483870967744,0.3665606221279604,0.2809538685827346,0.01,4,7,1
0.5303030303030303,0.003979185797367615,0.007800780078007799,0.01,4,8,3
0.8217054263565892,0.006127450980392157,0.011788977306218687,0.01,4,8,2
0.6666666666666666,0.0,0.0,0.01,4,8,5
0.6666666666666666,0.0,0.0,0.01,4,8,4
0.41935483870967744,0.3665606221279604,0.2809538685827346,0.01,4,8,1
0.5277777777777778,0.002125075895567699,0.004204204204204204,0.01,4,9,3
0.6666666666666666,0.0,0.0,0.01,4,9,4
0.8266666666666667,0.0036231884057971015,0.007085916740478299,0.01,4,9,2
0.6666666666666666,0.0,0.0,0.01,4,9,5
0.5277777777777778,0.002125075895567699,0.004204204204204204,0.01,4,10,3
0.4096573208722741,0.36008230452674894,0.27041499330655955,0.01,4,9,1
0.8266666666666667,0.0036231884057971015,0.007085916740478299,0.01,4,10,2
0.6666666666666666,0.0,0.0,0.01,4,10,5
0.6666666666666666,0.0,0.0,0.01,4,10,4
0.4096573208722741,0.36008230452674894,0.27041499330655955,0.01,4,10,1
0.6666666666666666,0.0,0.0,0.01,4,11,4
0.5277777777777778,0.002125075895567699,0.004204204204204204,0.01,4,11,3
0.8266666666666667,0.0036231884057971015,0.007085916740478299,0.01,4,11,2
0.6666666666666666,0.0,0.0,0.01,4,11,5
0.40277777777777785,0.35597735597735597,0.2635470475032918,0.01,4,11,1
0.5303030303030303,0.003979185797367615,0.007800780078007799,0.01,5,1,3
0.6666666666666666,0.0,0.0,0.01,5,1,4
0.8452380952380952,0.009310986964618248,0.017699115044247787,0.01,5,1,2
0.6666666666666666,0.0,0.0,0.01,5,1,5
0.5303030303030303,0.003979185797367615,0.007800780078007799,0.01,5,2,3
0.5897435897435898,0.36119818878439564,0.3836003770028275,0.01,5,1,1
0.6666666666666666,0.0,0.0,0.01,5,2,4
0.6666666666666666,0.0,0.0,0.01,5,2,5
0.8452380952380952,0.009310986964618248,0.017699115044247787,0.01,5,2,2
0.5303030303030303,0.003979185797367615,0.007800780078007799,0.01,5,3,3
0.5897435897435898,0.36119818878439564,0.3836003770028275,0.01,5,2,1
0.6666666666666666,0.0,0.0,0.01,5,3,4
0.8452380952380952,0.009310986964618248,0.017699115044247787,0.01,5,3,2
0.6666666666666666,0.0,0.0,0.01,5,3,5
0.41397849462365593,0.3566835871404399,0.26489383632240776,0.01,5,3,1
0.5303030303030303,0.003979185797367615,0.007800780078007799,0.01,5,4,3
0.6666666666666666,0.0,0.0,0.01,5,4,4
0.6666666666666666,0.0,0.0,0.01,5,4,5
0.8452380952380952,0.009310986964618248,0.017699115044247787,0.01,5,4,2
0.41397849462365593,0.3566835871404399,0.26489383632240776,0.01,5,4,1
0.6666666666666666,0.0,0.0,0.01,5,5,4
0.6666666666666666,0.0,0.0,0.01,5,5,5
0.5303030303030303,0.003979185797367615,0.007800780078007799,0.01,5,5,3
0.8217054263565892,0.006127450980392157,0.011788977306218687,0.01,5,5,2
0.419831223628692,0.35353535353535354,0.259640370023906,0.01,5,5,1
0.5303030303030303,0.003979185797367615,0.007800780078007799,0.01,5,6,3
0.8217054263565892,0.006127450980392157,0.011788977306218687,0.01,5,6,2
0.6666666666666666,0.0,0.0,0.01,5,6,5
0.6666666666666666,0.0,0.0,0.01,5,6,4
0.419831223628692,0.35353535353535354,0.259640370023906,0.01,5,6,1
0.5303030303030303,0.003979185797367615,0.007800780078007799,0.01,5,7,3
0.6666666666666666,0.0,0.0,0.01,5,7,4
0.6666666666666666,0.0,0.0,0.01,5,7,5
0.8217054263565892,0.006127450980392157,0.011788977306218687,0.01,5,7,2
0.4248826291079812,0.35168501835168503,0.2564901349948079,0.01,5,7,1
0.5303030303030303,0.003979185797367615,0.007800780078007799,0.01,5,8,3
0.6666666666666666,0.0,0.0,0.01,5,8,4
0.6666666666666666,0.0,0.0,0.01,5,8,5
0.8217054263565892,0.006127450980392157,0.011788977306218687,0.01,5,8,2
0.5277777777777778,0.002125075895567699,0.004204204204204204,0.01,5,9,3
0.4248826291079812,0.35168501835168503,0.2564901349948079,0.01,5,8,1
0.8266666666666667,0.0036231884057971015,0.007085916740478299,0.01,5,9,2
0.6666666666666666,0.0,0.0,0.01,5,9,4
0.6666666666666666,0.0,0.0,0.01,5,9,5
0.4114583333333333,0.3487078835459601,0.25115420129270544,0.01,5,9,1
0.5277777777777778,0.002125075895567699,0.004204204204204204,0.01,5,10,3
0.8266666666666667,0.0036231884057971015,0.007085916740478299,0.01,5,10,2
0.6666666666666666,0.0,0.0,0.01,5,10,4
0.6666666666666666,0.0,0.0,0.01,5,10,5
0.4114583333333333,0.3487078835459601,0.25115420129270544,0.01,5,10,1
0.5277777777777778,0.002125075895567699,0.004204204204204204,0.01,5,11,3
0.6666666666666666,0.0,0.0,0.01,5,11,4
0.6666666666666666,0.0,0.0,0.01,5,11,5
0.8266666666666667,0.0036231884057971015,0.007085916740478299,0.01,5,11,2
0.4080459770114942,0.34684684684684686,0.24781637213081453,0.01,5,11,1
0.8452380952380952,0.009310986964618248,0.017699115044247787,0.01,6,1,2
0.5303030303030303,0.003979185797367615,0.007800780078007799,0.01,6,1,3
0.6666666666666666,0.0,0.0,0.01,6,1,4
0.6666666666666666,0.0,0.0,0.01,6,1,5
0.5303030303030303,0.003979185797367615,0.007800780078007799,0.01,6,2,3
0.8452380952380952,0.009310986964618248,0.017699115044247787,0.01,6,2,2
0.6666666666666666,0.0,0.0,0.01,6,2,4
0.5897435897435898,0.36119818878439564,0.3836003770028275,0.01,6,1,1
0.6666666666666666,0.0,0.0,0.01,6,2,5
0.5897435897435898,0.36119818878439564,0.3836003770028275,0.01,6,2,1
0.5303030303030303,0.003979185797367615,0.007800780078007799,0.01,6,3,3
0.6666666666666666,0.0,0.0,0.01,6,3,4
0.6666666666666666,0.0,0.0,0.01,6,3,5
0.8452380952380952,0.009310986964618248,0.017699115044247787,0.01,6,3,2
0.41397849462365593,0.3566835871404399,0.26489383632240776,0.01,6,3,1
0.6666666666666666,0.0,0.0,0.01,6,4,4
0.8452380952380952,0.009310986964618248,0.017699115044247787,0.01,6,4,2
0.5303030303030303,0.003979185797367615,0.007800780078007799,0.01,6,4,3
0.6666666666666666,0.0,0.0,0.01,6,4,5
0.41397849462365593,0.3566835871404399,0.26489383632240776,0.01,6,4,1
0.5303030303030303,0.003979185797367615,0.007800780078007799,0.01,6,5,3
0.6666666666666666,0.0,0.0,0.01,6,5,4
0.6666666666666666,0.0,0.0,0.01,6,5,5
0.8217054263565892,0.006127450980392157,0.011788977306218687,0.01,6,5,2
0.5303030303030303,0.003979185797367615,0.007800780078007799,0.01,6,6,3
0.6666666666666666,0.0,0.0,0.01,6,6,4
0.419831223628692,0.35353535353535354,0.259640370023906,0.01,6,5,1
0.8217054263565892,0.006127450980392157,0.011788977306218687,0.01,6,6,2
0.6666666666666666,0.0,0.0,0.01,6,6,5
0.5303030303030303,0.003979185797367615,0.007800780078007799,0.01,6,7,3
0.419831223628692,0.35353535353535354,0.259640370023906,0.01,6,6,1
0.8217054263565892,0.006127450980392157,0.011788977306218687,0.01,6,7,2
0.6666666666666666,0.0,0.0,0.01,6,7,4
0.6666666666666666,0.0,0.0,0.01,6,7,5
0.4248826291079812,0.35168501835168503,0.2564901349948079,0.01,6,7,1
0.5303030303030303,0.003979185797367615,0.007800780078007799,0.01,6,8,3
0.6666666666666666,0.0,0.0,0.01,6,8,4
0.8217054263565892,0.006127450980392157,0.011788977306218687,0.01,6,8,2
0.6666666666666666,0.0,0.0,0.01,6,8,5
0.4248826291079812,0.35168501835168503,0.2564901349948079,0.01,6,8,1
0.6666666666666666,0.0,0.0,0.01,6,9,4
0.5277777777777778,0.002125075895567699,0.004204204204204204,0.01,6,9,3
0.6666666666666666,0.0,0.0,0.01,6,9,5
0.8266666666666667,0.0036231884057971015,0.007085916740478299,0.01,6,9,2
0.4114583333333333,0.3487078835459601,0.25115420129270544,0.01,6,9,1
0.5277777777777778,0.002125075895567699,0.004204204204204204,0.01,6,10,3
0.8266666666666667,0.0036231884057971015,0.007085916740478299,0.01,6,10,2
0.6666666666666666,0.0,0.0,0.01,6,10,5
0.6666666666666666,0.0,0.0,0.01,6,10,4
0.5277777777777778,0.002125075895567699,0.004204204204204204,0.01,6,11,3
0.4114583333333333,0.3487078835459601,0.25115420129270544,0.01,6,10,1
0.8266666666666667,0.0036231884057971015,0.007085916740478299,0.01,6,11,2
0.6666666666666666,0.0,0.0,0.01,6,11,5
0.6666666666666666,0.0,0.0,0.01,6,11,4
0.4080459770114942,0.34684684684684686,0.24781637213081453,0.01,6,11,1
0.5303030303030303,0.003979185797367615,0.007800780078007799,0.01,7,1,3
0.8452380952380952,0.009310986964618248,0.017699115044247787,0.01,7,1,2
0.6666666666666666,0.0,0.0,0.01,7,1,4
0.6666666666666666,0.0,0.0,0.01,7,1,5
0.5889967637540453,0.3608498780912574,0.38301886792452833,0.01,7,1,1
0.5303030303030303,0.003979185797367615,0.007800780078007799,0.01,7,2,3
0.6666666666666666,0.0,0.0,0.01,7,2,4
0.8452380952380952,0.009310986964618248,0.017699115044247787,0.01,7,2,2
0.6666666666666666,0.0,0.0,0.01,7,2,5
0.5889967637540453,0.3608498780912574,0.38301886792452833,0.01,7,2,1
0.5303030303030303,0.003979185797367615,0.007800780078007799,0.01,7,3,3
0.6666666666666666,0.0,0.0,0.01,7,3,5
0.6666666666666666,0.0,0.0,0.01,7,3,4
0.8452380952380952,0.009310986964618248,0.017699115044247787,0.01,7,3,2
0.41304347826086957,0.35634517766497464,0.2643144537294955,0.01,7,3,1
0.8452380952380952,0.009310986964618248,0.017699115044247787,0.01,7,4,2
0.6666666666666666,0.0,0.0,0.01,7,4,5
0.5303030303030303,0.003979185797367615,0.007800780078007799,0.01,7,4,3
0.6666666666666666,0.0,0.0,0.01,7,4,4
0.5303030303030303,0.003979185797367615,0.007800780078007799,0.01,7,5,3
0.41304347826086957,0.35634517766497464,0.2643144537294955,0.01,7,4,1
0.8217054263565892,0.006127450980392157,0.011788977306218687,0.01,7,5,2
0.6666666666666666,0.0,0.0,0.01,7,5,5
0.6666666666666666,0.0,0.0,0.01,7,5,4
0.419831223628692,0.35353535353535354,0.259640370023906,0.01,7,5,1
0.6666666666666666,0.0,0.0,0.01,7,6,5
0.5303030303030303,0.003979185797367615,0.007800780078007799,0.01,7,6,3
0.8217054263565892,0.006127450980392157,0.011788977306218687,0.01,7,6,2
0.6666666666666666,0.0,0.0,0.01,7,6,4
0.419831223628692,0.35353535353535354,0.259640370023906,0.01,7,6,1
0.5303030303030303,0.003979185797367615,0.007800780078007799,0.01,7,7,3
0.8217054263565892,0.006127450980392157,0.011788977306218687,0.01,7,7,2
0.6666666666666666,0.0,0.0,0.01,7,7,4
0.4248826291079812,0.35168501835168503,0.2564901349948079,0.01,7,7,1
0.6666666666666666,0.0,0.0,0.01,7,7,5
0.8217054263565892,0.006127450980392157,0.011788977306218687,0.01,7,8,2
0.6666666666666666,0.0,0.0,0.01,7,8,5
0.5303030303030303,0.003979185797367615,0.007800780078007799,0.01,7,8,3
0.6666666666666666,0.0,0.0,0.01,7,8,4
0.5277777777777778,0.002125075895567699,0.004204204204204204,0.01,7,9,3
0.6666666666666666,0.0,0.0,0.01,7,9,5
0.6666666666666666,0.0,0.0,0.01,7,9,4
0.8266666666666667,0.0036231884057971015,0.007085916740478299,0.01,7,9,2
0.4248826291079812,0.35168501835168503,0.2564901349948079,0.01,7,8,1
0.5277777777777778,0.002125075895567699,0.004204204204204204,0.01,7,10,3
0.6666666666666666,0.0,0.0,0.01,7,10,4
0.8266666666666667,0.0036231884057971015,0.007085916740478299,0.01,7,10,2
0.6666666666666666,0.0,0.0,0.01,7,10,5
0.4114583333333333,0.3487078835459601,0.25115420129270544,0.01,7,9,1
0.5277777777777778,0.002125075895567699,0.004204204204204204,0.01,7,11,3
0.4114583333333333,0.3487078835459601,0.25115420129270544,0.01,7,10,1
0.8266666666666667,0.0036231884057971015,0.007085916740478299,0.01,7,11,2
0.6666666666666666,0.0,0.0,0.01,7,11,5
0.6666666666666666,0.0,0.0,0.01,7,11,4
0.4080459770114942,0.34684684684684686,0.24781637213081453,0.01,7,11,1
0.5303030303030303,0.003979185797367615,0.007800780078007799,0.01,8,1,3
0.8452380952380952,0.009310986964618248,0.017699115044247787,0.01,8,1,2
0.6666666666666666,0.0,0.0,0.01,8,1,4
0.6666666666666666,0.0,0.0,0.01,8,1,5
0.5889967637540453,0.3608498780912574,0.38301886792452833,0.01,8,1,1
0.6666666666666666,0.0,0.0,0.01,8,2,4
0.5303030303030303,0.003979185797367615,0.007800780078007799,0.01,8,2,3
0.6666666666666666,0.0,0.0,0.01,8,2,5
0.8452380952380952,0.009310986964618248,0.017699115044247787,0.01,8,2,2
0.5889967637540453,0.3608498780912574,0.38301886792452833,0.01,8,2,1
0.8452380952380952,0.009310986964618248,0.017699115044247787,0.01,8,3,2
0.6666666666666666,0.0,0.0,0.01,8,3,4
0.6666666666666666,0.0,0.0,0.01,8,3,5
0.5303030303030303,0.003979185797367615,0.007800780078007799,0.01,8,3,3
0.41304347826086957,0.35634517766497464,0.2643144537294955,0.01,8,3,1
0.6666666666666666,0.0,0.0,0.01,8,4,5
0.6666666666666666,0.0,0.0,0.01,8,4,4
0.5303030303030303,0.003979185797367615,0.007800780078007799,0.01,8,4,3
0.8452380952380952,0.009310986964618248,0.017699115044247787,0.01,8,4,2
0.5303030303030303,0.003979185797367615,0.007800780078007799,0.01,8,5,3
0.41304347826086957,0.35634517766497464,0.2643144537294955,0.01,8,4,1
0.8217054263565892,0.006127450980392157,0.011788977306218687,0.01,8,5,2
0.6666666666666666,0.0,0.0,0.01,8,5,4
0.6666666666666666,0.0,0.0,0.01,8,5,5
0.419831223628692,0.35353535353535354,0.259640370023906,0.01,8,5,1
0.5303030303030303,0.003979185797367615,0.007800780078007799,0.01,8,6,3
0.8217054263565892,0.006127450980392157,0.011788977306218687,0.01,8,6,2
0.6666666666666666,0.0,0.0,0.01,8,6,4
0.6666666666666666,0.0,0.0,0.01,8,6,5
0.419831223628692,0.35353535353535354,0.259640370023906,0.01,8,6,1
0.6666666666666666,0.0,0.0,0.01,8,7,5
0.6666666666666666,0.0,0.0,0.01,8,7,4
0.8217054263565892,0.006127450980392157,0.011788977306218687,0.01,8,7,2
0.5303030303030303,0.003979185797367615,0.007800780078007799,0.01,8,7,3
0.5303030303030303,0.003979185797367615,0.007800780078007799,0.01,8,8,3
0.4248826291079812,0.35168501835168503,0.2564901349948079,0.01,8,7,1
0.6666666666666666,0.0,0.0,0.01,8,8,5
0.8217054263565892,0.006127450980392157,0.011788977306218687,0.01,8,8,2
0.6666666666666666,0.0,0.0,0.01,8,8,4
0.5277777777777778,0.002125075895567699,0.004204204204204204,0.01,8,9,3
0.6666666666666666,0.0,0.0,0.01,8,9,4
0.8266666666666667,0.0036231884057971015,0.007085916740478299,0.01,8,9,2
0.4248826291079812,0.35168501835168503,0.2564901349948079,0.01,8,8,1
0.6666666666666666,0.0,0.0,0.01,8,9,5
0.4114583333333333,0.3487078835459601,0.25115420129270544,0.01,8,9,1
0.5277777777777778,0.002125075895567699,0.004204204204204204,0.01,8,10,3
0.8266666666666667,0.0036231884057971015,0.007085916740478299,0.01,8,10,2
0.6666666666666666,0.0,0.0,0.01,8,10,4
0.6666666666666666,0.0,0.0,0.01,8,10,5
0.4114583333333333,0.3487078835459601,0.25115420129270544,0.01,8,10,1
0.5277777777777778,0.002125075895567699,0.004204204204204204,0.01,8,11,3
0.6666666666666666,0.0,0.0,0.01,8,11,4
0.8266666666666667,0.0036231884057971015,0.007085916740478299,0.01,8,11,2
0.6666666666666666,0.0,0.0,0.01,8,11,5
0.4080459770114942,0.34684684684684686,0.24781637213081453,0.01,8,11,1
0.5303030303030303,0.003979185797367615,0.007800780078007799,0.01,9,1,3
0.6666666666666666,0.0,0.0,0.01,9,1,4
0.6666666666666666,0.0,0.0,0.01,9,1,5
0.84375,0.005198776758409786,0.010101010101010102,0.01,9,1,2
0.6666666666666666,0.0,0.0,0.01,9,2,4
0.5925925925925926,0.34945705824284307,0.36369268897149937,0.01,9,1,1
0.5303030303030303,0.003979185797367615,0.007800780078007799,0.01,9,2,3
0.6666666666666666,0.0,0.0,0.01,9,2,5
0.84375,0.005198776758409786,0.010101010101010102,0.01,9,2,2
0.5303030303030303,0.003979185797367615,0.007800780078007799,0.01,9,3,3
0.5925925925925926,0.34945705824284307,0.36369268897149937,0.01,9,2,1
0.6666666666666666,0.0,0.0,0.01,9,3,4
0.6666666666666666,0.0,0.0,0.01,9,3,5
0.84375,0.005198776758409786,0.010101010101010102,0.01,9,3,2
0.4234972677595628,0.3486928104575164,0.25120772946859904,0.01,9,3,1
0.5303030303030303,0.003979185797367615,0.007800780078007799,0.01,9,4,3
0.84375,0.005198776758409786,0.010101010101010102,0.01,9,4,2
0.6666666666666666,0.0,0.0,0.01,9,4,4
0.6666666666666666,0.0,0.0,0.01,9,4,5
0.4234972677595628,0.3486928104575164,0.25120772946859904,0.01,9,4,1
0.5303030303030303,0.003979185797367615,0.007800780078007799,0.01,9,5,3
0.6666666666666666,0.0,0.0,0.01,9,5,4
0.8055555555555557,0.0030248033877797943,0.005920663114268799,0.01,9,5,2
0.6666666666666666,0.0,0.0,0.01,9,5,5
0.5303030303030303,0.003979185797367615,0.007800780078007799,0.01,9,6,3
0.4080459770114942,0.3471128608923884,0.2482929857231533,0.01,9,5,1
0.6666666666666666,0.0,0.0,0.01,9,6,5
0.6666666666666666,0.0,0.0,0.01,9,6,4
0.8055555555555557,0.0030248033877797943,0.005920663114268799,0.01,9,6,2
0.4080459770114942,0.3471128608923884,0.2482929857231533,0.01,9,6,1
0.5303030303030303,0.003979185797367615,0.007800780078007799,0.01,9,7,3
0.6666666666666666,0.0,0.0,0.01,9,7,5
0.8055555555555557,0.0030248033877797943,0.005920663114268799,0.01,9,7,2
0.6666666666666666,0.0,0.0,0.01,9,7,4
0.5303030303030303,0.003979185797367615,0.007800780078007799,0.01,9,8,3
0.4166666666666667,0.34605348988910634,0.24643078833022966,0.01,9,7,1
0.8055555555555557,0.0030248033877797943,0.005920663114268799,0.01,9,8,2
0.6666666666666666,0.0,0.0,0.01,9,8,5
0.6666666666666666,0.0,0.0,0.01,9,8,4
0.4166666666666667,0.34605348988910634,0.24643078833022966,0.01,9,8,1
0.5277777777777778,0.002125075895567699,0.004204204204204204,0.01,9,9,3
0.6666666666666666,0.0,0.0,0.01,9,9,4
0.8222222222222223,0.00210589651022864,0.004155535767289997,0.01,9,9,2
0.6666666666666666,0.0,0.0,0.01,9,9,5
0.39393939393939387,0.3429210610418664,0.24062148625166102,0.01,9,9,1
0.5277777777777778,0.002125075895567699,0.004204204204204204,0.01,9,10,3
0.8222222222222223,0.00210589651022864,0.004155535767289997,0.01,9,10,2
0.6666666666666666,0.0,0.0,0.01,9,10,5
0.6666666666666666,0.0,0.0,0.01,9,10,4
0.5277777777777778,0.002125075895567699,0.004204204204204204,0.01,9,11,3
0.39393939393939387,0.3429210610418664,0.24062148625166102,0.01,9,10,1
0.6666666666666666,0.0,0.0,0.01,9,11,4
0.8222222222222223,0.00210589651022864,0.004155535767289997,0.01,9,11,2
0.6666666666666666,0.0,0.0,0.01,9,11,5
0.5303030303030303,0.003979185797367615,0.007800780078007799,0.01,10,1,3
0.84375,0.005198776758409786,0.010101010101010102,0.01,10,1,2
0.3859649122807018,0.34118016321406147,0.23737373737373735,0.01,9,11,1
0.6666666666666666,0.0,0.0,0.01,10,1,5
0.6666666666666666,0.0,0.0,0.01,10,1,4
0.5925925925925926,0.34945705824284307,0.36369268897149937,0.01,10,1,1
0.5303030303030303,0.003979185797367615,0.007800780078007799,0.01,10,2,3
0.6666666666666666,0.0,0.0,0.01,10,2,4
0.84375,0.005198776758409786,0.010101010101010102,0.01,10,2,2
0.6666666666666666,0.0,0.0,0.01,10,2,5
0.5925925925925926,0.34945705824284307,0.36369268897149937,0.01,10,2,1
0.5303030303030303,0.003979185797367615,0.007800780078007799,0.01,10,3,3
0.84375,0.005198776758409786,0.010101010101010102,0.01,10,3,2
0.6666666666666666,0.0,0.0,0.01,10,3,4
0.6666666666666666,0.0,0.0,0.01,10,3,5
0.4234972677595628,0.3486928104575164,0.25120772946859904,0.01,10,3,1
0.5303030303030303,0.003979185797367615,0.007800780078007799,0.01,10,4,3
0.84375,0.005198776758409786,0.010101010101010102,0.01,10,4,2
0.6666666666666666,0.0,0.0,0.01,10,4,4
0.6666666666666666,0.0,0.0,0.01,10,4,5
0.5303030303030303,0.003979185797367615,0.007800780078007799,0.01,10,5,3
0.4234972677595628,0.3486928104575164,0.25120772946859904,0.01,10,4,1
0.6666666666666666,0.0,0.0,0.01,10,5,5
0.8055555555555557,0.0030248033877797943,0.005920663114268799,0.01,10,5,2
0.6666666666666666,0.0,0.0,0.01,10,5,4
0.4080459770114942,0.3471128608923884,0.2482929857231533,0.01,10,5,1
0.6666666666666666,0.0,0.0,0.01,10,6,4
0.5303030303030303,0.003979185797367615,0.007800780078007799,0.01,10,6,3
0.8055555555555557,0.0030248033877797943,0.005920663114268799,0.01,10,6,2
0.6666666666666666,0.0,0.0,0.01,10,6,5
0.6666666666666666,0.0,0.0,0.01,10,7,4
0.4080459770114942,0.3471128608923884,0.2482929857231533,0.01,10,6,1
0.8055555555555557,0.0030248033877797943,0.005920663114268799,0.01,10,7,2
0.5303030303030303,0.003979185797367615,0.007800780078007799,0.01,10,7,3
0.6666666666666666,0.0,0.0,0.01,10,7,5
0.4166666666666667,0.34605348988910634,0.24643078833022966,0.01,10,7,1
0.5303030303030303,0.003979185797367615,0.007800780078007799,0.01,10,8,3
0.6666666666666666,0.0,0.0,0.01,10,8,4
0.8055555555555557,0.0030248033877797943,0.005920663114268799,0.01,10,8,2
0.6666666666666666,0.0,0.0,0.01,10,8,5
0.4166666666666667,0.34605348988910634,0.24643078833022966,0.01,10,8,1
0.6666666666666666,0.0,0.0,0.01,10,9,5
0.6666666666666666,0.0,0.0,0.01,10,9,4
0.5277777777777778,0.002125075895567699,0.004204204204204204,0.01,10,9,3
0.8222222222222223,0.00210589651022864,0.004155535767289997,0.01,10,9,2
0.5277777777777778,0.002125075895567699,0.004204204204204204,0.01,10,10,3
0.6666666666666666,0.0,0.0,0.01,10,10,4
0.6666666666666666,0.0,0.0,0.01,10,10,5
0.39393939393939387,0.3429210610418664,0.24062148625166102,0.01,10,9,1
0.8222222222222223,0.00210589651022864,0.004155535767289997,0.01,10,10,2
0.39393939393939387,0.3429210610418664,0.24062148625166102,0.01,10,10,1
0.5277777777777778,0.002125075895567699,0.004204204204204204,0.01,10,11,3
0.8222222222222223,0.00210589651022864,0.004155535767289997,0.01,10,11,2
0.6666666666666666,0.0,0.0,0.01,10,11,4
0.6666666666666666,0.0,0.0,0.01,10,11,5
0.3859649122807018,0.34118016321406147,0.23737373737373735,0.01,10,11,1
0.6666666666666666,0.0,0.0,0.01,11,1,4
0.5303030303030303,0.003979185797367615,0.007800780078007799,0.01,11,1,3
0.84375,0.005198776758409786,0.010101010101010102,0.01,11,1,2
0.6666666666666666,0.0,0.0,0.01,11,1,5
0.6011904761904762,0.34801043705153295,0.3611626468769326,0.01,11,1,1
0.6666666666666666,0.0,0.0,0.01,11,2,4
0.5303030303030303,0.003979185797367615,0.007800780078007799,0.01,11,2,3
0.84375,0.005198776758409786,0.010101010101010102,0.01,11,2,2
0.6666666666666666,0.0,0.0,0.01,11,2,5
0.6011904761904762,0.34801043705153295,0.3611626468769326,0.01,11,2,1
0.6666666666666666,0.0,0.0,0.01,11,3,4
0.5303030303030303,0.003979185797367615,0.007800780078007799,0.01,11,3,3
0.6666666666666666,0.0,0.0,0.01,11,3,5
0.84375,0.005198776758409786,0.010101010101010102,0.01,11,3,2
0.6666666666666666,0.0,0.0,0.01,11,4,5
0.6666666666666666,0.0,0.0,0.01,11,4,4
0.43333333333333335,0.34764227642276424,0.2493827160493827,0.01,11,3,1
0.5303030303030303,0.003979185797367615,0.007800780078007799,0.01,11,4,3
0.84375,0.005198776758409786,0.010101010101010102,0.01,11,4,2
0.43333333333333335,0.34764227642276424,0.2493827160493827,0.01,11,4,1
0.5303030303030303,0.003979185797367615,0.007800780078007799,0.01,11,5,3
0.8055555555555557,0.0030248033877797943,0.005920663114268799,0.01,11,5,2
0.6666666666666666,0.0,0.0,0.01,11,5,4
0.6666666666666666,0.0,0.0,0.01,11,5,5
0.40740740740740744,0.34606594841658506,0.24640826873385013,0.01,11,5,1
0.8055555555555557,0.0030248033877797943,0.005920663114268799,0.01,11,6,2
0.5303030303030303,0.003979185797367615,0.007800780078007799,0.01,11,6,3
0.6666666666666666,0.0,0.0,0.01,11,6,4
0.6666666666666666,0.0,0.0,0.01,11,6,5
0.40740740740740744,0.34606594841658506,0.24640826873385013,0.01,11,6,1
0.6666666666666666,0.0,0.0,0.01,11,7,4
0.6666666666666666,0.0,0.0,0.01,11,7,5
0.5303030303030303,0.003979185797367615,0.007800780078007799,0.01,11,7,3
0.8055555555555557,0.0030248033877797943,0.005920663114268799,0.01,11,7,2
0.42,0.3456669912366115,0.24574435159393374,0.01,11,7,1
0.5303030303030303,0.003979185797367615,0.007800780078007799,0.01,11,8,3
0.6666666666666666,0.0,0.0,0.01,11,8,5
0.6666666666666666,0.0,0.0,0.01,11,8,4
0.8055555555555557,0.0030248033877797943,0.005920663114268799,0.01,11,8,2
0.8222222222222223,0.00210589651022864,0.004155535767289997,0.01,11,9,2
0.42,0.3456669912366115,0.24574435159393374,0.01,11,8,1
0.5277777777777778,0.002125075895567699,0.004204204204204204,0.01,11,9,3
0.6666666666666666,0.0,0.0,0.01,11,9,4
0.6666666666666666,0.0,0.0,0.01,11,9,5
0.5277777777777778,0.002125075895567699,0.004204204204204204,0.01,11,10,3
0.6666666666666666,0.0,0.0,0.01,11,10,4
0.3968253968253968,0.342557251908397,0.23995922528032618,0.01,11,9,1
0.8222222222222223,0.00210589651022864,0.004155535767289997,0.01,11,10,2
0.6666666666666666,0.0,0.0,0.01,11,10,5
0.3968253968253968,0.342557251908397,0.23995922528032618,0.01,11,10,1
0.5277777777777778,0.002125075895567699,0.004204204204204204,0.01,11,11,3
0.6666666666666666,0.0,0.0,0.01,11,11,4
0.8222222222222223,0.00210589651022864,0.004155535767289997,0.01,11,11,2
0.6666666666666666,0.0,0.0,0.01,11,11,5
0.38888888888888884,0.3408309903155264,0.23672811524126117,0.01,11,11,1
0.5303030303030303,0.003979185797367615,0.007800780078007799,0.01,12,1,3
0.6666666666666666,0.0,0.0,0.01,12,1,4
0.84375,0.005198776758409786,0.010101010101010102,0.01,12,1,2
0.6666666666666666,0.0,0.0,0.01,12,1,5
0.6011904761904762,0.34801043705153295,0.3611626468769326,0.01,12,1,1
0.5303030303030303,0.003979185797367615,0.007800780078007799,0.01,12,2,3
0.84375,0.005198776758409786,0.010101010101010102,0.01,12,2,2
0.6666666666666666,0.0,0.0,0.01,12,2,5
0.6666666666666666,0.0,0.0,0.01,12,2,4
0.5303030303030303,0.003979185797367615,0.007800780078007799,0.01,12,3,3
0.6011904761904762,0.34801043705153295,0.3611626468769326,0.01,12,2,1
0.6666666666666666,0.0,0.0,0.01,12,3,4
0.6666666666666666,0.0,0.0,0.01,12,3,5
0.84375,0.005198776758409786,0.010101010101010102,0.01,12,3,2
0.5303030303030303,0.003979185797367615,0.007800780078007799,0.01,12,4,3
0.43333333333333335,0.34764227642276424,0.2493827160493827,0.01,12,3,1
0.84375,0.005198776758409786,0.010101010101010102,0.01,12,4,2
0.6666666666666666,0.0,0.0,0.01,12,4,5
0.6666666666666666,0.0,0.0,0.01,12,4,4
0.43333333333333335,0.34764227642276424,0.2493827160493827,0.01,12,4,1
0.8055555555555557,0.0030248033877797943,0.005920663114268799,0.01,12,5,2
0.5303030303030303,0.003979185797367615,0.007800780078007799,0.01,12,5,3
0.6666666666666666,0.0,0.0,0.01,12,5,4
0.6666666666666666,0.0,0.0,0.01,12,5,5
0.40740740740740744,0.34606594841658506,0.24640826873385013,0.01,12,5,1
0.8055555555555557,0.0030248033877797943,0.005920663114268799,0.01,12,6,2
0.6666666666666666,0.0,0.0,0.01,12,6,4
0.6666666666666666,0.0,0.0,0.01,12,6,5
0.5303030303030303,0.003979185797367615,0.007800780078007799,0.01,12,6,3
0.40740740740740744,0.34606594841658506,0.24640826873385013,0.01,12,6,1
0.5303030303030303,0.003979185797367615,0.007800780078007799,0.01,12,7,3
0.6666666666666666,0.0,0.0,0.01,12,7,5
0.6666666666666666,0.0,0.0,0.01,12,7,4
0.8055555555555557,0.0030248033877797943,0.005920663114268799,0.01,12,7,2
0.5303030303030303,0.003979185797367615,0.007800780078007799,0.01,12,8,3
0.8055555555555557,0.0030248033877797943,0.005920663114268799,0.01,12,8,2
0.6666666666666666,0.0,0.0,0.01,12,8,4
0.42,0.3456669912366115,0.24574435159393374,0.01,12,7,1
0.6666666666666666,0.0,0.0,0.01,12,8,5
0.42,0.3456669912366115,0.24574435159393374,0.01,12,8,1
0.5277777777777778,0.002125075895567699,0.004204204204204204,0.01,12,9,3
0.8222222222222223,0.00210589651022864,0.004155535767289997,0.01,12,9,2
0.6666666666666666,0.0,0.0,0.01,12,9,4
0.6666666666666666,0.0,0.0,0.01,12,9,5
0.3968253968253968,0.342557251908397,0.23995922528032618,0.01,12,9,1
0.5277777777777778,0.002125075895567699,0.004204204204204204,0.01,12,10,3
0.6666666666666666,0.0,0.0,0.01,12,10,4
0.8222222222222223,0.00210589651022864,0.004155535767289997,0.01,12,10,2
0.6666666666666666,0.0,0.0,0.01,12,10,5
0.3968253968253968,0.342557251908397,0.23995922528032618,0.01,12,10,1
0.5277777777777778,0.002125075895567699,0.004204204204204204,0.01,12,11,3
0.6666666666666666,0.0,0.0,0.01,12,11,4
0.8222222222222223,0.00210589651022864,0.004155535767289997,0.01,12,11,2
0.6666666666666666,0.0,0.0,0.01,12,11,5
0.38888888888888884,0.3408309903155264,0.23672811524126117,0.01,12,11,1
0.6666666666666666,0.0,0.0,0.01,13,1,4
0.6666666666666666,0.0,0.0,0.01,13,1,5
0.5303030303030303,0.003979185797367615,0.007800780078007799,0.01,13,1,3
0.84375,0.005198776758409786,0.010101010101010102,0.01,13,1,2
0.5303030303030303,0.003979185797367615,0.007800780078007799,0.01,13,2,3
0.9302325581395349,0.3442203009926353,0.3542435424354244,0.01,13,1,1
0.6666666666666666,0.0,0.0,0.01,13,2,5
0.6666666666666666,0.0,0.0,0.01,13,2,4
0.84375,0.005198776758409786,0.010101010101010102,0.01,13,2,2
0.9302325581395349,0.3442203009926353,0.3542435424354244,0.01,13,2,1
0.5303030303030303,0.003979185797367615,0.007800780078007799,0.01,13,3,3
0.6666666666666666,0.0,0.0,0.01,13,3,4
0.84375,0.005198776758409786,0.010101010101010102,0.01,13,3,2
0.6666666666666666,0.0,0.0,0.01,13,3,5
0.9361702127659575,0.3455716586151369,0.3567467652495379,0.01,13,3,1
0.5303030303030303,0.003979185797367615,0.007800780078007799,0.01,13,4,3
0.84375,0.005198776758409786,0.010101010101010102,0.01,13,4,2
0.6666666666666666,0.0,0.0,0.01,13,4,4
0.6666666666666666,0.0,0.0,0.01,13,4,5
0.9361702127659575,0.3455716586151369,0.3567467652495379,0.01,13,4,1
0.5303030303030303,0.003979185797367615,0.007800780078007799,0.01,13,5,3
0.8055555555555557,0.0030248033877797943,0.005920663114268799,0.01,13,5,2
0.6666666666666666,0.0,0.0,0.01,13,5,4
0.6666666666666666,0.0,0.0,0.01,13,5,5
0.9090909090909092,0.34361941497910636,0.353068146777675,0.01,13,5,1
0.5303030303030303,0.003979185797367615,0.007800780078007799,0.01,13,6,3
0.8055555555555557,0.0030248033877797943,0.005920663114268799,0.01,13,6,2
0.6666666666666666,0.0,0.0,0.01,13,6,5
0.6666666666666666,0.0,0.0,0.01,13,6,4
0.5303030303030303,0.003979185797367615,0.007800780078007799,0.01,13,7,3
0.9090909090909092,0.34361941497910636,0.353068146777675,0.01,13,6,1
0.6666666666666666,0.0,0.0,0.01,13,7,4
0.8055555555555557,0.0030248033877797943,0.005920663114268799,0.01,13,7,2
0.6666666666666666,0.0,0.0,0.01,13,7,5
0.9316239316239315,0.34323116219667943,0.3524161280393967,0.01,13,7,1
0.6666666666666666,0.0,0.0,0.01,13,8,4
0.5303030303030303,0.003979185797367615,0.007800780078007799,0.01,13,8,3
0.6666666666666666,0.0,0.0,0.01,13,8,5
0.8055555555555557,0.0030248033877797943,0.005920663114268799,0.01,13,8,2
0.9316239316239315,0.34323116219667943,0.3524161280393967,0.01,13,8,1
0.6666666666666666,0.0,0.0,0.01,13,9,4
0.5277777777777778,0.002125075895567699,0.004204204204204204,0.01,13,9,3
0.6666666666666666,0.0,0.0,0.01,13,9,5
0.8222222222222223,0.00210589651022864,0.004155535767289997,0.01,13,9,2
0.5656565656565656,0.3405524168236032,0.34733637747336377,0.01,13,9,1
0.5277777777777778,0.002125075895567699,0.004204204204204204,0.01,13,10,3
0.6666666666666666,0.0,0.0,0.01,13,10,4
0.8222222222222223,0.00210589651022864,0.004155535767289997,0.01,13,10,2
0.6666666666666666,0.0,0.0,0.01,13,10,5
0.5656565656565656,0.3405524168236032,0.34733637747336377,0.01,13,10,1
0.5277777777777778,0.002125075895567699,0.004204204204204204,0.01,13,11,3
0.6666666666666666,0.0,0.0,0.01,13,11,4
0.6666666666666666,0.0,0.0,0.01,13,11,5
0.8222222222222223,0.00210589651022864,0.004155535767289997,0.01,13,11,2
0.5303030303030303,0.003979185797367615,0.007800780078007799,0.01,14,1,3
0.5555555555555555,0.3388837496145544,0.34416365824308065,0.01,13,11,1
0.84375,0.005198776758409786,0.010101010101010102,0.01,14,1,2
0.6666666666666666,0.0,0.0,0.01,14,1,4
0.6666666666666666,0.0,0.0,0.01,14,1,5
0.9302325581395349,0.3442203009926353,0.3542435424354244,0.01,14,1,1
0.5303030303030303,0.003979185797367615,0.007800780078007799,0.01,14,2,3
0.84375,0.005198776758409786,0.010101010101010102,0.01,14,2,2
0.6666666666666666,0.0,0.0,0.01,14,2,5
0.6666666666666666,0.0,0.0,0.01,14,2,4
0.9302325581395349,0.3442203009926353,0.3542435424354244,0.01,14,2,1
0.5303030303030303,0.003979185797367615,0.007800780078007799,0.01,14,3,3
0.6666666666666666,0.0,0.0,0.01,14,3,5
0.84375,0.005198776758409786,0.010101010101010102,0.01,14,3,2
0.6666666666666666,0.0,0.0,0.01,14,3,4
0.5303030303030303,0.003979185797367615,0.007800780078007799,0.01,14,4,3
0.9361702127659575,0.3455716586151369,0.3567467652495379,0.01,14,3,1
0.84375,0.005198776758409786,0.010101010101010102,0.01,14,4,2
0.6666666666666666,0.0,0.0,0.01,14,4,4
0.6666666666666666,0.0,0.0,0.01,14,4,5
0.5303030303030303,0.003979185797367615,0.007800780078007799,0.01,14,5,3
0.9361702127659575,0.3455716586151369,0.3567467652495379,0.01,14,4,1
0.8055555555555557,0.0030248033877797943,0.005920663114268799,0.01,14,5,2
0.6666666666666666,0.0,0.0,0.01,14,5,4
0.6666666666666666,0.0,0.0,0.01,14,5,5
0.9090909090909092,0.34361941497910636,0.353068146777675,0.01,14,5,1
0.5303030303030303,0.003979185797367615,0.007800780078007799,0.01,14,6,3
0.8055555555555557,0.0030248033877797943,0.005920663114268799,0.01,14,6,2
0.6666666666666666,0.0,0.0,0.01,14,6,4
0.6666666666666666,0.0,0.0,0.01,14,6,5
0.9090909090909092,0.34361941497910636,0.353068146777675,0.01,14,6,1
0.8055555555555557,0.0030248033877797943,0.005920663114268799,0.01,14,7,2
0.6666666666666666,0.0,0.0,0.01,14,7,4
0.5303030303030303,0.003979185797367615,0.007800780078007799,0.01,14,7,3
0.6666666666666666,0.0,0.0,0.01,14,7,5
0.9316239316239315,0.34323116219667943,0.3524161280393967,0.01,14,7,1
0.5303030303030303,0.003979185797367615,0.007800780078007799,0.01,14,8,3
0.8055555555555557,0.0030248033877797943,0.005920663114268799,0.01,14,8,2
0.6666666666666666,0.0,0.0,0.01,14,8,4
0.6666666666666666,0.0,0.0,0.01,14,8,5
0.9316239316239315,0.34323116219667943,0.3524161280393967,0.01,14,8,1
0.6666666666666666,0.0,0.0,0.01,14,9,4
0.6666666666666666,0.0,0.0,0.01,14,9,5
0.5277777777777778,0.002125075895567699,0.004204204204204204,0.01,14,9,3
0.8222222222222223,0.00210589651022864,0.004155535767289997,0.01,14,9,2
0.5656565656565656,0.3405524168236032,0.34733637747336377,0.01,14,9,1
0.5277777777777778,0.002125075895567699,0.004204204204204204,0.01,14,10,3
0.6666666666666666,0.0,0.0,0.01,14,10,5
0.6666666666666666,0.0,0.0,0.01,14,10,4
0.8222222222222223,0.00210589651022864,0.004155535767289997,0.01,14,10,2
0.5656565656565656,0.3405524168236032,0.34733637747336377,0.01,14,10,1
0.5277777777777778,0.002125075895567699,0.004204204204204204,0.01,14,11,3
0.6666666666666666,0.0,0.0,0.01,14,11,4
0.6666666666666666,0.0,0.0,0.01,14,11,5
0.8222222222222223,0.00210589651022864,0.004155535767289997,0.01,14,11,2
0.5555555555555555,0.3388837496145544,0.34416365824308065,0.01,14,11,1
0.6666666666666666,0.0,0.0,0.01,15,1,4
0.6666666666666666,0.0,0.0,0.01,15,1,5
0.5303030303030303,0.003979185797367615,0.007800780078007799,0.01,15,1,3
0.84375,0.005198776758409786,0.010101010101010102,0.01,15,1,2
0.94017094017094,0.010226909555768616,0.019716574245224893,0.01,15,1,1
0.84375,0.005198776758409786,0.010101010101010102,0.01,15,2,2
0.6666666666666666,0.0,0.0,0.01,15,2,5
0.6666666666666666,0.0,0.0,0.01,15,2,4
0.5303030303030303,0.003979185797367615,0.007800780078007799,0.01,15,2,3
0.5303030303030303,0.003979185797367615,0.007800780078007799,0.01,15,3,3
0.94017094017094,0.010226909555768616,0.019716574245224893,0.01,15,2,1
0.6666666666666666,0.0,0.0,0.01,15,3,4
0.6666666666666666,0.0,0.0,0.01,15,3,5
0.84375,0.005198776758409786,0.010101010101010102,0.01,15,3,2
0.5303030303030303,0.003979185797367615,0.007800780078007799,0.01,15,4,3
0.9444444444444445,0.011217948717948718,0.021565003080714726,0.01,15,3,1
0.84375,0.005198776758409786,0.010101010101010102,0.01,15,4,2
0.6666666666666666,0.0,0.0,0.01,15,4,5
0.6666666666666666,0.0,0.0,0.01,15,4,4
0.9444444444444445,0.011217948717948718,0.021565003080714726,0.01,15,4,1
0.5303030303030303,0.003979185797367615,0.007800780078007799,0.01,15,5,3
0.6666666666666666,0.0,0.0,0.01,15,5,4
0.8055555555555557,0.0030248033877797943,0.005920663114268799,0.01,15,5,2
0.6666666666666666,0.0,0.0,0.01,15,5,5
0.9145299145299145,0.00927703134996801,0.01788467468393463,0.01,15,5,1
0.5303030303030303,0.003979185797367615,0.007800780078007799,0.01,15,6,3
0.8055555555555557,0.0030248033877797943,0.005920663114268799,0.01,15,6,2
0.6666666666666666,0.0,0.0,0.01,15,6,5
0.6666666666666666,0.0,0.0,0.01,15,6,4
0.9145299145299145,0.00927703134996801,0.01788467468393463,0.01,15,6,1
0.5303030303030303,0.003979185797367615,0.007800780078007799,0.01,15,7,3
0.6666666666666666,0.0,0.0,0.01,15,7,5
0.8055555555555557,0.0030248033877797943,0.005920663114268799,0.01,15,7,2
0.6666666666666666,0.0,0.0,0.01,15,7,4
0.5303030303030303,0.003979185797367615,0.007800780078007799,0.01,15,8,3
0.6666666666666666,0.0,0.0,0.01,15,8,5
0.942857142857143,0.009223918575063614,0.017851646660510926,0.01,15,7,1
0.6666666666666666,0.0,0.0,0.01,15,8,4
0.8055555555555557,0.0030248033877797943,0.005920663114268799,0.01,15,8,2
0.942857142857143,0.009223918575063614,0.017851646660510926,0.01,15,8,1
0.6666666666666666,0.0,0.0,0.01,15,9,4
0.5277777777777778,0.002125075895567699,0.004204204204204204,0.01,15,9,3
0.8222222222222223,0.00210589651022864,0.004155535767289997,0.01,15,9,2
0.6666666666666666,0.0,0.0,0.01,15,9,5
0.5777777777777778,0.006898714330511133,0.013418725221103996,0.01,15,9,1
0.5277777777777778,0.002125075895567699,0.004204204204204204,0.01,15,10,3
0.8222222222222223,0.00210589651022864,0.004155535767289997,0.01,15,10,2
0.6666666666666666,0.0,0.0,0.01,15,10,4
0.6666666666666666,0.0,0.0,0.01,15,10,5
0.5777777777777778,0.006898714330511133,0.013418725221103996,0.01,15,10,1
0.5277777777777778,0.002125075895567699,0.004204204204204204,0.01,15,11,3
0.6666666666666666,0.0,0.0,0.01,15,11,4
0.6666666666666666,0.0,0.0,0.01,15,11,5
0.8222222222222223,0.00210589651022864,0.004155535767289997,0.01,15,11,2
0.5303030303030303,0.003979185797367615,0.007800780078007799,0.01,16,1,3
0.56,0.005237215033887862,0.010237880156579346,0.01,15,11,1
0.6666666666666666,0.0,0.0,0.01,16,1,5
0.6666666666666666,0.0,0.0,0.01,16,1,4
0.84375,0.005198776758409786,0.010101010101010102,0.01,16,1,2
0.5303030303030303,0.003979185797367615,0.007800780078007799,0.01,16,2,3
0.94017094017094,0.010226909555768616,0.019716574245224893,0.01,16,1,1
0.84375,0.005198776758409786,0.010101010101010102,0.01,16,2,2
0.6666666666666666,0.0,0.0,0.01,16,2,4
0.6666666666666666,0.0,0.0,0.01,16,2,5
0.94017094017094,0.010226909555768616,0.019716574245224893,0.01,16,2,1
0.5303030303030303,0.003979185797367615,0.007800780078007799,0.01,16,3,3
0.6666666666666666,0.0,0.0,0.01,16,3,4
0.6666666666666666,0.0,0.0,0.01,16,3,5
0.84375,0.005198776758409786,0.010101010101010102,0.01,16,3,2
0.9444444444444445,0.011217948717948718,0.021565003080714726,0.01,16,3,1
0.5303030303030303,0.003979185797367615,0.007800780078007799,0.01,16,4,3
0.84375,0.005198776758409786,0.010101010101010102,0.01,16,4,2
0.6666666666666666,0.0,0.0,0.01,16,4,4
0.6666666666666666,0.0,0.0,0.01,16,4,5
0.9444444444444445,0.011217948717948718,0.021565003080714726,0.01,16,4,1
0.5303030303030303,0.003979185797367615,0.007800780078007799,0.01,16,5,3
0.6666666666666666,0.0,0.0,0.01,16,5,4
0.6666666666666666,0.0,0.0,0.01,16,5,5
0.8055555555555557,0.0030248033877797943,0.005920663114268799,0.01,16,5,2
0.5303030303030303,0.003979185797367615,0.007800780078007799,0.01,16,6,3
0.9145299145299145,0.00927703134996801,0.01788467468393463,0.01,16,5,1
0.8055555555555557,0.0030248033877797943,0.005920663114268799,0.01,16,6,2
0.6666666666666666,0.0,0.0,0.01,16,6,5
0.6666666666666666,0.0,0.0,0.01,16,6,4
0.5303030303030303,0.003979185797367615,0.007800780078007799,0.01,16,7,3
0.9145299145299145,0.00927703134996801,0.01788467468393463,0.01,16,6,1
0.6666666666666666,0.0,0.0,0.01,16,7,5
0.8055555555555557,0.0030248033877797943,0.005920663114268799,0.01,16,7,2
0.6666666666666666,0.0,0.0,0.01,16,7,4
0.5303030303030303,0.003979185797367615,0.007800780078007799,0.01,16,8,3
0.942857142857143,0.009223918575063614,0.017851646660510926,0.01,16,7,1
0.8055555555555557,0.0030248033877797943,0.005920663114268799,0.01,16,8,2
0.6666666666666666,0.0,0.0,0.01,16,8,4
0.6666666666666666,0.0,0.0,0.01,16,8,5
0.942857142857143,0.009223918575063614,0.017851646660510926,0.01,16,8,1
0.5277777777777778,0.002125075895567699,0.004204204204204204,0.01,16,9,3
0.6666666666666666,0.0,0.0,0.01,16,9,5
0.6666666666666666,0.0,0.0,0.01,16,9,4
0.8222222222222223,0.00210589651022864,0.004155535767289997,0.01,16,9,2
0.5777777777777778,0.006898714330511133,0.013418725221103996,0.01,16,9,1
0.5277777777777778,0.002125075895567699,0.004204204204204204,0.01,16,10,3
0.6666666666666666,0.0,0.0,0.01,16,10,4
0.6666666666666666,0.0,0.0,0.01,16,10,5
0.8222222222222223,0.00210589651022864,0.004155535767289997,0.01,16,10,2
0.5777777777777778,0.006898714330511133,0.013418725221103996,0.01,16,10,1
0.5277777777777778,0.002125075895567699,0.004204204204204204,0.01,16,11,3
0.6666666666666666,0.0,0.0,0.01,16,11,4
0.8222222222222223,0.00210589651022864,0.004155535767289997,0.01,16,11,2
0.6666666666666666,0.0,0.0,0.01,16,11,5
0.8181818181818182,0.0015055706112616681,0.002981514609421586,0.01,17,1,3
0.56,0.005237215033887862,0.010237880156579346,0.01,16,11,1
0.6666666666666666,0.0,0.0,0.01,17,1,5
0.6666666666666666,0.0,0.0,0.01,17,1,4
0.7948717948717948,0.0015001500150015003,0.002965599051008304,0.01,17,1,2
0.9743589743589745,0.007561436672967864,0.014760147601476014,0.01,17,1,1
0.8181818181818182,0.0015055706112616681,0.002981514609421586,0.01,17,2,3
0.7948717948717948,0.0015001500150015003,0.002965599051008304,0.01,17,2,2
0.6666666666666666,0.0,0.0,0.01,17,2,4
0.6666666666666666,0.0,0.0,0.01,17,2,5
0.9743589743589745,0.007561436672967864,0.014760147601476014,0.01,17,2,1
0.8181818181818182,0.0015055706112616681,0.002981514609421586,0.01,17,3,3
0.6666666666666666,0.0,0.0,0.01,17,3,4
0.6666666666666666,0.0,0.0,0.01,17,3,5
0.7948717948717948,0.0015001500150015003,0.002965599051008304,0.01,17,3,2
0.9761904761904763,0.008238276299112801,0.016049382716049384,0.01,17,3,1
0.8181818181818182,0.0015055706112616681,0.002981514609421586,0.01,17,4,3
0.6666666666666666,0.0,0.0,0.01,17,4,4
0.6666666666666666,0.0,0.0,0.01,17,4,5
0.7948717948717948,0.0015001500150015003,0.002965599051008304,0.01,17,4,2
0.8181818181818182,0.0015055706112616681,0.002981514609421586,0.01,17,5,3
0.9761904761904763,0.008238276299112801,0.016049382716049384,0.01,17,4,1
0.8181818181818182,0.0015001500150015003,0.0029708853238265003,0.01,17,5,2
0.6666666666666666,0.0,0.0,0.01,17,5,4
0.6666666666666666,0.0,0.0,0.01,17,5,5
0.8181818181818182,0.0015055706112616681,0.002981514609421586,0.01,17,6,3
0.9333333333333332,0.007575757575757576,0.014732965009208105,0.01,17,5,1
0.8181818181818182,0.0015001500150015003,0.0029708853238265003,0.01,17,6,2
0.6666666666666666,0.0,0.0,0.01,17,6,5
0.6666666666666666,0.0,0.0,0.01,17,6,4
0.9333333333333332,0.007575757575757576,0.014732965009208105,0.01,17,6,1
0.8181818181818182,0.0015055706112616681,0.002981514609421586,0.01,17,7,3
0.8181818181818182,0.0015001500150015003,0.0029708853238265003,0.01,17,7,2
0.6666666666666666,0.0,0.0,0.01,17,7,4
0.6666666666666666,0.0,0.0,0.01,17,7,5
0.9761904761904763,0.008222643896268185,0.016019716574245228,0.01,17,7,1
0.8181818181818182,0.0015055706112616681,0.002981514609421586,0.01,17,8,3
0.6666666666666666,0.0,0.0,0.01,17,8,4
0.8181818181818182,0.0015001500150015003,0.0029708853238265003,0.01,17,8,2
0.6666666666666666,0.0,0.0,0.01,17,8,5
0.9761904761904763,0.008222643896268185,0.016019716574245228,0.01,17,8,1
0.6666666666666666,0.0,0.0,0.01,17,9,4
0.875,0.0015096618357487923,0.0029976019184652283,0.01,17,9,3
0.8333333333333334,0.0008952551477170995,0.001780943900267142,0.01,17,9,2
0.6666666666666666,0.0,0.0,0.01,17,9,5
0.6666666666666666,0.0,0.0,0.01,17,10,4
0.6666666666666666,0.0,0.0,0.01,17,10,5
0.9305555555555555,0.005924540068599937,0.011588899054589813,0.01,17,9,1
0.875,0.0015096618357487923,0.0029976019184652283,0.01,17,10,3
0.8333333333333334,0.0008952551477170995,0.001780943900267142,0.01,17,10,2
0.9305555555555555,0.005924540068599937,0.011588899054589813,0.01,17,10,1
0.875,0.0015096618357487923,0.0029976019184652283,0.01,17,11,3
0.8333333333333334,0.0008952551477170995,0.001780943900267142,0.01,17,11,2
0.6666666666666666,0.0,0.0,0.01,17,11,4
0.6666666666666666,0.0,0.0,0.01,17,11,5
0.912280701754386,0.004293161606869059,0.008438818565400843,0.01,17,11,1
0.8181818181818182,0.0015055706112616681,0.002981514609421586,0.01,18,1,3
0.6666666666666666,0.0,0.0,0.01,18,1,4
0.7948717948717948,0.0015001500150015003,0.002965599051008304,0.01,18,1,2
0.6666666666666666,0.0,0.0,0.01,18,1,5
0.9743589743589745,0.007561436672967864,0.014760147601476014,0.01,18,1,1
0.8181818181818182,0.0015055706112616681,0.002981514609421586,0.01,18,2,3
0.6666666666666666,0.0,0.0,0.01,18,2,4
0.6666666666666666,0.0,0.0,0.01,18,2,5
0.7948717948717948,0.0015001500150015003,0.002965599051008304,0.01,18,2,2
0.8181818181818182,0.0015055706112616681,0.002981514609421586,0.01,18,3,3
0.9743589743589745,0.007561436672967864,0.014760147601476014,0.01,18,2,1
0.7948717948717948,0.0015001500150015003,0.002965599051008304,0.01,18,3,2
0.6666666666666666,0.0,0.0,0.01,18,3,5
0.6666666666666666,0.0,0.0,0.01,18,3,4
0.8181818181818182,0.0015055706112616681,0.002981514609421586,0.01,18,4,3
0.9761904761904763,0.008238276299112801,0.016049382716049384,0.01,18,3,1
0.6666666666666666,0.0,0.0,0.01,18,4,4
0.7948717948717948,0.0015001500150015003,0.002965599051008304,0.01,18,4,2
0.6666666666666666,0.0,0.0,0.01,18,4,5
0.9761904761904763,0.008238276299112801,0.016049382716049384,0.01,18,4,1
0.8181818181818182,0.0015055706112616681,0.002981514609421586,0.01,18,5,3
0.6666666666666666,0.0,0.0,0.01,18,5,5
0.6666666666666666,0.0,0.0,0.01,18,5,4
0.8181818181818182,0.0015001500150015003,0.0029708853238265003,0.01,18,5,2
0.8181818181818182,0.0015055706112616681,0.002981514609421586,0.01,18,6,3
0.9333333333333332,0.007575757575757576,0.014732965009208105,0.01,18,5,1
0.8181818181818182,0.0015001500150015003,0.0029708853238265003,0.01,18,6,2
0.6666666666666666,0.0,0.0,0.01,18,6,4
0.6666666666666666,0.0,0.0,0.01,18,6,5
0.9333333333333332,0.007575757575757576,0.014732965009208105,0.01,18,6,1
0.8181818181818182,0.0015001500150015003,0.0029708853238265003,0.01,18,7,2
0.6666666666666666,0.0,0.0,0.01,18,7,4
0.8181818181818182,0.0015055706112616681,0.002981514609421586,0.01,18,7,3
0.6666666666666666,0.0,0.0,0.01,18,7,5
0.8181818181818182,0.0015055706112616681,0.002981514609421586,0.01,18,8,3
0.6666666666666666,0.0,0.0,0.01,18,8,4
0.9761904761904763,0.008222643896268185,0.016019716574245228,0.01,18,7,1
0.8181818181818182,0.0015001500150015003,0.0029708853238265003,0.01,18,8,2
0.6666666666666666,0.0,0.0,0.01,18,8,5
0.875,0.0015096618357487923,0.0029976019184652283,0.01,18,9,3
0.9761904761904763,0.008222643896268185,0.016019716574245228,0.01,18,8,1
0.6666666666666666,0.0,0.0,0.01,18,9,4
0.8333333333333334,0.0008952551477170995,0.001780943900267142,0.01,18,9,2
0.6666666666666666,0.0,0.0,0.01,18,9,5
0.9305555555555555,0.005924540068599937,0.011588899054589813,0.01,18,9,1
0.875,0.0015096618357487923,0.0029976019184652283,0.01,18,10,3
0.8333333333333334,0.0008952551477170995,0.001780943900267142,0.01,18,10,2
0.6666666666666666,0.0,0.0,0.01,18,10,4
0.6666666666666666,0.0,0.0,0.01,18,10,5
0.9305555555555555,0.005924540068599937,0.011588899054589813,0.01,18,10,1
0.875,0.0015096618357487923,0.0029976019184652283,0.01,18,11,3
0.6666666666666666,0.0,0.0,0.01,18,11,4
0.8333333333333334,0.0008952551477170995,0.001780943900267142,0.01,18,11,2
0.6666666666666666,0.0,0.0,0.01,18,11,5
0.912280701754386,0.004293161606869059,0.008438818565400843,0.01,18,11,1
0.8181818181818182,0.0015055706112616681,0.002981514609421586,0.01,19,1,3
0.6666666666666666,0.0,0.0,0.01,19,1,4
0.6666666666666666,0.0,0.0,0.01,19,1,5
0.7948717948717948,0.0015001500150015003,0.002965599051008304,0.01,19,1,2
0.9848484848484849,0.006591337099811676,0.012915129151291517,0.01,19,1,1
0.7948717948717948,0.0015001500150015003,0.002965599051008304,0.01,19,2,2
0.8181818181818182,0.0015055706112616681,0.002981514609421586,0.01,19,2,3
0.6666666666666666,0.0,0.0,0.01,19,2,4
0.6666666666666666,0.0,0.0,0.01,19,2,5
0.9848484848484849,0.006591337099811676,0.012915129151291517,0.01,19,2,1
0.8181818181818182,0.0015055706112616681,0.002981514609421586,0.01,19,3,3
0.6666666666666666,0.0,0.0,0.01,19,3,4
0.6666666666666666,0.0,0.0,0.01,19,3,5
0.7948717948717948,0.0015001500150015003,0.002965599051008304,0.01,19,3,2
0.9861111111111112,0.007260101010101011,0.014197530864197533,0.01,19,3,1
0.8181818181818182,0.0015055706112616681,0.002981514609421586,0.01,19,4,3
0.7948717948717948,0.0015001500150015003,0.002965599051008304,0.01,19,4,2
0.6666666666666666,0.0,0.0,0.01,19,4,4
0.6666666666666666,0.0,0.0,0.01,19,4,5
0.9861111111111112,0.007260101010101011,0.014197530864197533,0.01,19,4,1
0.8181818181818182,0.0015055706112616681,0.002981514609421586,0.01,19,5,3
0.6666666666666666,0.0,0.0,0.01,19,5,5
0.6666666666666666,0.0,0.0,0.01,19,5,4
0.8181818181818182,0.0015001500150015003,0.0029708853238265003,0.01,19,5,2
0.8181818181818182,0.0015055706112616681,0.002981514609421586,0.01,19,6,3
0.9404761904761904,0.007253232418795333,0.0141321044546851,0.01,19,5,1
0.8181818181818182,0.0015001500150015003,0.0029708853238265003,0.01,19,6,2
0.6666666666666666,0.0,0.0,0.01,19,6,5
0.6666666666666666,0.0,0.0,0.01,19,6,4
0.9404761904761904,0.007253232418795333,0.0141321044546851,0.01,19,6,1
0.8181818181818182,0.0015055706112616681,0.002981514609421586,0.01,19,7,3
0.8181818181818182,0.0015001500150015003,0.0029708853238265003,0.01,19,7,2
0.6666666666666666,0.0,0.0,0.01,19,7,5
0.6666666666666666,0.0,0.0,0.01,19,7,4
0.8181818181818182,0.0015055706112616681,0.002981514609421586,0.01,19,8,3
0.8181818181818182,0.0015001500150015003,0.0029708853238265003,0.01,19,8,2
0.9866666666666667,0.007568590350047304,0.014787430683918669,0.01,19,7,1
0.6666666666666666,0.0,0.0,0.01,19,8,4
0.6666666666666666,0.0,0.0,0.01,19,8,5
0.9866666666666667,0.007568590350047304,0.014787430683918669,0.01,19,8,1
0.6666666666666666,0.0,0.0,0.01,19,9,4
0.6666666666666666,0.0,0.0,0.01,19,9,5
0.875,0.0015096618357487923,0.0029976019184652283,0.01,19,9,3
0.8333333333333334,0.0008952551477170995,0.001780943900267142,0.01,19,9,2
0.9523809523809524,0.0056022408963585435,0.010989010989010986,0.01,19,9,1
0.875,0.0015096618357487923,0.0029976019184652283,0.01,19,10,3
0.8333333333333334,0.0008952551477170995,0.001780943900267142,0.01,19,10,2
0.6666666666666666,0.0,0.0,0.01,19,10,5
0.6666666666666666,0.0,0.0,0.01,19,10,4
0.6666666666666666,0.0,0.0,0.01,19,11,4
0.6666666666666666,0.0,0.0,0.01,19,11,5
0.9523809523809524,0.0056022408963585435,0.010989010989010986,0.01,19,10,1
0.8333333333333334,0.0008952551477170995,0.001780943900267142,0.01,19,11,2
0.875,0.0015096618357487923,0.0029976019184652283,0.01,19,11,3
0.9259259259259259,0.004293161606869059,0.008446455505279034,0.01,19,11,1
0.8181818181818182,0.0015055706112616681,0.002981514609421586,0.01,20,1,3
0.6666666666666666,0.0,0.0,0.01,20,1,5
0.7948717948717948,0.0015001500150015003,0.002965599051008304,0.01,20,1,2
0.6666666666666666,0.0,0.0,0.01,20,1,4
0.9848484848484849,0.006591337099811676,0.012915129151291517,0.01,20,1,1
0.8181818181818182,0.0015055706112616681,0.002981514609421586,0.01,20,2,3
0.7948717948717948,0.0015001500150015003,0.002965599051008304,0.01,20,2,2
0.6666666666666666,0.0,0.0,0.01,20,2,5
0.6666666666666666,0.0,0.0,0.01,20,2,4
0.8181818181818182,0.0015055706112616681,0.002981514609421586,0.01,20,3,3
0.9848484848484849,0.006591337099811676,0.012915129151291517,0.01,20,2,1
0.6666666666666666,0.0,0.0,0.01,20,3,4
0.7948717948717948,0.0015001500150015003,0.002965599051008304,0.01,20,3,2
0.6666666666666666,0.0,0.0,0.01,20,3,5
0.9861111111111112,0.007260101010101011,0.014197530864197533,0.01,20,3,1
0.6666666666666666,0.0,0.0,0.01,20,4,4
0.6666666666666666,0.0,0.0,0.01,20,4,5
0.8181818181818182,0.0015055706112616681,0.002981514609421586,0.01,20,4,3
0.7948717948717948,0.0015001500150015003,0.002965599051008304,0.01,20,4,2
0.8181818181818182,0.0015055706112616681,0.002981514609421586,0.01,20,5,3
0.8181818181818182,0.0015001500150015003,0.0029708853238265003,0.01,20,5,2
0.6666666666666666,0.0,0.0,0.01,20,5,4
0.9861111111111112,0.007260101010101011,0.014197530864197533,0.01,20,4,1
0.6666666666666666,0.0,0.0,0.01,20,5,5
0.9404761904761904,0.007253232418795333,0.0141321044546851,0.01,20,5,1
0.6666666666666666,0.0,0.0,0.01,20,6,4
0.8181818181818182,0.0015055706112616681,0.002981514609421586,0.01,20,6,3
0.8181818181818182,0.0015001500150015003,0.0029708853238265003,0.01,20,6,2
0.6666666666666666,0.0,0.0,0.01,20,6,5
0.9404761904761904,0.007253232418795333,0.0141321044546851,0.01,20,6,1
0.8181818181818182,0.0015055706112616681,0.002981514609421586,0.01,20,7,3
0.6666666666666666,0.0,0.0,0.01,20,7,4
0.6666666666666666,0.0,0.0,0.01,20,7,5
0.8181818181818182,0.0015001500150015003,0.0029708853238265003,0.01,20,7,2
0.9866666666666667,0.007568590350047304,0.014787430683918669,0.01,20,7,1
0.8181818181818182,0.0015055706112616681,0.002981514609421586,0.01,20,8,3
0.6666666666666666,0.0,0.0,0.01,20,8,4
0.8181818181818182,0.0015001500150015003,0.0029708853238265003,0.01,20,8,2
0.6666666666666666,0.0,0.0,0.01,20,8,5
0.9866666666666667,0.007568590350047304,0.014787430683918669,0.01,20,8,1
0.875,0.0015096618357487923,0.0029976019184652283,0.01,20,9,3
0.6666666666666666,0.0,0.0,0.01,20,9,5
0.6666666666666666,0.0,0.0,0.01,20,9,4
0.8333333333333334,0.0008952551477170995,0.001780943900267142,0.01,20,9,2
0.875,0.0015096618357487923,0.0029976019184652283,0.01,20,10,3
0.9523809523809524,0.0056022408963585435,0.010989010989010986,0.01,20,9,1
0.6666666666666666,0.0,0.0,0.01,20,10,4
0.6666666666666666,0.0,0.0,0.01,20,10,5
0.8333333333333334,0.0008952551477170995,0.001780943900267142,0.01,20,10,2
0.9523809523809524,0.0056022408963585435,0.010989010989010986,0.01,20,10,1
0.6666666666666666,0.0,0.0,0.01,20,11,4
0.875,0.0015096618357487923,0.0029976019184652283,0.01,20,11,3
0.8333333333333334,0.0008952551477170995,0.001780943900267142,0.01,20,11,2
0.6666666666666666,0.0,0.0,0.01,20,11,5
0.9259259259259259,0.004293161606869059,0.008446455505279034,0.01,20,11,1
0.8181818181818182,0.0015055706112616681,0.002981514609421586,0.01,21,1,3
0.6666666666666666,0.0,0.0,0.01,21,1,4
0.8148148148148149,0.0011968880909634949,0.0023745918670228555,0.01,21,1,2
0.6666666666666666,0.0,0.0,0.01,21,1,5
0.9803921568627452,0.004947433518862091,0.00974124809741248,0.01,21,1,1
0.6666666666666666,0.0,0.0,0.01,21,2,4
0.8181818181818182,0.0015055706112616681,0.002981514609421586,0.01,21,2,3
0.8148148148148149,0.0011968880909634949,0.0023745918670228555,0.01,21,2,2
0.6666666666666666,0.0,0.0,0.01,21,2,5
0.9803921568627452,0.004947433518862091,0.00974124809741248,0.01,21,2,1
0.8181818181818182,0.0015055706112616681,0.002981514609421586,0.01,21,3,3
0.6666666666666666,0.0,0.0,0.01,21,3,4
0.8148148148148149,0.0011968880909634949,0.0023745918670228555,0.01,21,3,2
0.6666666666666666,0.0,0.0,0.01,21,3,5
0.9841269841269842,0.006259780907668232,0.01227747084100675,0.01,21,3,1
0.8181818181818182,0.0015055706112616681,0.002981514609421586,0.01,21,4,3
0.8148148148148149,0.0011968880909634949,0.0023745918670228555,0.01,21,4,2
0.6666666666666666,0.0,0.0,0.01,21,4,4
0.6666666666666666,0.0,0.0,0.01,21,4,5
0.9841269841269842,0.006259780907668232,0.01227747084100675,0.01,21,4,1
0.8571428571428571,0.0011968880909634949,0.002378828426999703,0.01,21,5,2
0.8181818181818182,0.0015055706112616681,0.002981514609421586,0.01,21,5,3
0.6666666666666666,0.0,0.0,0.01,21,5,5
0.6666666666666666,0.0,0.0,0.01,21,5,4
0.9358974358974358,0.006566604127579738,0.012820512820512822,0.01,21,5,1
0.8181818181818182,0.0015055706112616681,0.002981514609421586,0.01,21,6,3
0.6666666666666666,0.0,0.0,0.01,21,6,5
0.6666666666666666,0.0,0.0,0.01,21,6,4
0.8571428571428571,0.0011968880909634949,0.002378828426999703,0.01,21,6,2
0.9358974358974358,0.006566604127579738,0.012820512820512822,0.01,21,6,1
0.8181818181818182,0.0015055706112616681,0.002981514609421586,0.01,21,7,3
0.6666666666666666,0.0,0.0,0.01,21,7,5
0.6666666666666666,0.0,0.0,0.01,21,7,4
0.8571428571428571,0.0011968880909634949,0.002378828426999703,0.01,21,7,2
0.8571428571428571,0.0011968880909634949,0.002378828426999703,0.01,21,8,2
0.6666666666666666,0.0,0.0,0.01,21,8,4
0.9861111111111112,0.007219083490269931,0.014119091467157766,0.01,21,7,1
0.6666666666666666,0.0,0.0,0.01,21,8,5
0.8181818181818182,0.0015055706112616681,0.002981514609421586,0.01,21,8,3
0.875,0.0015096618357487923,0.0029976019184652283,0.01,21,9,3
0.8666666666666667,0.0008952551477170995,0.0017825311942959007,0.01,21,9,2
0.6666666666666666,0.0,0.0,0.01,21,9,4
0.6666666666666666,0.0,0.0,0.01,21,9,5
0.9861111111111112,0.007219083490269931,0.014119091467157766,0.01,21,8,1
0.9473684210526315,0.004956629491945477,0.00974124809741248,0.01,21,9,1
0.6666666666666666,0.0,0.0,0.01,21,10,5
0.8666666666666667,0.0008952551477170995,0.0017825311942959007,0.01,21,10,2
0.875,0.0015096618357487923,0.0029976019184652283,0.01,21,10,3
0.6666666666666666,0.0,0.0,0.01,21,10,4
0.875,0.0015096618357487923,0.0029976019184652283,0.01,21,11,3
0.8666666666666667,0.0008952551477170995,0.0017825311942959007,0.01,21,11,2
0.6666666666666666,0.0,0.0,0.01,21,11,4
0.9166666666666666,0.0036730945821854912,0.007239819004524886,0.01,21,11,1
0.9473684210526315,0.004956629491945477,0.00974124809741248,0.01,21,10,1
0.8181818181818182,0.0015055706112616681,0.002981514609421586,0.01,22,1,3
0.6666666666666666,0.0,0.0,0.01,21,11,5
0.6666666666666666,0.0,0.0,0.01,22,1,4
0.6666666666666666,0.0,0.0,0.01,22,2,4
0.6666666666666666,0.0,0.0,0.01,22,1,5
0.6666666666666666,0.0,0.0,0.01,22,2,5
0.9803921568627452,0.004947433518862091,0.00974124809741248,0.01,22,1,1
0.8181818181818182,0.0015055706112616681,0.002981514609421586,0.01,22,2,3
0.8148148148148149,0.0011968880909634949,0.0023745918670228555,0.01,22,1,2
0.8148148148148149,0.0011968880909634949,0.0023745918670228555,0.01,22,2,2
0.8181818181818182,0.0015055706112616681,0.002981514609421586,0.01,22,3,3
0.6666666666666666,0.0,0.0,0.01,22,3,4
0.8148148148148149,0.0011968880909634949,0.0023745918670228555,0.01,22,3,2
0.9841269841269842,0.006259780907668232,0.01227747084100675,0.01,22,3,1
0.6666666666666666,0.0,0.0,0.01,22,3,5
0.9803921568627452,0.004947433518862091,0.00974124809741248,0.01,22,2,1
0.8181818181818182,0.0015055706112616681,0.002981514609421586,0.01,22,4,3
0.8148148148148149,0.0011968880909634949,0.0023745918670228555,0.01,22,4,2
0.6666666666666666,0.0,0.0,0.01,22,4,4
0.6666666666666666,0.0,0.0,0.01,22,4,5
0.9841269841269842,0.006259780907668232,0.01227747084100675,0.01,22,4,1
0.8181818181818182,0.0015055706112616681,0.002981514609421586,0.01,22,5,3
0.6666666666666666,0.0,0.0,0.01,22,5,5
0.6666666666666666,0.0,0.0,0.01,22,5,4
0.8571428571428571,0.0011968880909634949,0.002378828426999703,0.01,22,5,2
0.9358974358974358,0.006566604127579738,0.012820512820512822,0.01,22,5,1
0.6666666666666666,0.0,0.0,0.01,22,6,4
0.6666666666666666,0.0,0.0,0.01,22,6,5
0.8181818181818182,0.0015055706112616681,0.002981514609421586,0.01,22,6,3
0.8571428571428571,0.0011968880909634949,0.002378828426999703,0.01,22,6,2
0.8181818181818182,0.0015055706112616681,0.002981514609421586,0.01,22,7,3
0.6666666666666666,0.0,0.0,0.01,22,7,4
0.9358974358974358,0.006566604127579738,0.012820512820512822,0.01,22,6,1
0.6666666666666666,0.0,0.0,0.01,22,7,5
0.8571428571428571,0.0011968880909634949,0.002378828426999703,0.01,22,7,2
0.6666666666666666,0.0,0.0,0.01,22,8,4
0.9861111111111112,0.007219083490269931,0.014119091467157766,0.01,22,7,1
0.6666666666666666,0.0,0.0,0.01,22,8,5
0.8181818181818182,0.0015055706112616681,0.002981514609421586,0.01,22,8,3
0.8571428571428571,0.0011968880909634949,0.002378828426999703,0.01,22,8,2
0.9861111111111112,0.007219083490269931,0.014119091467157766,0.01,22,8,1
0.875,0.0015096618357487923,0.0029976019184652283,0.01,22,9,3
0.8666666666666667,0.0008952551477170995,0.0017825311942959007,0.01,22,9,2
0.6666666666666666,0.0,0.0,0.01,22,9,4
0.6666666666666666,0.0,0.0,0.01,22,9,5
0.9473684210526315,0.004956629491945477,0.00974124809741248,0.01,22,9,1
0.6666666666666666,0.0,0.0,0.01,22,10,4
0.875,0.0015096618357487923,0.0029976019184652283,0.01,22,10,3
0.6666666666666666,0.0,0.0,0.01,22,10,5
0.8666666666666667,0.0008952551477170995,0.0017825311942959007,0.01,22,10,2
0.9473684210526315,0.004956629491945477,0.00974124809741248,0.01,22,10,1
0.6666666666666666,0.0,0.0,0.01,22,11,4
0.6666666666666666,0.0,0.0,0.01,22,11,5
0.875,0.0015096618357487923,0.0029976019184652283,0.01,22,11,3
0.8666666666666667,0.0008952551477170995,0.0017825311942959007,0.01,22,11,2
0.8181818181818182,0.0015055706112616681,0.002981514609421586,0.01,23,1,3
0.8148148148148149,0.0011968880909634949,0.0023745918670228555,0.01,23,1,2
0.9166666666666666,0.0036730945821854912,0.007239819004524886,0.01,22,11,1
0.6666666666666666,0.0,0.0,0.01,23,1,4
0.6666666666666666,0.0,0.0,0.01,23,1,5
0.9791666666666666,0.004629629629629629,0.009124087591240875,0.01,23,1,1
0.8181818181818182,0.0015055706112616681,0.002981514609421586,0.01,23,2,3
0.6666666666666666,0.0,0.0,0.01,23,2,4
0.6666666666666666,0.0,0.0,0.01,23,2,5
0.8148148148148149,0.0011968880909634949,0.0023745918670228555,0.01,23,2,2
0.9791666666666666,0.004629629629629629,0.009124087591240875,0.01,23,2,1
0.6666666666666666,0.0,0.0,0.01,23,3,4
0.8148148148148149,0.0011968880909634949,0.0023745918670228555,0.01,23,3,2
0.8181818181818182,0.0015055706112616681,0.002981514609421586,0.01,23,3,3
0.6666666666666666,0.0,0.0,0.01,23,3,5
0.9833333333333334,0.005941213258286429,0.011663597298956415,0.01,23,3,1
0.8181818181818182,0.0015055706112616681,0.002981514609421586,0.01,23,4,3
0.8148148148148149,0.0011968880909634949,0.0023745918670228555,0.01,23,4,2
0.6666666666666666,0.0,0.0,0.01,23,4,5
0.6666666666666666,0.0,0.0,0.01,23,4,4
0.9833333333333334,0.005941213258286429,0.011663597298956415,0.01,23,4,1
0.6666666666666666,0.0,0.0,0.01,23,5,4
0.6666666666666666,0.0,0.0,0.01,23,5,5
0.8181818181818182,0.0015055706112616681,0.002981514609421586,0.01,23,5,3
0.8571428571428571,0.0011968880909634949,0.002378828426999703,0.01,23,5,2
0.8181818181818182,0.0015055706112616681,0.002981514609421586,0.01,23,6,3
0.6666666666666666,0.0,0.0,0.01,23,6,4
0.6666666666666666,0.0,0.0,0.01,23,6,5
0.9305555555555555,0.005919003115264798,0.011578305911029861,0.01,23,5,1
0.8571428571428571,0.0011968880909634949,0.002378828426999703,0.01,23,6,2
0.8181818181818182,0.0015055706112616681,0.002981514609421586,0.01,23,7,3
0.9305555555555555,0.005919003115264798,0.011578305911029861,0.01,23,6,1
0.8571428571428571,0.0011968880909634949,0.002378828426999703,0.01,23,7,2
0.6666666666666666,0.0,0.0,0.01,23,7,4
0.6666666666666666,0.0,0.0,0.01,23,7,5
0.9848484848484849,0.006566604127579738,0.012867647058823527,0.01,23,7,1
0.8181818181818182,0.0015055706112616681,0.002981514609421586,0.01,23,8,3
0.8571428571428571,0.0011968880909634949,0.002378828426999703,0.01,23,8,2
0.6666666666666666,0.0,0.0,0.01,23,8,4
0.6666666666666666,0.0,0.0,0.01,23,8,5
0.9848484848484849,0.006566604127579738,0.012867647058823527,0.01,23,8,1
0.6666666666666666,0.0,0.0,0.01,23,9,4
0.875,0.0015096618357487923,0.0029976019184652283,0.01,23,9,3
0.8666666666666667,0.0008952551477170995,0.0017825311942959007,0.01,23,9,2
0.6666666666666666,0.0,0.0,0.01,23,9,5
0.875,0.0015096618357487923,0.0029976019184652283,0.01,23,10,3
0.9444444444444445,0.00463821892393321,0.009124087591240877,0.01,23,9,1
0.8666666666666667,0.0008952551477170995,0.0017825311942959007,0.01,23,10,2
0.6666666666666666,0.0,0.0,0.01,23,10,4
0.6666666666666666,0.0,0.0,0.01,23,10,5
0.875,0.0015096618357487923,0.0029976019184652283,0.01,23,11,3
0.9444444444444445,0.00463821892393321,0.009124087591240877,0.01,23,10,1
0.8666666666666667,0.0008952551477170995,0.0017825311942959007,0.01,23,11,2
0.6666666666666666,0.0,0.0,0.01,23,11,4
0.6666666666666666,0.0,0.0,0.01,23,11,5
0.9111111111111111,0.003360831041857623,0.006630500301386378,0.01,23,11,1
0.8181818181818182,0.0015055706112616681,0.002981514609421586,0.01,24,1,3
0.6666666666666666,0.0,0.0,0.01,24,1,4
0.8148148148148149,0.0011968880909634949,0.0023745918670228555,0.01,24,1,2
0.6666666666666666,0.0,0.0,0.01,24,1,5
0.9791666666666666,0.004629629629629629,0.009124087591240875,0.01,24,1,1
0.8181818181818182,0.0015055706112616681,0.002981514609421586,0.01,24,2,3
0.8148148148148149,0.0011968880909634949,0.0023745918670228555,0.01,24,2,2
0.6666666666666666,0.0,0.0,0.01,24,2,4
0.6666666666666666,0.0,0.0,0.01,24,2,5
0.9791666666666666,0.004629629629629629,0.009124087591240875,0.01,24,2,1
0.8181818181818182,0.0015055706112616681,0.002981514609421586,0.01,24,3,3
0.6666666666666666,0.0,0.0,0.01,24,3,5
0.8148148148148149,0.0011968880909634949,0.0023745918670228555,0.01,24,3,2
0.6666666666666666,0.0,0.0,0.01,24,3,4
0.8181818181818182,0.0015055706112616681,0.002981514609421586,0.01,24,4,3
0.6666666666666666,0.0,0.0,0.01,24,4,5
0.8148148148148149,0.0011968880909634949,0.0023745918670228555,0.01,24,4,2
0.6666666666666666,0.0,0.0,0.01,24,4,4
0.9833333333333334,0.005941213258286429,0.011663597298956415,0.01,24,3,1
0.9833333333333334,0.005941213258286429,0.011663597298956415,0.01,24,4,1
0.6666666666666666,0.0,0.0,0.01,24,5,4
0.8181818181818182,0.0015055706112616681,0.002981514609421586,0.01,24,5,3
0.6666666666666666,0.0,0.0,0.01,24,5,5
0.8571428571428571,0.0011968880909634949,0.002378828426999703,0.01,24,5,2
0.9305555555555555,0.005919003115264798,0.011578305911029861,0.01,24,5,1
0.8181818181818182,0.0015055706112616681,0.002981514609421586,0.01,24,6,3
0.8571428571428571,0.0011968880909634949,0.002378828426999703,0.01,24,6,2
0.6666666666666666,0.0,0.0,0.01,24,6,4
0.6666666666666666,0.0,0.0,0.01,24,6,5
0.9305555555555555,0.005919003115264798,0.011578305911029861,0.01,24,6,1
0.6666666666666666,0.0,0.0,0.01,24,7,4
0.8181818181818182,0.0015055706112616681,0.002981514609421586,0.01,24,7,3
0.8571428571428571,0.0011968880909634949,0.002378828426999703,0.01,24,7,2
0.6666666666666666,0.0,0.0,0.01,24,7,5
0.9848484848484849,0.006566604127579738,0.012867647058823527,0.01,24,7,1
0.8181818181818182,0.0015055706112616681,0.002981514609421586,0.01,24,8,3
0.6666666666666666,0.0,0.0,0.01,24,8,5
0.8571428571428571,0.0011968880909634949,0.002378828426999703,0.01,24,8,2
0.6666666666666666,0.0,0.0,0.01,24,8,4
0.875,0.0015096618357487923,0.0029976019184652283,0.01,24,9,3
0.9848484848484849,0.006566604127579738,0.012867647058823527,0.01,24,8,1
0.6666666666666666,0.0,0.0,0.01,24,9,4
0.8666666666666667,0.0008952551477170995,0.0017825311942959007,0.01,24,9,2
0.6666666666666666,0.0,0.0,0.01,24,9,5
0.875,0.0015096618357487923,0.0029976019184652283,0.01,24,10,3
0.9444444444444445,0.00463821892393321,0.009124087591240877,0.01,24,9,1
0.8666666666666667,0.0008952551477170995,0.0017825311942959007,0.01,24,10,2
0.6666666666666666,0.0,0.0,0.01,24,10,5
0.6666666666666666,0.0,0.0,0.01,24,10,4
0.9444444444444445,0.00463821892393321,0.009124087591240877,0.01,24,10,1
0.875,0.0015096618357487923,0.0029976019184652283,0.01,24,11,3
0.8666666666666667,0.0008952551477170995,0.0017825311942959007,0.01,24,11,2
0.6666666666666666,0.0,0.0,0.01,24,11,4
0.6666666666666666,0.0,0.0,0.01,24,11,5
0.06896551724137931,0.0018001800180018,0.003508771929824562,0.03666666666666667,1,1,3
0.9111111111111111,0.003360831041857623,0.006630500301386378,0.01,24,11,1
0.0851063829787234,0.007272727272727274,0.013400335008375211,0.03666666666666667,1,1,2
0.3333333333333333,0.0,0.0,0.03666666666666667,1,1,4
0.6666666666666666,0.0,0.0,0.03666666666666667,1,1,5
0.18202068416865555,0.3786741713570982,0.17620650953984288,0.03666666666666667,1,1,1
0.06896551724137931,0.0018001800180018,0.003508771929824562,0.03666666666666667,1,2,3
0.3333333333333333,0.0,0.0,0.03666666666666667,1,2,4
0.6666666666666666,0.0,0.0,0.03666666666666667,1,2,5
0.0851063829787234,0.007272727272727274,0.013400335008375211,0.03666666666666667,1,2,2
0.06896551724137931,0.0018001800180018,0.003508771929824562,0.03666666666666667,1,3,3
0.3333333333333333,0.0,0.0,0.03666666666666667,1,3,4
0.6666666666666666,0.0,0.0,0.03666666666666667,1,3,5
0.0851063829787234,0.007272727272727274,0.013400335008375211,0.03666666666666667,1,3,2
0.18202068416865555,0.3786741713570982,0.17620650953984288,0.03666666666666667,1,2,1
0.19376899696048633,0.36678944137507674,0.18468786808009421,0.03666666666666667,1,3,1
0.06896551724137931,0.0018001800180018,0.003508771929824562,0.03666666666666667,1,4,3
0.6666666666666666,0.0,0.0,0.03666666666666667,1,4,5
0.3333333333333333,0.0,0.0,0.03666666666666667,1,4,4
0.0851063829787234,0.007272727272727274,0.013400335008375211,0.03666666666666667,1,4,2
0.06896551724137931,0.0018001800180018,0.003508771929824562,0.03666666666666667,1,5,3
0.19376899696048633,0.36678944137507674,0.18468786808009421,0.03666666666666667,1,4,1
0.3333333333333333,0.0,0.0,0.03666666666666667,1,5,4
0.06944444444444445,0.004516711833785005,0.008481764206955048,0.03666666666666667,1,5,2
0.6666666666666666,0.0,0.0,0.03666666666666667,1,5,5
0.19609665427509293,0.36118763391490666,0.17800687285223368,0.03666666666666667,1,5,1
0.06896551724137931,0.0018001800180018,0.003508771929824562,0.03666666666666667,1,6,3
0.06944444444444445,0.004516711833785005,0.008481764206955048,0.03666666666666667,1,6,2
0.3333333333333333,0.0,0.0,0.03666666666666667,1,6,4
0.6666666666666666,0.0,0.0,0.03666666666666667,1,6,5
0.06896551724137931,0.0018001800180018,0.003508771929824562,0.03666666666666667,1,7,3
0.3333333333333333,0.0,0.0,0.03666666666666667,1,7,4
0.6666666666666666,0.0,0.0,0.03666666666666667,1,7,5
0.19609665427509293,0.36118763391490666,0.17800687285223368,0.03666666666666667,1,6,1
0.06944444444444445,0.004516711833785005,0.008481764206955048,0.03666666666666667,1,7,2
0.06896551724137931,0.0018001800180018,0.003508771929824562,0.03666666666666667,1,8,3
0.06944444444444445,0.004516711833785005,0.008481764206955048,0.03666666666666667,1,8,2
0.2235772357723577,0.3586923311946227,0.20805285464971326,0.03666666666666667,1,7,1
0.3333333333333333,0.0,0.0,0.03666666666666667,1,8,4
0.6666666666666666,0.0,0.0,0.03666666666666667,1,8,5
0.2235772357723577,0.3586923311946227,0.20805285464971326,0.03666666666666667,1,8,1
0.08974358974358974,0.0021039975954313195,0.0041116005873715125,0.03666666666666667,1,9,3
0.3333333333333333,0.0,0.0,0.03666666666666667,1,9,4
0.06989247311827958,0.003907424105801022,0.007401081696555651,0.03666666666666667,1,9,2
0.6666666666666666,0.0,0.0,0.03666666666666667,1,9,5
0.11613876319758672,0.023525817293003362,0.0391260162601626,0.03666666666666667,1,9,1
0.08974358974358974,0.0021039975954313195,0.0041116005873715125,0.03666666666666667,1,10,3
0.06989247311827958,0.003907424105801022,0.007401081696555651,0.03666666666666667,1,10,2
0.6666666666666666,0.0,0.0,0.03666666666666667,1,10,5
0.3333333333333333,0.0,0.0,0.03666666666666667,1,10,4
0.08974358974358974,0.0021039975954313195,0.0041116005873715125,0.03666666666666667,1,11,3
0.11613876319758672,0.023525817293003362,0.0391260162601626,0.03666666666666667,1,10,1
0.3333333333333333,0.0,0.0,0.03666666666666667,1,11,4
0.06989247311827958,0.003907424105801022,0.007401081696555651,0.03666666666666667,1,11,2
0.6666666666666666,0.0,0.0,0.03666666666666667,1,11,5
0.06896551724137931,0.0018001800180018,0.003508771929824562,0.03666666666666667,2,1,3
0.3333333333333333,0.0,0.0,0.03666666666666667,2,1,4
0.1185897435897436,0.02260922700886037,0.03797793174236592,0.03666666666666667,1,11,1
0.0851063829787234,0.007272727272727274,0.013400335008375211,0.03666666666666667,2,1,2
0.6666666666666666,0.0,0.0,0.03666666666666667,2,1,5
0.06896551724137931,0.0018001800180018,0.003508771929824562,0.03666666666666667,2,2,3
0.18202068416865555,0.3786741713570982,0.17620650953984288,0.03666666666666667,2,1,1
0.3333333333333333,0.0,0.0,0.03666666666666667,2,2,4
0.0851063829787234,0.007272727272727274,0.013400335008375211,0.03666666666666667,2,2,2
0.6666666666666666,0.0,0.0,0.03666666666666667,2,2,5
0.06896551724137931,0.0018001800180018,0.003508771929824562,0.03666666666666667,2,3,3
0.0851063829787234,0.007272727272727274,0.013400335008375211,0.03666666666666667,2,3,2
0.6666666666666666,0.0,0.0,0.03666666666666667,2,3,5
0.18202068416865555,0.3786741713570982,0.17620650953984288,0.03666666666666667,2,2,1
0.3333333333333333,0.0,0.0,0.03666666666666667,2,3,4
0.06896551724137931,0.0018001800180018,0.003508771929824562,0.03666666666666667,2,4,3
0.19376899696048633,0.36678944137507674,0.18468786808009421,0.03666666666666667,2,3,1
0.6666666666666666,0.0,0.0,0.03666666666666667,2,4,5
0.3333333333333333,0.0,0.0,0.03666666666666667,2,4,4
0.0851063829787234,0.007272727272727274,0.013400335008375211,0.03666666666666667,2,4,2
0.06896551724137931,0.0018001800180018,0.003508771929824562,0.03666666666666667,2,5,3
0.06944444444444445,0.004516711833785005,0.008481764206955048,0.03666666666666667,2,5,2
0.19376899696048633,0.36678944137507674,0.18468786808009421,0.03666666666666667,2,4,1
0.6666666666666666,0.0,0.0,0.03666666666666667,2,5,5
0.3333333333333333,0.0,0.0,0.03666666666666667,2,5,4
0.06896551724137931,0.0018001800180018,0.003508771929824562,0.03666666666666667,2,6,3
0.19609665427509293,0.36118763391490666,0.17800687285223368,0.03666666666666667,2,5,1
0.06944444444444445,0.004516711833785005,0.008481764206955048,0.03666666666666667,2,6,2
0.6666666666666666,0.0,0.0,0.03666666666666667,2,6,5
0.3333333333333333,0.0,0.0,0.03666666666666667,2,6,4
0.19609665427509293,0.36118763391490666,0.17800687285223368,0.03666666666666667,2,6,1
0.3333333333333333,0.0,0.0,0.03666666666666667,2,7,4
0.06896551724137931,0.0018001800180018,0.003508771929824562,0.03666666666666667,2,7,3
0.6666666666666666,0.0,0.0,0.03666666666666667,2,7,5
0.06944444444444445,0.004516711833785005,0.008481764206955048,0.03666666666666667,2,7,2
0.06896551724137931,0.0018001800180018,0.003508771929824562,0.03666666666666667,2,8,3
0.2235772357723577,0.3586923311946227,0.20805285464971326,0.03666666666666667,2,7,1
0.6666666666666666,0.0,0.0,0.03666666666666667,2,8,5
0.06944444444444445,0.004516711833785005,0.008481764206955048,0.03666666666666667,2,8,2
0.3333333333333333,0.0,0.0,0.03666666666666667,2,8,4
0.08974358974358974,0.0021039975954313195,0.0041116005873715125,0.03666666666666667,2,9,3
0.2235772357723577,0.3586923311946227,0.20805285464971326,0.03666666666666667,2,8,1
0.3333333333333333,0.0,0.0,0.03666666666666667,2,9,4
0.06989247311827958,0.003907424105801022,0.007401081696555651,0.03666666666666667,2,9,2
0.6666666666666666,0.0,0.0,0.03666666666666667,2,9,5
0.11613876319758672,0.023525817293003362,0.0391260162601626,0.03666666666666667,2,9,1
0.08974358974358974,0.0021039975954313195,0.0041116005873715125,0.03666666666666667,2,10,3
0.6666666666666666,0.0,0.0,0.03666666666666667,2,10,5
0.3333333333333333,0.0,0.0,0.03666666666666667,2,10,4
0.06989247311827958,0.003907424105801022,0.007401081696555651,0.03666666666666667,2,10,2
0.08974358974358974,0.0021039975954313195,0.0041116005873715125,0.03666666666666667,2,11,3
0.11613876319758672,0.023525817293003362,0.0391260162601626,0.03666666666666667,2,10,1
0.06989247311827958,0.003907424105801022,0.007401081696555651,0.03666666666666667,2,11,2
0.6666666666666666,0.0,0.0,0.03666666666666667,2,11,5
0.3333333333333333,0.0,0.0,0.03666666666666667,2,11,4
0.06896551724137931,0.0018001800180018,0.003508771929824562,0.03666666666666667,3,1,3
0.1185897435897436,0.02260922700886037,0.03797793174236592,0.03666666666666667,2,11,1
0.3333333333333333,0.0,0.0,0.03666666666666667,3,1,4
0.0851063829787234,0.007272727272727274,0.013400335008375211,0.03666666666666667,3,1,2
0.6666666666666666,0.0,0.0,0.03666666666666667,3,1,5
0.18202068416865555,0.3786741713570982,0.17620650953984288,0.03666666666666667,3,1,1
0.3333333333333333,0.0,0.0,0.03666666666666667,3,2,4
0.06896551724137931,0.0018001800180018,0.003508771929824562,0.03666666666666667,3,2,3
0.0851063829787234,0.007272727272727274,0.013400335008375211,0.03666666666666667,3,2,2
0.6666666666666666,0.0,0.0,0.03666666666666667,3,2,5
0.06896551724137931,0.0018001800180018,0.003508771929824562,0.03666666666666667,3,3,3
0.3333333333333333,0.0,0.0,0.03666666666666667,3,3,4
0.18202068416865555,0.3786741713570982,0.17620650953984288,0.03666666666666667,3,2,1
0.0851063829787234,0.007272727272727274,0.013400335008375211,0.03666666666666667,3,3,2
0.6666666666666666,0.0,0.0,0.03666666666666667,3,3,5
0.06896551724137931,0.0018001800180018,0.003508771929824562,0.03666666666666667,3,4,3
0.19376899696048633,0.36678944137507674,0.18468786808009421,0.03666666666666667,3,3,1
0.6666666666666666,0.0,0.0,0.03666666666666667,3,4,5
0.0851063829787234,0.007272727272727274,0.013400335008375211,0.03666666666666667,3,4,2
0.3333333333333333,0.0,0.0,0.03666666666666667,3,4,4
0.06896551724137931,0.0018001800180018,0.003508771929824562,0.03666666666666667,3,5,3
0.19376899696048633,0.36678944137507674,0.18468786808009421,0.03666666666666667,3,4,1
0.06944444444444445,0.004516711833785005,0.008481764206955048,0.03666666666666667,3,5,2
0.6666666666666666,0.0,0.0,0.03666666666666667,3,5,5
0.3333333333333333,0.0,0.0,0.03666666666666667,3,5,4
0.19609665427509293,0.36118763391490666,0.17800687285223368,0.03666666666666667,3,5,1
0.06896551724137931,0.0018001800180018,0.003508771929824562,0.03666666666666667,3,6,3
0.6666666666666666,0.0,0.0,0.03666666666666667,3,6,5
0.06944444444444445,0.004516711833785005,0.008481764206955048,0.03666666666666667,3,6,2
0.3333333333333333,0.0,0.0,0.03666666666666667,3,6,4
0.3333333333333333,0.0,0.0,0.03666666666666667,3,7,4
0.06896551724137931,0.0018001800180018,0.003508771929824562,0.03666666666666667,3,7,3
0.19609665427509293,0.36118763391490666,0.17800687285223368,0.03666666666666667,3,6,1
0.06944444444444445,0.004516711833785005,0.008481764206955048,0.03666666666666667,3,7,2
0.6666666666666666,0.0,0.0,0.03666666666666667,3,7,5
0.06896551724137931,0.0018001800180018,0.003508771929824562,0.03666666666666667,3,8,3
0.2235772357723577,0.3586923311946227,0.20805285464971326,0.03666666666666667,3,7,1
0.3333333333333333,0.0,0.0,0.03666666666666667,3,8,4
0.06944444444444445,0.004516711833785005,0.008481764206955048,0.03666666666666667,3,8,2
0.6666666666666666,0.0,0.0,0.03666666666666667,3,8,5
0.08974358974358974,0.0021039975954313195,0.0041116005873715125,0.03666666666666667,3,9,3
0.2235772357723577,0.3586923311946227,0.20805285464971326,0.03666666666666667,3,8,1
0.3333333333333333,0.0,0.0,0.03666666666666667,3,9,4
0.06989247311827958,0.003907424105801022,0.007401081696555651,0.03666666666666667,3,9,2
0.6666666666666666,0.0,0.0,0.03666666666666667,3,9,5
0.11613876319758672,0.023525817293003362,0.0391260162601626,0.03666666666666667,3,9,1
0.08974358974358974,0.0021039975954313195,0.0041116005873715125,0.03666666666666667,3,10,3
0.3333333333333333,0.0,0.0,0.03666666666666667,3,10,4
0.6666666666666666,0.0,0.0,0.03666666666666667,3,10,5
0.06989247311827958,0.003907424105801022,0.007401081696555651,0.03666666666666667,3,10,2
0.08974358974358974,0.0021039975954313195,0.0041116005873715125,0.03666666666666667,3,11,3
0.11613876319758672,0.023525817293003362,0.0391260162601626,0.03666666666666667,3,10,1
0.6666666666666666,0.0,0.0,0.03666666666666667,3,11,5
0.3333333333333333,0.0,0.0,0.03666666666666667,3,11,4
0.06989247311827958,0.003907424105801022,0.007401081696555651,0.03666666666666667,3,11,2
0.06896551724137931,0.0018001800180018,0.003508771929824562,0.03666666666666667,4,1,3
0.1185897435897436,0.02260922700886037,0.03797793174236592,0.03666666666666667,3,11,1
0.0851063829787234,0.007272727272727274,0.013400335008375211,0.03666666666666667,4,1,2
0.3333333333333333,0.0,0.0,0.03666666666666667,4,1,4
0.6666666666666666,0.0,0.0,0.03666666666666667,4,1,5
0.06896551724137931,0.0018001800180018,0.003508771929824562,0.03666666666666667,4,2,3
0.18202068416865555,0.3786741713570982,0.17620650953984288,0.03666666666666667,4,1,1
0.0851063829787234,0.007272727272727274,0.013400335008375211,0.03666666666666667,4,2,2
0.6666666666666666,0.0,0.0,0.03666666666666667,4,2,5
0.3333333333333333,0.0,0.0,0.03666666666666667,4,2,4
0.18202068416865555,0.3786741713570982,0.17620650953984288,0.03666666666666667,4,2,1
0.6666666666666666,0.0,0.0,0.03666666666666667,4,3,5
0.0851063829787234,0.007272727272727274,0.013400335008375211,0.03666666666666667,4,3,2
0.3333333333333333,0.0,0.0,0.03666666666666667,4,3,4
0.06896551724137931,0.0018001800180018,0.003508771929824562,0.03666666666666667,4,3,3
0.06896551724137931,0.0018001800180018,0.003508771929824562,0.03666666666666667,4,4,3
0.19376899696048633,0.36678944137507674,0.18468786808009421,0.03666666666666667,4,3,1
0.0851063829787234,0.007272727272727274,0.013400335008375211,0.03666666666666667,4,4,2
0.3333333333333333,0.0,0.0,0.03666666666666667,4,4,4
0.6666666666666666,0.0,0.0,0.03666666666666667,4,4,5
0.19376899696048633,0.36678944137507674,0.18468786808009421,0.03666666666666667,4,4,1
0.3333333333333333,0.0,0.0,0.03666666666666667,4,5,4
0.06944444444444445,0.004516711833785005,0.008481764206955048,0.03666666666666667,4,5,2
0.6666666666666666,0.0,0.0,0.03666666666666667,4,5,5
0.06896551724137931,0.0018001800180018,0.003508771929824562,0.03666666666666667,4,5,3
0.3333333333333333,0.0,0.0,0.03666666666666667,4,6,4
0.6666666666666666,0.0,0.0,0.03666666666666667,4,6,5
0.19609665427509293,0.36118763391490666,0.17800687285223368,0.03666666666666667,4,5,1
0.06944444444444445,0.004516711833785005,0.008481764206955048,0.03666666666666667,4,6,2
0.06896551724137931,0.0018001800180018,0.003508771929824562,0.03666666666666667,4,6,3
0.19609665427509293,0.36118763391490666,0.17800687285223368,0.03666666666666667,4,6,1
0.06944444444444445,0.004516711833785005,0.008481764206955048,0.03666666666666667,4,7,2
0.3333333333333333,0.0,0.0,0.03666666666666667,4,7,4
0.6666666666666666,0.0,0.0,0.03666666666666667,4,7,5
0.06896551724137931,0.0018001800180018,0.003508771929824562,0.03666666666666667,4,7,3
0.2235772357723577,0.3586923311946227,0.20805285464971326,0.03666666666666667,4,7,1
0.06896551724137931,0.0018001800180018,0.003508771929824562,0.03666666666666667,4,8,3
0.06944444444444445,0.004516711833785005,0.008481764206955048,0.03666666666666667,4,8,2
0.6666666666666666,0.0,0.0,0.03666666666666667,4,8,5
0.3333333333333333,0.0,0.0,0.03666666666666667,4,8,4
0.08974358974358974,0.0021039975954313195,0.0041116005873715125,0.03666666666666667,4,9,3
0.2235772357723577,0.3586923311946227,0.20805285464971326,0.03666666666666667,4,8,1
0.06989247311827958,0.003907424105801022,0.007401081696555651,0.03666666666666667,4,9,2
0.3333333333333333,0.0,0.0,0.03666666666666667,4,9,4
0.6666666666666666,0.0,0.0,0.03666666666666667,4,9,5
0.11613876319758672,0.023525817293003362,0.0391260162601626,0.03666666666666667,4,9,1
0.6666666666666666,0.0,0.0,0.03666666666666667,4,10,5
0.08974358974358974,0.0021039975954313195,0.0041116005873715125,0.03666666666666667,4,10,3
0.06989247311827958,0.003907424105801022,0.007401081696555651,0.03666666666666667,4,10,2
0.3333333333333333,0.0,0.0,0.03666666666666667,4,10,4
0.3333333333333333,0.0,0.0,0.03666666666666667,4,11,4
0.08974358974358974,0.0021039975954313195,0.0041116005873715125,0.03666666666666667,4,11,3
0.06989247311827958,0.003907424105801022,0.007401081696555651,0.03666666666666667,4,11,2
0.11613876319758672,0.023525817293003362,0.0391260162601626,0.03666666666666667,4,10,1
0.6666666666666666,0.0,0.0,0.03666666666666667,4,11,5
0.06896551724137931,0.0018001800180018,0.003508771929824562,0.03666666666666667,5,1,3
0.6666666666666666,0.0,0.0,0.03666666666666667,5,1,5
0.1185897435897436,0.02260922700886037,0.03797793174236592,0.03666666666666667,4,11,1
0.3333333333333333,0.0,0.0,0.03666666666666667,5,1,4
0.0851063829787234,0.007272727272727274,0.013400335008375211,0.03666666666666667,5,1,2
0.06896551724137931,0.0018001800180018,0.003508771929824562,0.03666666666666667,5,2,3
0.22142857142857145,0.36964006259780907,0.19083023543990088,0.03666666666666667,5,1,1
0.0851063829787234,0.007272727272727274,0.013400335008375211,0.03666666666666667,5,2,2
0.3333333333333333,0.0,0.0,0.03666666666666667,5,2,4
0.6666666666666666,0.0,0.0,0.03666666666666667,5,2,5
0.06896551724137931,0.0018001800180018,0.003508771929824562,0.03666666666666667,5,3,3
0.22142857142857145,0.36964006259780907,0.19083023543990088,0.03666666666666667,5,2,1
0.0851063829787234,0.007272727272727274,0.013400335008375211,0.03666666666666667,5,3,2
0.3333333333333333,0.0,0.0,0.03666666666666667,5,3,4
0.6666666666666666,0.0,0.0,0.03666666666666667,5,3,5
0.06896551724137931,0.0018001800180018,0.003508771929824562,0.03666666666666667,5,4,3
0.24276377217553688,0.3621853898096992,0.21399798590130917,0.03666666666666667,5,3,1
0.0851063829787234,0.007272727272727274,0.013400335008375211,0.03666666666666667,5,4,2
0.3333333333333333,0.0,0.0,0.03666666666666667,5,4,4
0.6666666666666666,0.0,0.0,0.03666666666666667,5,4,5
0.6666666666666666,0.0,0.0,0.03666666666666667,5,5,5
0.06896551724137931,0.0018001800180018,0.003508771929824562,0.03666666666666667,5,5,3
0.24276377217553688,0.3621853898096992,0.21399798590130917,0.03666666666666667,5,4,1
0.3333333333333333,0.0,0.0,0.03666666666666667,5,5,4
0.06944444444444445,0.004516711833785005,0.008481764206955048,0.03666666666666667,5,5,2
0.06896551724137931,0.0018001800180018,0.003508771929824562,0.03666666666666667,5,6,3
0.06944444444444445,0.004516711833785005,0.008481764206955048,0.03666666666666667,5,6,2
0.24444444444444446,0.35782063054790325,0.20804241013705715,0.03666666666666667,5,5,1
0.3333333333333333,0.0,0.0,0.03666666666666667,5,6,4
0.6666666666666666,0.0,0.0,0.03666666666666667,5,6,5
0.24444444444444446,0.35782063054790325,0.20804241013705715,0.03666666666666667,5,6,1
0.06896551724137931,0.0018001800180018,0.003508771929824562,0.03666666666666667,5,7,3
0.3333333333333333,0.0,0.0,0.03666666666666667,5,7,4
0.6666666666666666,0.0,0.0,0.03666666666666667,5,7,5
0.06944444444444445,0.004516711833785005,0.008481764206955048,0.03666666666666667,5,7,2
0.30141843971631205,0.35653235653235654,0.26180555555555557,0.03666666666666667,5,7,1
0.06896551724137931,0.0018001800180018,0.003508771929824562,0.03666666666666667,5,8,3
0.3333333333333333,0.0,0.0,0.03666666666666667,5,8,4
0.6666666666666666,0.0,0.0,0.03666666666666667,5,8,5
0.06944444444444445,0.004516711833785005,0.008481764206955048,0.03666666666666667,5,8,2
0.30141843971631205,0.35653235653235654,0.26180555555555557,0.03666666666666667,5,8,1
0.08974358974358974,0.0021039975954313195,0.0041116005873715125,0.03666666666666667,5,9,3
0.6666666666666666,0.0,0.0,0.03666666666666667,5,9,5
0.06989247311827958,0.003907424105801022,0.007401081696555651,0.03666666666666667,5,9,2
0.3333333333333333,0.0,0.0,0.03666666666666667,5,9,4
0.08974358974358974,0.0021039975954313195,0.0041116005873715125,0.03666666666666667,5,10,3
0.6666666666666666,0.0,0.0,0.03666666666666667,5,10,5
0.1392156862745098,0.021692636724717385,0.03753634681469733,0.03666666666666667,5,9,1
0.3333333333333333,0.0,0.0,0.03666666666666667,5,10,4
0.06989247311827958,0.003907424105801022,0.007401081696555651,0.03666666666666667,5,10,2
0.08974358974358974,0.0021039975954313195,0.0041116005873715125,0.03666666666666667,5,11,3
0.3333333333333333,0.0,0.0,0.03666666666666667,5,11,4
0.1392156862745098,0.021692636724717385,0.03753634681469733,0.03666666666666667,5,10,1
0.6666666666666666,0.0,0.0,0.03666666666666667,5,11,5
0.06989247311827958,0.003907424105801022,0.007401081696555651,0.03666666666666667,5,11,2
0.1419753086419753,0.021081576535288724,0.03671189146049481,0.03666666666666667,5,11,1
0.06896551724137931,0.0018001800180018,0.003508771929824562,0.03666666666666667,6,1,3
0.0851063829787234,0.007272727272727274,0.013400335008375211,0.03666666666666667,6,1,2
0.3333333333333333,0.0,0.0,0.03666666666666667,6,1,4
0.6666666666666666,0.0,0.0,0.03666666666666667,6,1,5
0.22142857142857145,0.36964006259780907,0.19083023543990088,0.03666666666666667,6,1,1
0.3333333333333333,0.0,0.0,0.03666666666666667,6,2,4
0.06896551724137931,0.0018001800180018,0.003508771929824562,0.03666666666666667,6,2,3
0.6666666666666666,0.0,0.0,0.03666666666666667,6,2,5
0.0851063829787234,0.007272727272727274,0.013400335008375211,0.03666666666666667,6,2,2
0.06896551724137931,0.0018001800180018,0.003508771929824562,0.03666666666666667,6,3,3
0.22142857142857145,0.36964006259780907,0.19083023543990088,0.03666666666666667,6,2,1
0.3333333333333333,0.0,0.0,0.03666666666666667,6,3,4
0.6666666666666666,0.0,0.0,0.03666666666666667,6,3,5
0.0851063829787234,0.007272727272727274,0.013400335008375211,0.03666666666666667,6,3,2
0.06896551724137931,0.0018001800180018,0.003508771929824562,0.03666666666666667,6,4,3
0.3333333333333333,0.0,0.0,0.03666666666666667,6,4,4
0.24276377217553688,0.3621853898096992,0.21399798590130917,0.03666666666666667,6,3,1
0.6666666666666666,0.0,0.0,0.03666666666666667,6,4,5
0.0851063829787234,0.007272727272727274,0.013400335008375211,0.03666666666666667,6,4,2
0.06896551724137931,0.0018001800180018,0.003508771929824562,0.03666666666666667,6,5,3
0.24276377217553688,0.3621853898096992,0.21399798590130917,0.03666666666666667,6,4,1
0.06944444444444445,0.004516711833785005,0.008481764206955048,0.03666666666666667,6,5,2
0.6666666666666666,0.0,0.0,0.03666666666666667,6,5,5
0.3333333333333333,0.0,0.0,0.03666666666666667,6,5,4
0.24444444444444446,0.35782063054790325,0.20804241013705715,0.03666666666666667,6,5,1
0.06896551724137931,0.0018001800180018,0.003508771929824562,0.03666666666666667,6,6,3
0.3333333333333333,0.0,0.0,0.03666666666666667,6,6,4
0.06944444444444445,0.004516711833785005,0.008481764206955048,0.03666666666666667,6,6,2
0.6666666666666666,0.0,0.0,0.03666666666666667,6,6,5
0.24444444444444446,0.35782063054790325,0.20804241013705715,0.03666666666666667,6,6,1
0.06896551724137931,0.0018001800180018,0.003508771929824562,0.03666666666666667,6,7,3
0.3333333333333333,0.0,0.0,0.03666666666666667,6,7,4
0.06944444444444445,0.004516711833785005,0.008481764206955048,0.03666666666666667,6,7,2
0.6666666666666666,0.0,0.0,0.03666666666666667,6,7,5
0.06896551724137931,0.0018001800180018,0.003508771929824562,0.03666666666666667,6,8,3
0.30141843971631205,0.35653235653235654,0.26180555555555557,0.03666666666666667,6,7,1
0.06944444444444445,0.004516711833785005,0.008481764206955048,0.03666666666666667,6,8,2
0.6666666666666666,0.0,0.0,0.03666666666666667,6,8,5
0.3333333333333333,0.0,0.0,0.03666666666666667,6,8,4
0.30141843971631205,0.35653235653235654,0.26180555555555557,0.03666666666666667,6,8,1
0.6666666666666666,0.0,0.0,0.03666666666666667,6,9,5
0.08974358974358974,0.0021039975954313195,0.0041116005873715125,0.03666666666666667,6,9,3
0.3333333333333333,0.0,0.0,0.03666666666666667,6,9,4
0.06989247311827958,0.003907424105801022,0.007401081696555651,0.03666666666666667,6,9,2
0.08974358974358974,0.0021039975954313195,0.0041116005873715125,0.03666666666666667,6,10,3
0.1392156862745098,0.021692636724717385,0.03753634681469733,0.03666666666666667,6,9,1
0.06989247311827958,0.003907424105801022,0.007401081696555651,0.03666666666666667,6,10,2
0.3333333333333333,0.0,0.0,0.03666666666666667,6,10,4
0.6666666666666666,0.0,0.0,0.03666666666666667,6,10,5
0.1392156862745098,0.021692636724717385,0.03753634681469733,0.03666666666666667,6,10,1
0.08974358974358974,0.0021039975954313195,0.0041116005873715125,0.03666666666666667,6,11,3
0.06989247311827958,0.003907424105801022,0.007401081696555651,0.03666666666666667,6,11,2
0.6666666666666666,0.0,0.0,0.03666666666666667,6,11,5
0.3333333333333333,0.0,0.0,0.03666666666666667,6,11,4
0.06896551724137931,0.0018001800180018,0.003508771929824562,0.03666666666666667,7,1,3
0.1419753086419753,0.021081576535288724,0.03671189146049481,0.03666666666666667,6,11,1
0.6666666666666666,0.0,0.0,0.03666666666666667,7,1,5
0.3333333333333333,0.0,0.0,0.03666666666666667,7,1,4
0.0851063829787234,0.007272727272727274,0.013400335008375211,0.03666666666666667,7,1,2
0.06896551724137931,0.0018001800180018,0.003508771929824562,0.03666666666666667,7,2,3
0.22072879330943848,0.36932707355242567,0.19037698412698414,0.03666666666666667,7,1,1
0.0851063829787234,0.007272727272727274,0.013400335008375211,0.03666666666666667,7,2,2
0.6666666666666666,0.0,0.0,0.03666666666666667,7,2,5
0.3333333333333333,0.0,0.0,0.03666666666666667,7,2,4
0.06896551724137931,0.0018001800180018,0.003508771929824562,0.03666666666666667,7,3,3
0.3333333333333333,0.0,0.0,0.03666666666666667,7,3,4
0.22072879330943848,0.36932707355242567,0.19037698412698414,0.03666666666666667,7,2,1
0.6666666666666666,0.0,0.0,0.03666666666666667,7,3,5
0.0851063829787234,0.007272727272727274,0.013400335008375211,0.03666666666666667,7,3,2
0.06896551724137931,0.0018001800180018,0.003508771929824562,0.03666666666666667,7,4,3
0.6666666666666666,0.0,0.0,0.03666666666666667,7,4,5
0.3333333333333333,0.0,0.0,0.03666666666666667,7,4,4
0.24276377217553688,0.3621853898096992,0.21399798590130917,0.03666666666666667,7,3,1
0.0851063829787234,0.007272727272727274,0.013400335008375211,0.03666666666666667,7,4,2
0.06896551724137931,0.0018001800180018,0.003508771929824562,0.03666666666666667,7,5,3
0.24276377217553688,0.3621853898096992,0.21399798590130917,0.03666666666666667,7,4,1
0.06944444444444445,0.004516711833785005,0.008481764206955048,0.03666666666666667,7,5,2
0.6666666666666666,0.0,0.0,0.03666666666666667,7,5,5
0.3333333333333333,0.0,0.0,0.03666666666666667,7,5,4
0.06896551724137931,0.0018001800180018,0.003508771929824562,0.03666666666666667,7,6,3
0.24444444444444446,0.35782063054790325,0.20804241013705715,0.03666666666666667,7,5,1
0.6666666666666666,0.0,0.0,0.03666666666666667,7,6,5
0.3333333333333333,0.0,0.0,0.03666666666666667,7,6,4
0.06944444444444445,0.004516711833785005,0.008481764206955048,0.03666666666666667,7,6,2
0.24444444444444446,0.35782063054790325,0.20804241013705715,0.03666666666666667,7,6,1
0.6666666666666666,0.0,0.0,0.03666666666666667,7,7,5
0.06896551724137931,0.0018001800180018,0.003508771929824562,0.03666666666666667,7,7,3
0.3333333333333333,0.0,0.0,0.03666666666666667,7,7,4
0.06944444444444445,0.004516711833785005,0.008481764206955048,0.03666666666666667,7,7,2
0.06896551724137931,0.0018001800180018,0.003508771929824562,0.03666666666666667,7,8,3
0.30141843971631205,0.35653235653235654,0.26180555555555557,0.03666666666666667,7,7,1
0.06944444444444445,0.004516711833785005,0.008481764206955048,0.03666666666666667,7,8,2
0.6666666666666666,0.0,0.0,0.03666666666666667,7,8,5
0.3333333333333333,0.0,0.0,0.03666666666666667,7,8,4
0.30141843971631205,0.35653235653235654,0.26180555555555557,0.03666666666666667,7,8,1
0.08974358974358974,0.0021039975954313195,0.0041116005873715125,0.03666666666666667,7,9,3
0.06989247311827958,0.003907424105801022,0.007401081696555651,0.03666666666666667,7,9,2
0.6666666666666666,0.0,0.0,0.03666666666666667,7,9,5
0.3333333333333333,0.0,0.0,0.03666666666666667,7,9,4
0.1392156862745098,0.021692636724717385,0.03753634681469733,0.03666666666666667,7,9,1
0.08974358974358974,0.0021039975954313195,0.0041116005873715125,0.03666666666666667,7,10,3
0.06989247311827958,0.003907424105801022,0.007401081696555651,0.03666666666666667,7,10,2
0.6666666666666666,0.0,0.0,0.03666666666666667,7,10,5
0.3333333333333333,0.0,0.0,0.03666666666666667,7,10,4
0.08974358974358974,0.0021039975954313195,0.0041116005873715125,0.03666666666666667,7,11,3
0.1392156862745098,0.021692636724717385,0.03753634681469733,0.03666666666666667,7,10,1
0.06989247311827958,0.003907424105801022,0.007401081696555651,0.03666666666666667,7,11,2
0.6666666666666666,0.0,0.0,0.03666666666666667,7,11,5
0.3333333333333333,0.0,0.0,0.03666666666666667,7,11,4
0.06896551724137931,0.0018001800180018,0.003508771929824562,0.03666666666666667,8,1,3
0.1419753086419753,0.021081576535288724,0.03671189146049481,0.03666666666666667,7,11,1
0.0851063829787234,0.007272727272727274,0.013400335008375211,0.03666666666666667,8,1,2
0.6666666666666666,0.0,0.0,0.03666666666666667,8,1,5
0.3333333333333333,0.0,0.0,0.03666666666666667,8,1,4
0.22072879330943848,0.36932707355242567,0.19037698412698414,0.03666666666666667,8,1,1
0.06896551724137931,0.0018001800180018,0.003508771929824562,0.03666666666666667,8,2,3
0.3333333333333333,0.0,0.0,0.03666666666666667,8,2,4
0.0851063829787234,0.007272727272727274,0.013400335008375211,0.03666666666666667,8,2,2
0.6666666666666666,0.0,0.0,0.03666666666666667,8,2,5
0.22072879330943848,0.36932707355242567,0.19037698412698414,0.03666666666666667,8,2,1
0.06896551724137931,0.0018001800180018,0.003508771929824562,0.03666666666666667,8,3,3
0.3333333333333333,0.0,0.0,0.03666666666666667,8,3,4
0.6666666666666666,0.0,0.0,0.03666666666666667,8,3,5
0.0851063829787234,0.007272727272727274,0.013400335008375211,0.03666666666666667,8,3,2
0.24276377217553688,0.3621853898096992,0.21399798590130917,0.03666666666666667,8,3,1
0.06896551724137931,0.0018001800180018,0.003508771929824562,0.03666666666666667,8,4,3
0.6666666666666666,0.0,0.0,0.03666666666666667,8,4,5
0.3333333333333333,0.0,0.0,0.03666666666666667,8,4,4
0.0851063829787234,0.007272727272727274,0.013400335008375211,0.03666666666666667,8,4,2
0.06896551724137931,0.0018001800180018,0.003508771929824562,0.03666666666666667,8,5,3
0.24276377217553688,0.3621853898096992,0.21399798590130917,0.03666666666666667,8,4,1
0.6666666666666666,0.0,0.0,0.03666666666666667,8,5,5
0.3333333333333333,0.0,0.0,0.03666666666666667,8,5,4
0.06944444444444445,0.004516711833785005,0.008481764206955048,0.03666666666666667,8,5,2
0.06896551724137931,0.0018001800180018,0.003508771929824562,0.03666666666666667,8,6,3
0.24444444444444446,0.35782063054790325,0.20804241013705715,0.03666666666666667,8,5,1
0.3333333333333333,0.0,0.0,0.03666666666666667,8,6,4
0.6666666666666666,0.0,0.0,0.03666666666666667,8,6,5
0.06944444444444445,0.004516711833785005,0.008481764206955048,0.03666666666666667,8,6,2
0.06896551724137931,0.0018001800180018,0.003508771929824562,0.03666666666666667,8,7,3
0.06944444444444445,0.004516711833785005,0.008481764206955048,0.03666666666666667,8,7,2
0.24444444444444446,0.35782063054790325,0.20804241013705715,0.03666666666666667,8,6,1
0.6666666666666666,0.0,0.0,0.03666666666666667,8,7,5
0.3333333333333333,0.0,0.0,0.03666666666666667,8,7,4
0.30141843971631205,0.35653235653235654,0.26180555555555557,0.03666666666666667,8,7,1
0.06896551724137931,0.0018001800180018,0.003508771929824562,0.03666666666666667,8,8,3
0.6666666666666666,0.0,0.0,0.03666666666666667,8,8,5
0.06944444444444445,0.004516711833785005,0.008481764206955048,0.03666666666666667,8,8,2
0.3333333333333333,0.0,0.0,0.03666666666666667,8,8,4
0.30141843971631205,0.35653235653235654,0.26180555555555557,0.03666666666666667,8,8,1
0.08974358974358974,0.0021039975954313195,0.0041116005873715125,0.03666666666666667,8,9,3
0.06989247311827958,0.003907424105801022,0.007401081696555651,0.03666666666666667,8,9,2
0.6666666666666666,0.0,0.0,0.03666666666666667,8,9,5
0.3333333333333333,0.0,0.0,0.03666666666666667,8,9,4
0.08974358974358974,0.0021039975954313195,0.0041116005873715125,0.03666666666666667,8,10,3
0.1392156862745098,0.021692636724717385,0.03753634681469733,0.03666666666666667,8,9,1
0.06989247311827958,0.003907424105801022,0.007401081696555651,0.03666666666666667,8,10,2
0.6666666666666666,0.0,0.0,0.03666666666666667,8,10,5
0.3333333333333333,0.0,0.0,0.03666666666666667,8,10,4
0.08974358974358974,0.0021039975954313195,0.0041116005873715125,0.03666666666666667,8,11,3
0.1392156862745098,0.021692636724717385,0.03753634681469733,0.03666666666666667,8,10,1
0.3333333333333333,0.0,0.0,0.03666666666666667,8,11,4
0.6666666666666666,0.0,0.0,0.03666666666666667,8,11,5
0.06989247311827958,0.003907424105801022,0.007401081696555651,0.03666666666666667,8,11,2
0.06896551724137931,0.0018001800180018,0.003508771929824562,0.03666666666666667,9,1,3
0.1419753086419753,0.021081576535288724,0.03671189146049481,0.03666666666666667,8,11,1
0.3333333333333333,0.0,0.0,0.03666666666666667,9,1,4
0.07526881720430108,0.00421179302045728,0.007977207977207978,0.03666666666666667,9,1,2
0.6666666666666666,0.0,0.0,0.03666666666666667,9,1,5
0.3442982456140351,0.3586142322097378,0.2664845173041894,0.03666666666666667,9,1,1
0.3333333333333333,0.0,0.0,0.03666666666666667,9,2,4
0.06896551724137931,0.0018001800180018,0.003508771929824562,0.03666666666666667,9,2,3
0.6666666666666666,0.0,0.0,0.03666666666666667,9,2,5
0.07526881720430108,0.00421179302045728,0.007977207977207978,0.03666666666666667,9,2,2
0.06896551724137931,0.0018001800180018,0.003508771929824562,0.03666666666666667,9,3,3
0.3333333333333333,0.0,0.0,0.03666666666666667,9,3,4
0.07526881720430108,0.00421179302045728,0.007977207977207978,0.03666666666666667,9,3,2
0.3442982456140351,0.3586142322097378,0.2664845173041894,0.03666666666666667,9,2,1
0.6666666666666666,0.0,0.0,0.03666666666666667,9,3,5
0.3253968253968254,0.3547991413676786,0.2600396182243832,0.03666666666666667,9,3,1
0.3333333333333333,0.0,0.0,0.03666666666666667,9,4,4
0.06896551724137931,0.0018001800180018,0.003508771929824562,0.03666666666666667,9,4,3
0.6666666666666666,0.0,0.0,0.03666666666666667,9,4,5
0.07526881720430108,0.00421179302045728,0.007977207977207978,0.03666666666666667,9,4,2
0.3253968253968254,0.3547991413676786,0.2600396182243832,0.03666666666666667,9,4,1
0.06896551724137931,0.0018001800180018,0.003508771929824562,0.03666666666666667,9,5,3
0.6666666666666666,0.0,0.0,0.03666666666666667,9,5,5
0.08,0.003610108303249097,0.00690846286701209,0.03666666666666667,9,5,2
0.3333333333333333,0.0,0.0,0.03666666666666667,9,5,4
0.3199513381995134,0.3525993883792049,0.25645205107307795,0.03666666666666667,9,5,1
0.06896551724137931,0.0018001800180018,0.003508771929824562,0.03666666666666667,9,6,3
0.08,0.003610108303249097,0.00690846286701209,0.03666666666666667,9,6,2
0.6666666666666666,0.0,0.0,0.03666666666666667,9,6,5
0.3333333333333333,0.0,0.0,0.03666666666666667,9,6,4
0.3199513381995134,0.3525993883792049,0.25645205107307795,0.03666666666666667,9,6,1
0.06896551724137931,0.0018001800180018,0.003508771929824562,0.03666666666666667,9,7,3
0.08,0.003610108303249097,0.00690846286701209,0.03666666666666667,9,7,2
0.6666666666666666,0.0,0.0,0.03666666666666667,9,7,5
0.3333333333333333,0.0,0.0,0.03666666666666667,9,7,4
0.06896551724137931,0.0018001800180018,0.003508771929824562,0.03666666666666667,9,8,3
0.3230769230769231,0.35191956124314444,0.2554466230936819,0.03666666666666667,9,7,1
0.3333333333333333,0.0,0.0,0.03666666666666667,9,8,4
0.6666666666666666,0.0,0.0,0.03666666666666667,9,8,5
0.08,0.003610108303249097,0.00690846286701209,0.03666666666666667,9,8,2
0.08974358974358974,0.0021039975954313195,0.0041116005873715125,0.03666666666666667,9,9,3
0.3230769230769231,0.35191956124314444,0.2554466230936819,0.03666666666666667,9,8,1
0.3333333333333333,0.0,0.0,0.03666666666666667,9,9,4
0.0909090909090909,0.003606853020739405,0.006938421509106678,0.03666666666666667,9,9,2
0.6666666666666666,0.0,0.0,0.03666666666666667,9,9,5
0.08974358974358974,0.0021039975954313195,0.0041116005873715125,0.03666666666666667,9,10,3
0.15718157181571815,0.017704517704517704,0.031824417009602195,0.03666666666666667,9,9,1
0.0909090909090909,0.003606853020739405,0.006938421509106678,0.03666666666666667,9,10,2
0.6666666666666666,0.0,0.0,0.03666666666666667,9,10,5
0.3333333333333333,0.0,0.0,0.03666666666666667,9,10,4
0.15718157181571815,0.017704517704517704,0.031824417009602195,0.03666666666666667,9,10,1
0.08974358974358974,0.0021039975954313195,0.0041116005873715125,0.03666666666666667,9,11,3
0.0909090909090909,0.003606853020739405,0.006938421509106678,0.03666666666666667,9,11,2
0.3333333333333333,0.0,0.0,0.03666666666666667,9,11,4
0.6666666666666666,0.0,0.0,0.03666666666666667,9,11,5
0.15833333333333333,0.0173992673992674,0.03135313531353135,0.03666666666666667,9,11,1
0.06896551724137931,0.0018001800180018,0.003508771929824562,0.03666666666666667,10,1,3
0.3333333333333333,0.0,0.0,0.03666666666666667,10,1,4
0.6666666666666666,0.0,0.0,0.03666666666666667,10,1,5
0.07526881720430108,0.00421179302045728,0.007977207977207978,0.03666666666666667,10,1,2
0.3442982456140351,0.3586142322097378,0.2664845173041894,0.03666666666666667,10,1,1
0.06896551724137931,0.0018001800180018,0.003508771929824562,0.03666666666666667,10,2,3
0.3333333333333333,0.0,0.0,0.03666666666666667,10,2,4
0.07526881720430108,0.00421179302045728,0.007977207977207978,0.03666666666666667,10,2,2
0.6666666666666666,0.0,0.0,0.03666666666666667,10,2,5
0.06896551724137931,0.0018001800180018,0.003508771929824562,0.03666666666666667,10,3,3
0.3442982456140351,0.3586142322097378,0.2664845173041894,0.03666666666666667,10,2,1
0.3333333333333333,0.0,0.0,0.03666666666666667,10,3,4
0.07526881720430108,0.00421179302045728,0.007977207977207978,0.03666666666666667,10,3,2
0.6666666666666666,0.0,0.0,0.03666666666666667,10,3,5
0.3253968253968254,0.3547991413676786,0.2600396182243832,0.03666666666666667,10,3,1
0.06896551724137931,0.0018001800180018,0.003508771929824562,0.03666666666666667,10,4,3
0.3333333333333333,0.0,0.0,0.03666666666666667,10,4,4
0.07526881720430108,0.00421179302045728,0.007977207977207978,0.03666666666666667,10,4,2
0.6666666666666666,0.0,0.0,0.03666666666666667,10,4,5
0.3253968253968254,0.3547991413676786,0.2600396182243832,0.03666666666666667,10,4,1
0.06896551724137931,0.0018001800180018,0.003508771929824562,0.03666666666666667,10,5,3
0.08,0.003610108303249097,0.00690846286701209,0.03666666666666667,10,5,2
0.3333333333333333,0.0,0.0,0.03666666666666667,10,5,4
0.6666666666666666,0.0,0.0,0.03666666666666667,10,5,5
0.3199513381995134,0.3525993883792049,0.25645205107307795,0.03666666666666667,10,5,1
0.06896551724137931,0.0018001800180018,0.003508771929824562,0.03666666666666667,10,6,3
0.3333333333333333,0.0,0.0,0.03666666666666667,10,6,4
0.08,0.003610108303249097,0.00690846286701209,0.03666666666666667,10,6,2
0.6666666666666666,0.0,0.0,0.03666666666666667,10,6,5
0.06896551724137931,0.0018001800180018,0.003508771929824562,0.03666666666666667,10,7,3
0.3199513381995134,0.3525993883792049,0.25645205107307795,0.03666666666666667,10,6,1
0.08,0.003610108303249097,0.00690846286701209,0.03666666666666667,10,7,2
0.6666666666666666,0.0,0.0,0.03666666666666667,10,7,5
0.3333333333333333,0.0,0.0,0.03666666666666667,10,7,4
0.3230769230769231,0.35191956124314444,0.2554466230936819,0.03666666666666667,10,7,1
0.06896551724137931,0.0018001800180018,0.003508771929824562,0.03666666666666667,10,8,3
0.3333333333333333,0.0,0.0,0.03666666666666667,10,8,4
0.08,0.003610108303249097,0.00690846286701209,0.03666666666666667,10,8,2
0.6666666666666666,0.0,0.0,0.03666666666666667,10,8,5
0.3230769230769231,0.35191956124314444,0.2554466230936819,0.03666666666666667,10,8,1
0.08974358974358974,0.0021039975954313195,0.0041116005873715125,0.03666666666666667,10,9,3
0.3333333333333333,0.0,0.0,0.03666666666666667,10,9,4
0.6666666666666666,0.0,0.0,0.03666666666666667,10,9,5
0.0909090909090909,0.003606853020739405,0.006938421509106678,0.03666666666666667,10,9,2
0.15718157181571815,0.017704517704517704,0.031824417009602195,0.03666666666666667,10,9,1
0.6666666666666666,0.0,0.0,0.03666666666666667,10,10,5
0.3333333333333333,0.0,0.0,0.03666666666666667,10,10,4
0.08974358974358974,0.0021039975954313195,0.0041116005873715125,0.03666666666666667,10,10,3
0.0909090909090909,0.003606853020739405,0.006938421509106678,0.03666666666666667,10,10,2
0.15718157181571815,0.017704517704517704,0.031824417009602195,0.03666666666666667,10,10,1
0.08974358974358974,0.0021039975954313195,0.0041116005873715125,0.03666666666666667,10,11,3
0.3333333333333333,0.0,0.0,0.03666666666666667,10,11,4
0.6666666666666666,0.0,0.0,0.03666666666666667,10,11,5
0.0909090909090909,0.003606853020739405,0.006938421509106678,0.03666666666666667,10,11,2
0.15833333333333333,0.0173992673992674,0.03135313531353135,0.03666666666666667,10,11,1
0.07526881720430108,0.00421179302045728,0.007977207977207978,0.03666666666666667,11,1,2
0.3333333333333333,0.0,0.0,0.03666666666666667,11,1,4
0.06896551724137931,0.0018001800180018,0.003508771929824562,0.03666666666666667,11,1,3
0.6666666666666666,0.0,0.0,0.03666666666666667,11,1,5
0.5063613231552163,0.3544382371198014,0.37095435684647304,0.03666666666666667,11,1,1
0.06896551724137931,0.0018001800180018,0.003508771929824562,0.03666666666666667,11,2,3
0.07526881720430108,0.00421179302045728,0.007977207977207978,0.03666666666666667,11,2,2
0.3333333333333333,0.0,0.0,0.03666666666666667,11,2,4
0.6666666666666666,0.0,0.0,0.03666666666666667,11,2,5
0.06896551724137931,0.0018001800180018,0.003508771929824562,0.03666666666666667,11,3,3
0.5063613231552163,0.3544382371198014,0.37095435684647304,0.03666666666666667,11,2,1
0.07526881720430108,0.00421179302045728,0.007977207977207978,0.03666666666666667,11,3,2
0.3333333333333333,0.0,0.0,0.03666666666666667,11,3,4
0.6666666666666666,0.0,0.0,0.03666666666666667,11,3,5
0.49109414758269726,0.352310988674625,0.3672131147540984,0.03666666666666667,11,3,1
0.3333333333333333,0.0,0.0,0.03666666666666667,11,4,4
0.06896551724137931,0.0018001800180018,0.003508771929824562,0.03666666666666667,11,4,3
0.07526881720430108,0.00421179302045728,0.007977207977207978,0.03666666666666667,11,4,2
0.6666666666666666,0.0,0.0,0.03666666666666667,11,4,5
0.49109414758269726,0.352310988674625,0.3672131147540984,0.03666666666666667,11,4,1
0.08,0.003610108303249097,0.00690846286701209,0.03666666666666667,11,5,2
0.6666666666666666,0.0,0.0,0.03666666666666667,11,5,5
0.3333333333333333,0.0,0.0,0.03666666666666667,11,5,4
0.06896551724137931,0.0018001800180018,0.003508771929824562,0.03666666666666667,11,5,3
0.48556430446194226,0.35103785103785107,0.36505332239540605,0.03666666666666667,11,5,1
0.3333333333333333,0.0,0.0,0.03666666666666667,11,6,4
0.6666666666666666,0.0,0.0,0.03666666666666667,11,6,5
0.08,0.003610108303249097,0.00690846286701209,0.03666666666666667,11,6,2
0.06896551724137931,0.0018001800180018,0.003508771929824562,0.03666666666666667,11,6,3
0.48556430446194226,0.35103785103785107,0.36505332239540605,0.03666666666666667,11,6,1
0.6666666666666666,0.0,0.0,0.03666666666666667,11,7,5
0.08,0.003610108303249097,0.00690846286701209,0.03666666666666667,11,7,2
0.3333333333333333,0.0,0.0,0.03666666666666667,11,7,4
0.06896551724137931,0.0018001800180018,0.003508771929824562,0.03666666666666667,11,7,3
0.31842818428184283,0.35036496350364965,0.2528484185580166,0.03666666666666667,11,7,1
0.06896551724137931,0.0018001800180018,0.003508771929824562,0.03666666666666667,11,8,3
0.3333333333333333,0.0,0.0,0.03666666666666667,11,8,4
0.08,0.003610108303249097,0.00690846286701209,0.03666666666666667,11,8,2
0.6666666666666666,0.0,0.0,0.03666666666666667,11,8,5
0.31842818428184283,0.35036496350364965,0.2528484185580166,0.03666666666666667,11,8,1
0.08974358974358974,0.0021039975954313195,0.0041116005873715125,0.03666666666666667,11,9,3
0.0909090909090909,0.003606853020739405,0.006938421509106678,0.03666666666666667,11,9,2
0.3333333333333333,0.0,0.0,0.03666666666666667,11,9,4
0.6666666666666666,0.0,0.0,0.03666666666666667,11,9,5
0.15384615384615385,0.016453382084095063,0.02972749793559042,0.03666666666666667,11,9,1
0.0909090909090909,0.003606853020739405,0.006938421509106678,0.03666666666666667,11,10,2
0.08974358974358974,0.0021039975954313195,0.0041116005873715125,0.03666666666666667,11,10,3
0.3333333333333333,0.0,0.0,0.03666666666666667,11,10,4
0.6666666666666666,0.0,0.0,0.03666666666666667,11,10,5
0.08974358974358974,0.0021039975954313195,0.0041116005873715125,0.03666666666666667,11,11,3
0.15384615384615385,0.016453382084095063,0.02972749793559042,0.03666666666666667,11,10,1
0.6666666666666666,0.0,0.0,0.03666666666666667,11,11,5
0.3333333333333333,0.0,0.0,0.03666666666666667,11,11,4
0.0909090909090909,0.003606853020739405,0.006938421509106678,0.03666666666666667,11,11,2
0.06896551724137931,0.0018001800180018,0.003508771929824562,0.03666666666666667,12,1,3
0.6666666666666666,0.0,0.0,0.03666666666666667,12,1,5
0.3333333333333333,0.0,0.0,0.03666666666666667,12,1,4
0.15497076023391812,0.016148689823278488,0.02924944812362031,0.03666666666666667,11,11,1
0.07526881720430108,0.00421179302045728,0.007977207977207978,0.03666666666666667,12,1,2
0.06896551724137931,0.0018001800180018,0.003508771929824562,0.03666666666666667,12,2,3
0.5063613231552163,0.3544382371198014,0.37095435684647304,0.03666666666666667,12,1,1
0.07526881720430108,0.00421179302045728,0.007977207977207978,0.03666666666666667,12,2,2
0.3333333333333333,0.0,0.0,0.03666666666666667,12,2,4
0.6666666666666666,0.0,0.0,0.03666666666666667,12,2,5
0.5063613231552163,0.3544382371198014,0.37095435684647304,0.03666666666666667,12,2,1
0.06896551724137931,0.0018001800180018,0.003508771929824562,0.03666666666666667,12,3,3
0.07526881720430108,0.00421179302045728,0.007977207977207978,0.03666666666666667,12,3,2
0.3333333333333333,0.0,0.0,0.03666666666666667,12,3,4
0.6666666666666666,0.0,0.0,0.03666666666666667,12,3,5
0.06896551724137931,0.0018001800180018,0.003508771929824562,0.03666666666666667,12,4,3
0.49109414758269726,0.352310988674625,0.3672131147540984,0.03666666666666667,12,3,1
0.07526881720430108,0.00421179302045728,0.007977207977207978,0.03666666666666667,12,4,2
0.6666666666666666,0.0,0.0,0.03666666666666667,12,4,5
0.3333333333333333,0.0,0.0,0.03666666666666667,12,4,4
0.06896551724137931,0.0018001800180018,0.003508771929824562,0.03666666666666667,12,5,3
0.3333333333333333,0.0,0.0,0.03666666666666667,12,5,4
0.08,0.003610108303249097,0.00690846286701209,0.03666666666666667,12,5,2
0.49109414758269726,0.352310988674625,0.3672131147540984,0.03666666666666667,12,4,1
0.6666666666666666,0.0,0.0,0.03666666666666667,12,5,5
0.06896551724137931,0.0018001800180018,0.003508771929824562,0.03666666666666667,12,6,3
0.3333333333333333,0.0,0.0,0.03666666666666667,12,6,4
0.48556430446194226,0.35103785103785107,0.36505332239540605,0.03666666666666667,12,5,1
0.6666666666666666,0.0,0.0,0.03666666666666667,12,6,5
0.08,0.003610108303249097,0.00690846286701209,0.03666666666666667,12,6,2
0.48556430446194226,0.35103785103785107,0.36505332239540605,0.03666666666666667,12,6,1
0.06896551724137931,0.0018001800180018,0.003508771929824562,0.03666666666666667,12,7,3
0.3333333333333333,0.0,0.0,0.03666666666666667,12,7,4
0.08,0.003610108303249097,0.00690846286701209,0.03666666666666667,12,7,2
0.6666666666666666,0.0,0.0,0.03666666666666667,12,7,5
0.31842818428184283,0.35036496350364965,0.2528484185580166,0.03666666666666667,12,7,1
0.06896551724137931,0.0018001800180018,0.003508771929824562,0.03666666666666667,12,8,3
0.3333333333333333,0.0,0.0,0.03666666666666667,12,8,4
0.6666666666666666,0.0,0.0,0.03666666666666667,12,8,5
0.08,0.003610108303249097,0.00690846286701209,0.03666666666666667,12,8,2
0.31842818428184283,0.35036496350364965,0.2528484185580166,0.03666666666666667,12,8,1
0.08974358974358974,0.0021039975954313195,0.0041116005873715125,0.03666666666666667,12,9,3
0.0909090909090909,0.003606853020739405,0.006938421509106678,0.03666666666666667,12,9,2
0.6666666666666666,0.0,0.0,0.03666666666666667,12,9,5
0.3333333333333333,0.0,0.0,0.03666666666666667,12,9,4
0.08974358974358974,0.0021039975954313195,0.0041116005873715125,0.03666666666666667,12,10,3
0.15384615384615385,0.016453382084095063,0.02972749793559042,0.03666666666666667,12,9,1
0.6666666666666666,0.0,0.0,0.03666666666666667,12,10,5
0.0909090909090909,0.003606853020739405,0.006938421509106678,0.03666666666666667,12,10,2
0.3333333333333333,0.0,0.0,0.03666666666666667,12,10,4
0.0909090909090909,0.003606853020739405,0.006938421509106678,0.03666666666666667,12,11,2
0.08974358974358974,0.0021039975954313195,0.0041116005873715125,0.03666666666666667,12,11,3
0.3333333333333333,0.0,0.0,0.03666666666666667,12,11,4
0.15384615384615385,0.016453382084095063,0.02972749793559042,0.03666666666666667,12,10,1
0.6666666666666666,0.0,0.0,0.03666666666666667,12,11,5
0.06896551724137931,0.0018001800180018,0.003508771929824562,0.03666666666666667,13,1,3
0.15497076023391812,0.016148689823278488,0.02924944812362031,0.03666666666666667,12,11,1
0.07103825136612021,0.003910950661853189,0.00741374394069005,0.03666666666666667,13,1,2
0.6666666666666666,0.0,0.0,0.03666666666666667,13,1,5
0.3333333333333333,0.0,0.0,0.03666666666666667,13,1,4
0.5092592592592592,0.3509259259259259,0.3653198653198653,0.03666666666666667,13,1,1
0.06896551724137931,0.0018001800180018,0.003508771929824562,0.03666666666666667,13,2,3
0.07103825136612021,0.003910950661853189,0.00741374394069005,0.03666666666666667,13,2,2
0.3333333333333333,0.0,0.0,0.03666666666666667,13,2,4
0.6666666666666666,0.0,0.0,0.03666666666666667,13,2,5
0.5092592592592592,0.3509259259259259,0.3653198653198653,0.03666666666666667,13,2,1
0.06896551724137931,0.0018001800180018,0.003508771929824562,0.03666666666666667,13,3,3
0.3333333333333333,0.0,0.0,0.03666666666666667,13,3,4
0.07103825136612021,0.003910950661853189,0.00741374394069005,0.03666666666666667,13,3,2
0.6666666666666666,0.0,0.0,0.03666666666666667,13,3,5
0.496969696969697,0.3498470948012233,0.36333333333333334,0.03666666666666667,13,3,1
0.06896551724137931,0.0018001800180018,0.003508771929824562,0.03666666666666667,13,4,3
0.07103825136612021,0.003910950661853189,0.00741374394069005,0.03666666666666667,13,4,2
0.3333333333333333,0.0,0.0,0.03666666666666667,13,4,4
0.6666666666666666,0.0,0.0,0.03666666666666667,13,4,5
0.06896551724137931,0.0018001800180018,0.003508771929824562,0.03666666666666667,13,5,3
0.496969696969697,0.3498470948012233,0.36333333333333334,0.03666666666666667,13,4,1
0.3333333333333333,0.0,0.0,0.03666666666666667,13,5,4
0.6666666666666666,0.0,0.0,0.03666666666666667,13,5,5
0.08,0.003610108303249097,0.00690846286701209,0.03666666666666667,13,5,2
0.4905660377358491,0.3485818847209515,0.3611342785654712,0.03666666666666667,13,5,1
0.3333333333333333,0.0,0.0,0.03666666666666667,13,6,4
0.06896551724137931,0.0018001800180018,0.003508771929824562,0.03666666666666667,13,6,3
0.08,0.003610108303249097,0.00690846286701209,0.03666666666666667,13,6,2
0.6666666666666666,0.0,0.0,0.03666666666666667,13,6,5
0.4905660377358491,0.3485818847209515,0.3611342785654712,0.03666666666666667,13,6,1
0.3333333333333333,0.0,0.0,0.03666666666666667,13,7,4
0.06896551724137931,0.0018001800180018,0.003508771929824562,0.03666666666666667,13,7,3
0.08,0.003610108303249097,0.00690846286701209,0.03666666666666667,13,7,2
0.6666666666666666,0.0,0.0,0.03666666666666667,13,7,5
0.06896551724137931,0.0018001800180018,0.003508771929824562,0.03666666666666667,13,8,3
0.08,0.003610108303249097,0.00690846286701209,0.03666666666666667,13,8,2
0.3333333333333333,0.0,0.0,0.03666666666666667,13,8,4
0.4869281045751634,0.34761470677605594,0.359466221851543,0.03666666666666667,13,7,1
0.6666666666666666,0.0,0.0,0.03666666666666667,13,8,5
0.4869281045751634,0.34761470677605594,0.359466221851543,0.03666666666666667,13,8,1
0.08974358974358974,0.0021039975954313195,0.0041116005873715125,0.03666666666666667,13,9,3
0.6666666666666666,0.0,0.0,0.03666666666666667,13,9,5
0.3333333333333333,0.0,0.0,0.03666666666666667,13,9,4
0.0909090909090909,0.003606853020739405,0.006938421509106678,0.03666666666666667,13,9,2
0.08974358974358974,0.0021039975954313195,0.0041116005873715125,0.03666666666666667,13,10,3
0.0909090909090909,0.003606853020739405,0.006938421509106678,0.03666666666666667,13,10,2
0.4914089347079038,0.013990267639902675,0.025705504330818665,0.03666666666666667,13,9,1
0.3333333333333333,0.0,0.0,0.03666666666666667,13,10,4
0.6666666666666666,0.0,0.0,0.03666666666666667,13,10,5
0.4914089347079038,0.013990267639902675,0.025705504330818665,0.03666666666666667,13,10,1
0.3333333333333333,0.0,0.0,0.03666666666666667,13,11,4
0.08974358974358974,0.0021039975954313195,0.0041116005873715125,0.03666666666666667,13,11,3
0.0909090909090909,0.003606853020739405,0.006938421509106678,0.03666666666666667,13,11,2
0.6666666666666666,0.0,0.0,0.03666666666666667,13,11,5
0.48771929824561405,0.013369796414463689,0.02460850111856824,0.03666666666666667,13,11,1
0.06896551724137931,0.0018001800180018,0.003508771929824562,0.03666666666666667,14,1,3
0.3333333333333333,0.0,0.0,0.03666666666666667,14,1,4
0.6666666666666666,0.0,0.0,0.03666666666666667,14,1,5
0.07103825136612021,0.003910950661853189,0.00741374394069005,0.03666666666666667,14,1,2
0.06896551724137931,0.0018001800180018,0.003508771929824562,0.03666666666666667,14,2,3
0.07103825136612021,0.003910950661853189,0.00741374394069005,0.03666666666666667,14,2,2
0.5092592592592592,0.3509259259259259,0.3653198653198653,0.03666666666666667,14,1,1
0.6666666666666666,0.0,0.0,0.03666666666666667,14,2,5
0.3333333333333333,0.0,0.0,0.03666666666666667,14,2,4
0.5092592592592592,0.3509259259259259,0.3653198653198653,0.03666666666666667,14,2,1
0.06896551724137931,0.0018001800180018,0.003508771929824562,0.03666666666666667,14,3,3
0.3333333333333333,0.0,0.0,0.03666666666666667,14,3,4
0.6666666666666666,0.0,0.0,0.03666666666666667,14,3,5
0.07103825136612021,0.003910950661853189,0.00741374394069005,0.03666666666666667,14,3,2
0.496969696969697,0.3498470948012233,0.36333333333333334,0.03666666666666667,14,3,1
0.3333333333333333,0.0,0.0,0.03666666666666667,14,4,4
0.6666666666666666,0.0,0.0,0.03666666666666667,14,4,5
0.06896551724137931,0.0018001800180018,0.003508771929824562,0.03666666666666667,14,4,3
0.07103825136612021,0.003910950661853189,0.00741374394069005,0.03666666666666667,14,4,2
0.496969696969697,0.3498470948012233,0.36333333333333334,0.03666666666666667,14,4,1
0.08,0.003610108303249097,0.00690846286701209,0.03666666666666667,14,5,2
0.6666666666666666,0.0,0.0,0.03666666666666667,14,5,5
0.3333333333333333,0.0,0.0,0.03666666666666667,14,5,4
0.06896551724137931,0.0018001800180018,0.003508771929824562,0.03666666666666667,14,5,3
0.06896551724137931,0.0018001800180018,0.003508771929824562,0.03666666666666667,14,6,3
0.4905660377358491,0.3485818847209515,0.3611342785654712,0.03666666666666667,14,5,1
0.08,0.003610108303249097,0.00690846286701209,0.03666666666666667,14,6,2
0.3333333333333333,0.0,0.0,0.03666666666666667,14,6,4
0.6666666666666666,0.0,0.0,0.03666666666666667,14,6,5
0.4905660377358491,0.3485818847209515,0.3611342785654712,0.03666666666666667,14,6,1
0.06896551724137931,0.0018001800180018,0.003508771929824562,0.03666666666666667,14,7,3
0.6666666666666666,0.0,0.0,0.03666666666666667,14,7,5
0.3333333333333333,0.0,0.0,0.03666666666666667,14,7,4
0.08,0.003610108303249097,0.00690846286701209,0.03666666666666667,14,7,2
0.06896551724137931,0.0018001800180018,0.003508771929824562,0.03666666666666667,14,8,3
0.08,0.003610108303249097,0.00690846286701209,0.03666666666666667,14,8,2
0.4869281045751634,0.34761470677605594,0.359466221851543,0.03666666666666667,14,7,1
0.3333333333333333,0.0,0.0,0.03666666666666667,14,8,4
0.6666666666666666,0.0,0.0,0.03666666666666667,14,8,5
0.4869281045751634,0.34761470677605594,0.359466221851543,0.03666666666666667,14,8,1
0.08974358974358974,0.0021039975954313195,0.0041116005873715125,0.03666666666666667,14,9,3
0.3333333333333333,0.0,0.0,0.03666666666666667,14,9,4
0.0909090909090909,0.003606853020739405,0.006938421509106678,0.03666666666666667,14,9,2
0.6666666666666666,0.0,0.0,0.03666666666666667,14,9,5
0.08974358974358974,0.0021039975954313195,0.0041116005873715125,0.03666666666666667,14,10,3
0.4914089347079038,0.013990267639902675,0.025705504330818665,0.03666666666666667,14,9,1
0.6666666666666666,0.0,0.0,0.03666666666666667,14,10,5
0.3333333333333333,0.0,0.0,0.03666666666666667,14,10,4
0.0909090909090909,0.003606853020739405,0.006938421509106678,0.03666666666666667,14,10,2
0.4914089347079038,0.013990267639902675,0.025705504330818665,0.03666666666666667,14,10,1
0.08974358974358974,0.0021039975954313195,0.0041116005873715125,0.03666666666666667,14,11,3
0.3333333333333333,0.0,0.0,0.03666666666666667,14,11,4
0.6666666666666666,0.0,0.0,0.03666666666666667,14,11,5
0.0909090909090909,0.003606853020739405,0.006938421509106678,0.03666666666666667,14,11,2
0.48771929824561405,0.013369796414463689,0.02460850111856824,0.03666666666666667,14,11,1
0.06896551724137931,0.0018001800180018,0.003508771929824562,0.03666666666666667,15,1,3
0.07103825136612021,0.003910950661853189,0.00741374394069005,0.03666666666666667,15,1,2
0.6666666666666666,0.0,0.0,0.03666666666666667,15,1,5
0.3333333333333333,0.0,0.0,0.03666666666666667,15,1,4
0.5177304964539008,0.34935304990757854,0.3628117913832199,0.03666666666666667,15,1,1
0.06896551724137931,0.0018001800180018,0.003508771929824562,0.03666666666666667,15,2,3
0.07103825136612021,0.003910950661853189,0.00741374394069005,0.03666666666666667,15,2,2
0.6666666666666666,0.0,0.0,0.03666666666666667,15,2,5
0.3333333333333333,0.0,0.0,0.03666666666666667,15,2,4
0.5177304964539008,0.34935304990757854,0.3628117913832199,0.03666666666666667,15,2,1
0.06896551724137931,0.0018001800180018,0.003508771929824562,0.03666666666666667,15,3,3
0.3333333333333333,0.0,0.0,0.03666666666666667,15,3,4
0.6666666666666666,0.0,0.0,0.03666666666666667,15,3,5
0.07103825136612021,0.003910950661853189,0.00741374394069005,0.03666666666666667,15,3,2
0.06896551724137931,0.0018001800180018,0.003508771929824562,0.03666666666666667,15,4,3
0.5,0.3486098380690498,0.36132101875174927,0.03666666666666667,15,3,1
0.07103825136612021,0.003910950661853189,0.00741374394069005,0.03666666666666667,15,4,2
0.3333333333333333,0.0,0.0,0.03666666666666667,15,4,4
0.6666666666666666,0.0,0.0,0.03666666666666667,15,4,5
0.06896551724137931,0.0018001800180018,0.003508771929824562,0.03666666666666667,15,5,3
0.5,0.3486098380690498,0.36132101875174927,0.03666666666666667,15,4,1
0.3333333333333333,0.0,0.0,0.03666666666666667,15,5,4
0.08,0.003610108303249097,0.00690846286701209,0.03666666666666667,15,5,2
0.6666666666666666,0.0,0.0,0.03666666666666667,15,5,5
0.06896551724137931,0.0018001800180018,0.003508771929824562,0.03666666666666667,15,6,3
0.489795918367347,0.3473491773308958,0.3590604026845638,0.03666666666666667,15,5,1
0.08,0.003610108303249097,0.00690846286701209,0.03666666666666667,15,6,2
0.3333333333333333,0.0,0.0,0.03666666666666667,15,6,4
0.6666666666666666,0.0,0.0,0.03666666666666667,15,6,5
0.489795918367347,0.3473491773308958,0.3590604026845638,0.03666666666666667,15,6,1
0.06896551724137931,0.0018001800180018,0.003508771929824562,0.03666666666666667,15,7,3
0.3333333333333333,0.0,0.0,0.03666666666666667,15,7,4
0.08,0.003610108303249097,0.00690846286701209,0.03666666666666667,15,7,2
0.6666666666666666,0.0,0.0,0.03666666666666667,15,7,5
0.06896551724137931,0.0018001800180018,0.003508771929824562,0.03666666666666667,15,8,3
0.4858156028368794,0.3463873709775349,0.3573825503355705,0.03666666666666667,15,7,1
0.08,0.003610108303249097,0.00690846286701209,0.03666666666666667,15,8,2
0.6666666666666666,0.0,0.0,0.03666666666666667,15,8,5
0.3333333333333333,0.0,0.0,0.03666666666666667,15,8,4
0.4858156028368794,0.3463873709775349,0.3573825503355705,0.03666666666666667,15,8,1
0.08974358974358974,0.0021039975954313195,0.0041116005873715125,0.03666666666666667,15,9,3
0.3333333333333333,0.0,0.0,0.03666666666666667,15,9,4
0.6666666666666666,0.0,0.0,0.03666666666666667,15,9,5
0.0909090909090909,0.003606853020739405,0.006938421509106678,0.03666666666666667,15,9,2
0.4906367041198502,0.01276207839562443,0.023608768971332208,0.03666666666666667,15,9,1
0.08974358974358974,0.0021039975954313195,0.0041116005873715125,0.03666666666666667,15,10,3
0.6666666666666666,0.0,0.0,0.03666666666666667,15,10,5
0.0909090909090909,0.003606853020739405,0.006938421509106678,0.03666666666666667,15,10,2
0.3333333333333333,0.0,0.0,0.03666666666666667,15,10,4
0.08974358974358974,0.0021039975954313195,0.0041116005873715125,0.03666666666666667,15,11,3
0.4906367041198502,0.01276207839562443,0.023608768971332208,0.03666666666666667,15,10,1
0.0909090909090909,0.003606853020739405,0.006938421509106678,0.03666666666666667,15,11,2
0.3333333333333333,0.0,0.0,0.03666666666666667,15,11,4
0.6666666666666666,0.0,0.0,0.03666666666666667,15,11,5
0.4865900383141762,0.012143290831815423,0.022503516174402247,0.03666666666666667,15,11,1
0.06896551724137931,0.0018001800180018,0.003508771929824562,0.03666666666666667,16,1,3
0.07103825136612021,0.003910950661853189,0.00741374394069005,0.03666666666666667,16,1,2
0.6666666666666666,0.0,0.0,0.03666666666666667,16,1,5
0.3333333333333333,0.0,0.0,0.03666666666666667,16,1,4
0.5177304964539008,0.34935304990757854,0.3628117913832199,0.03666666666666667,16,1,1
0.06896551724137931,0.0018001800180018,0.003508771929824562,0.03666666666666667,16,2,3
0.3333333333333333,0.0,0.0,0.03666666666666667,16,2,4
0.07103825136612021,0.003910950661853189,0.00741374394069005,0.03666666666666667,16,2,2
0.6666666666666666,0.0,0.0,0.03666666666666667,16,2,5
0.5177304964539008,0.34935304990757854,0.3628117913832199,0.03666666666666667,16,2,1
0.06896551724137931,0.0018001800180018,0.003508771929824562,0.03666666666666667,16,3,3
0.3333333333333333,0.0,0.0,0.03666666666666667,16,3,4
0.6666666666666666,0.0,0.0,0.03666666666666667,16,3,5
0.07103825136612021,0.003910950661853189,0.00741374394069005,0.03666666666666667,16,3,2
0.06896551724137931,0.0018001800180018,0.003508771929824562,0.03666666666666667,16,4,3
0.5,0.3486098380690498,0.36132101875174927,0.03666666666666667,16,3,1
0.07103825136612021,0.003910950661853189,0.00741374394069005,0.03666666666666667,16,4,2
0.6666666666666666,0.0,0.0,0.03666666666666667,16,4,5
0.3333333333333333,0.0,0.0,0.03666666666666667,16,4,4
0.5,0.3486098380690498,0.36132101875174927,0.03666666666666667,16,4,1
0.06896551724137931,0.0018001800180018,0.003508771929824562,0.03666666666666667,16,5,3
0.08,0.003610108303249097,0.00690846286701209,0.03666666666666667,16,5,2
0.3333333333333333,0.0,0.0,0.03666666666666667,16,5,4
0.6666666666666666,0.0,0.0,0.03666666666666667,16,5,5
0.489795918367347,0.3473491773308958,0.3590604026845638,0.03666666666666667,16,5,1
0.06896551724137931,0.0018001800180018,0.003508771929824562,0.03666666666666667,16,6,3
0.08,0.003610108303249097,0.00690846286701209,0.03666666666666667,16,6,2
0.3333333333333333,0.0,0.0,0.03666666666666667,16,6,4
0.6666666666666666,0.0,0.0,0.03666666666666667,16,6,5
0.489795918367347,0.3473491773308958,0.3590604026845638,0.03666666666666667,16,6,1
0.06896551724137931,0.0018001800180018,0.003508771929824562,0.03666666666666667,16,7,3
0.08,0.003610108303249097,0.00690846286701209,0.03666666666666667,16,7,2
0.3333333333333333,0.0,0.0,0.03666666666666667,16,7,4
0.6666666666666666,0.0,0.0,0.03666666666666667,16,7,5
0.4858156028368794,0.3463873709775349,0.3573825503355705,0.03666666666666667,16,7,1
0.06896551724137931,0.0018001800180018,0.003508771929824562,0.03666666666666667,16,8,3
0.6666666666666666,0.0,0.0,0.03666666666666667,16,8,5
0.3333333333333333,0.0,0.0,0.03666666666666667,16,8,4
0.08,0.003610108303249097,0.00690846286701209,0.03666666666666667,16,8,2
0.08974358974358974,0.0021039975954313195,0.0041116005873715125,0.03666666666666667,16,9,3
0.4858156028368794,0.3463873709775349,0.3573825503355705,0.03666666666666667,16,8,1
0.3333333333333333,0.0,0.0,0.03666666666666667,16,9,4
0.6666666666666666,0.0,0.0,0.03666666666666667,16,9,5
0.0909090909090909,0.003606853020739405,0.006938421509106678,0.03666666666666667,16,9,2
0.08974358974358974,0.0021039975954313195,0.0041116005873715125,0.03666666666666667,16,10,3
0.4906367041198502,0.01276207839562443,0.023608768971332208,0.03666666666666667,16,9,1
0.0909090909090909,0.003606853020739405,0.006938421509106678,0.03666666666666667,16,10,2
0.6666666666666666,0.0,0.0,0.03666666666666667,16,10,5
0.3333333333333333,0.0,0.0,0.03666666666666667,16,10,4
0.4906367041198502,0.01276207839562443,0.023608768971332208,0.03666666666666667,16,10,1
0.3333333333333333,0.0,0.0,0.03666666666666667,16,11,4
0.08974358974358974,0.0021039975954313195,0.0041116005873715125,0.03666666666666667,16,11,3
0.0909090909090909,0.003606853020739405,0.006938421509106678,0.03666666666666667,16,11,2
0.6666666666666666,0.0,0.0,0.03666666666666667,16,11,5
0.4865900383141762,0.012143290831815423,0.022503516174402247,0.03666666666666667,16,11,1
0.06666666666666667,0.0011968880909634949,0.0023515579071134627,0.03666666666666667,17,1,3
0.6666666666666666,0.0,0.0,0.03666666666666667,17,1,5
0.3333333333333333,0.0,0.0,0.03666666666666667,17,1,4
0.08108108108108109,0.002702702702702703,0.0052310374891020054,0.03666666666666667,17,1,2
0.5307017543859649,0.3471837488457987,0.359217716422203,0.03666666666666667,17,1,1
0.6666666666666666,0.0,0.0,0.03666666666666667,17,2,5
0.06666666666666667,0.0011968880909634949,0.0023515579071134627,0.03666666666666667,17,2,3
0.3333333333333333,0.0,0.0,0.03666666666666667,17,2,4
0.08108108108108109,0.002702702702702703,0.0052310374891020054,0.03666666666666667,17,2,2
0.06666666666666667,0.0011968880909634949,0.0023515579071134627,0.03666666666666667,17,3,3
0.6666666666666666,0.0,0.0,0.03666666666666667,17,3,5
0.3333333333333333,0.0,0.0,0.03666666666666667,17,3,4
0.5307017543859649,0.3471837488457987,0.359217716422203,0.03666666666666667,17,2,1
0.08108108108108109,0.002702702702702703,0.0052310374891020054,0.03666666666666667,17,3,2
0.06666666666666667,0.0011968880909634949,0.0023515579071134627,0.03666666666666667,17,4,3
0.5100401606425703,0.34673979280926265,0.3582554517133956,0.03666666666666667,17,3,1
0.3333333333333333,0.0,0.0,0.03666666666666667,17,4,4
0.08108108108108109,0.002702702702702703,0.0052310374891020054,0.03666666666666667,17,4,2
0.6666666666666666,0.0,0.0,0.03666666666666667,17,4,5
0.5100401606425703,0.34673979280926265,0.3582554517133956,0.03666666666666667,17,4,1
0.06666666666666667,0.0011968880909634949,0.0023515579071134627,0.03666666666666667,17,5,3
0.3333333333333333,0.0,0.0,0.03666666666666667,17,5,4
0.1149425287356322,0.0030084235860409147,0.005863383172090296,0.03666666666666667,17,5,2
0.6666666666666666,0.0,0.0,0.03666666666666667,17,5,5
0.06666666666666667,0.0011968880909634949,0.0023515579071134627,0.03666666666666667,17,6,3
0.4920634920634921,0.3454876937101185,0.3559130680214508,0.03666666666666667,17,5,1
0.1149425287356322,0.0030084235860409147,0.005863383172090296,0.03666666666666667,17,6,2
0.3333333333333333,0.0,0.0,0.03666666666666667,17,6,4
0.6666666666666666,0.0,0.0,0.03666666666666667,17,6,5
0.4920634920634921,0.3454876937101185,0.3559130680214508,0.03666666666666667,17,6,1
0.06666666666666667,0.0011968880909634949,0.0023515579071134627,0.03666666666666667,17,7,3
0.1149425287356322,0.0030084235860409147,0.005863383172090296,0.03666666666666667,17,7,2
0.3333333333333333,0.0,0.0,0.03666666666666667,17,7,4
0.6666666666666666,0.0,0.0,0.03666666666666667,17,7,5
0.06666666666666667,0.0011968880909634949,0.0023515579071134627,0.03666666666666667,17,8,3
0.48559670781893005,0.3445352709657887,0.3542019176536943,0.03666666666666667,17,7,1
0.3333333333333333,0.0,0.0,0.03666666666666667,17,8,4
0.6666666666666666,0.0,0.0,0.03666666666666667,17,8,5
0.1149425287356322,0.0030084235860409147,0.005863383172090296,0.03666666666666667,17,8,2
0.08333333333333333,0.001498800959232614,0.002944640753828033,0.03666666666666667,17,9,3
0.48559670781893005,0.3445352709657887,0.3542019176536943,0.03666666666666667,17,8,1
0.4482758620689655,0.003005710850616171,0.005858230814294083,0.03666666666666667,17,9,2
0.3333333333333333,0.0,0.0,0.03666666666666667,17,9,4
0.4868421052631579,0.010606060606060605,0.01984126984126984,0.03666666666666667,17,9,1
0.6666666666666666,0.0,0.0,0.03666666666666667,17,9,5
0.08333333333333333,0.001498800959232614,0.002944640753828033,0.03666666666666667,17,10,3
0.4482758620689655,0.003005710850616171,0.005858230814294083,0.03666666666666667,17,10,2
0.3333333333333333,0.0,0.0,0.03666666666666667,17,10,4
0.4868421052631579,0.010606060606060605,0.01984126984126984,0.03666666666666667,17,10,1
0.6666666666666666,0.0,0.0,0.03666666666666667,17,10,5
0.08333333333333333,0.001498800959232614,0.002944640753828033,0.03666666666666667,17,11,3
0.3333333333333333,0.0,0.0,0.03666666666666667,17,11,4
0.4482758620689655,0.003005710850616171,0.005858230814294083,0.03666666666666667,17,11,2
0.6666666666666666,0.0,0.0,0.03666666666666667,17,11,5
0.06666666666666667,0.0011968880909634949,0.0023515579071134627,0.03666666666666667,18,1,3
0.48,0.009990917347865577,0.018707482993197275,0.03666666666666667,17,11,1
0.6666666666666666,0.0,0.0,0.03666666666666667,18,1,5
0.08108108108108109,0.002702702702702703,0.0052310374891020054,0.03666666666666667,18,1,2
0.3333333333333333,0.0,0.0,0.03666666666666667,18,1,4
0.5307017543859649,0.3471837488457987,0.359217716422203,0.03666666666666667,18,1,1
0.3333333333333333,0.0,0.0,0.03666666666666667,18,2,4
0.08108108108108109,0.002702702702702703,0.0052310374891020054,0.03666666666666667,18,2,2
0.6666666666666666,0.0,0.0,0.03666666666666667,18,2,5
0.06666666666666667,0.0011968880909634949,0.0023515579071134627,0.03666666666666667,18,2,3
0.5307017543859649,0.3471837488457987,0.359217716422203,0.03666666666666667,18,2,1
0.08108108108108109,0.002702702702702703,0.0052310374891020054,0.03666666666666667,18,3,2
0.3333333333333333,0.0,0.0,0.03666666666666667,18,3,4
0.06666666666666667,0.0011968880909634949,0.0023515579071134627,0.03666666666666667,18,3,3
0.6666666666666666,0.0,0.0,0.03666666666666667,18,3,5
0.5100401606425703,0.34673979280926265,0.3582554517133956,0.03666666666666667,18,3,1
0.6666666666666666,0.0,0.0,0.03666666666666667,18,4,5
0.3333333333333333,0.0,0.0,0.03666666666666667,18,4,4
0.06666666666666667,0.0011968880909634949,0.0023515579071134627,0.03666666666666667,18,4,3
0.08108108108108109,0.002702702702702703,0.0052310374891020054,0.03666666666666667,18,4,2
0.3333333333333333,0.0,0.0,0.03666666666666667,18,5,4
0.6666666666666666,0.0,0.0,0.03666666666666667,18,5,5
0.5100401606425703,0.34673979280926265,0.3582554517133956,0.03666666666666667,18,4,1
0.1149425287356322,0.0030084235860409147,0.005863383172090296,0.03666666666666667,18,5,2
0.06666666666666667,0.0011968880909634949,0.0023515579071134627,0.03666666666666667,18,5,3
0.4920634920634921,0.3454876937101185,0.3559130680214508,0.03666666666666667,18,5,1
0.06666666666666667,0.0011968880909634949,0.0023515579071134627,0.03666666666666667,18,6,3
0.3333333333333333,0.0,0.0,0.03666666666666667,18,6,4
0.1149425287356322,0.0030084235860409147,0.005863383172090296,0.03666666666666667,18,6,2
0.6666666666666666,0.0,0.0,0.03666666666666667,18,6,5
0.06666666666666667,0.0011968880909634949,0.0023515579071134627,0.03666666666666667,18,7,3
0.1149425287356322,0.0030084235860409147,0.005863383172090296,0.03666666666666667,18,7,2
0.6666666666666666,0.0,0.0,0.03666666666666667,18,7,5
0.3333333333333333,0.0,0.0,0.03666666666666667,18,7,4
0.4920634920634921,0.3454876937101185,0.3559130680214508,0.03666666666666667,18,6,1
0.48559670781893005,0.3445352709657887,0.3542019176536943,0.03666666666666667,18,7,1
0.3333333333333333,0.0,0.0,0.03666666666666667,18,8,4
0.06666666666666667,0.0011968880909634949,0.0023515579071134627,0.03666666666666667,18,8,3
0.1149425287356322,0.0030084235860409147,0.005863383172090296,0.03666666666666667,18,8,2
0.6666666666666666,0.0,0.0,0.03666666666666667,18,8,5
0.08333333333333333,0.001498800959232614,0.002944640753828033,0.03666666666666667,18,9,3
0.48559670781893005,0.3445352709657887,0.3542019176536943,0.03666666666666667,18,8,1
0.4482758620689655,0.003005710850616171,0.005858230814294083,0.03666666666666667,18,9,2
0.6666666666666666,0.0,0.0,0.03666666666666667,18,9,5
0.3333333333333333,0.0,0.0,0.03666666666666667,18,9,4
0.4868421052631579,0.010606060606060605,0.01984126984126984,0.03666666666666667,18,9,1
0.08333333333333333,0.001498800959232614,0.002944640753828033,0.03666666666666667,18,10,3
0.4482758620689655,0.003005710850616171,0.005858230814294083,0.03666666666666667,18,10,2
0.3333333333333333,0.0,0.0,0.03666666666666667,18,10,4
0.6666666666666666,0.0,0.0,0.03666666666666667,18,10,5
0.08333333333333333,0.001498800959232614,0.002944640753828033,0.03666666666666667,18,11,3
0.4868421052631579,0.010606060606060605,0.01984126984126984,0.03666666666666667,18,10,1
0.4482758620689655,0.003005710850616171,0.005858230814294083,0.03666666666666667,18,11,2
0.6666666666666666,0.0,0.0,0.03666666666666667,18,11,5
0.3333333333333333,0.0,0.0,0.03666666666666667,18,11,4
0.48,0.009990917347865577,0.018707482993197275,0.03666666666666667,18,11,1
0.06666666666666667,0.0011968880909634949,0.0023515579071134627,0.03666666666666667,19,1,3
0.08108108108108109,0.002702702702702703,0.0052310374891020054,0.03666666666666667,19,1,2
0.6666666666666666,0.0,0.0,0.03666666666666667,19,1,5
0.3333333333333333,0.0,0.0,0.03666666666666667,19,1,4
0.5285714285714286,0.012607626076260764,0.02368573079145003,0.03666666666666667,19,1,1
0.06666666666666667,0.0011968880909634949,0.0023515579071134627,0.03666666666666667,19,2,3
0.08108108108108109,0.002702702702702703,0.0052310374891020054,0.03666666666666667,19,2,2
0.3333333333333333,0.0,0.0,0.03666666666666667,19,2,4
0.6666666666666666,0.0,0.0,0.03666666666666667,19,2,5
0.5285714285714286,0.012607626076260764,0.02368573079145003,0.03666666666666667,19,2,1
0.06666666666666667,0.0011968880909634949,0.0023515579071134627,0.03666666666666667,19,3,3
0.08108108108108109,0.002702702702702703,0.0052310374891020054,0.03666666666666667,19,3,2
0.6666666666666666,0.0,0.0,0.03666666666666667,19,3,5
0.3333333333333333,0.0,0.0,0.03666666666666667,19,3,4
0.5085470085470085,0.01248097412480974,0.023302074452969588,0.03666666666666667,19,3,1
0.06666666666666667,0.0011968880909634949,0.0023515579071134627,0.03666666666666667,19,4,3
0.3333333333333333,0.0,0.0,0.03666666666666667,19,4,4
0.08108108108108109,0.002702702702702703,0.0052310374891020054,0.03666666666666667,19,4,2
0.6666666666666666,0.0,0.0,0.03666666666666667,19,4,5
0.5085470085470085,0.01248097412480974,0.023302074452969588,0.03666666666666667,19,4,1
0.06666666666666667,0.0011968880909634949,0.0023515579071134627,0.03666666666666667,19,5,3
0.3333333333333333,0.0,0.0,0.03666666666666667,19,5,4
0.1149425287356322,0.0030084235860409147,0.005863383172090296,0.03666666666666667,19,5,2
0.6666666666666666,0.0,0.0,0.03666666666666667,19,5,5
0.06666666666666667,0.0011968880909634949,0.0023515579071134627,0.03666666666666667,19,6,3
0.5021645021645021,0.011839708561020035,0.02212765957446808,0.03666666666666667,19,5,1
0.1149425287356322,0.0030084235860409147,0.005863383172090296,0.03666666666666667,19,6,2
0.6666666666666666,0.0,0.0,0.03666666666666667,19,6,5
0.3333333333333333,0.0,0.0,0.03666666666666667,19,6,4
0.5021645021645021,0.011839708561020035,0.02212765957446808,0.03666666666666667,19,6,1
0.06666666666666667,0.0011968880909634949,0.0023515579071134627,0.03666666666666667,19,7,3
0.6666666666666666,0.0,0.0,0.03666666666666667,19,7,5
0.3333333333333333,0.0,0.0,0.03666666666666667,19,7,4
0.1149425287356322,0.0030084235860409147,0.005863383172090296,0.03666666666666667,19,7,2
0.49333333333333335,0.3442226255293406,0.3537241574624752,0.03666666666666667,19,7,1
0.06666666666666667,0.0011968880909634949,0.0023515579071134627,0.03666666666666667,19,8,3
0.6666666666666666,0.0,0.0,0.03666666666666667,19,8,5
0.3333333333333333,0.0,0.0,0.03666666666666667,19,8,4
0.1149425287356322,0.0030084235860409147,0.005863383172090296,0.03666666666666667,19,8,2
0.08333333333333333,0.001498800959232614,0.002944640753828033,0.03666666666666667,19,9,3
0.49333333333333335,0.3442226255293406,0.3537241574624752,0.03666666666666667,19,8,1
0.4482758620689655,0.003005710850616171,0.005858230814294083,0.03666666666666667,19,9,2
0.3333333333333333,0.0,0.0,0.03666666666666667,19,9,4
0.6666666666666666,0.0,0.0,0.03666666666666667,19,9,5
0.49074074074074076,0.010293672419013019,0.01932367149758454,0.03666666666666667,19,9,1
0.08333333333333333,0.001498800959232614,0.002944640753828033,0.03666666666666667,19,10,3
0.6666666666666666,0.0,0.0,0.03666666666666667,19,10,5
0.3333333333333333,0.0,0.0,0.03666666666666667,19,10,4
0.4482758620689655,0.003005710850616171,0.005858230814294083,0.03666666666666667,19,10,2
0.08333333333333333,0.001498800959232614,0.002944640753828033,0.03666666666666667,19,11,3
0.49074074074074076,0.010293672419013019,0.01932367149758454,0.03666666666666667,19,10,1
0.4482758620689655,0.003005710850616171,0.005858230814294083,0.03666666666666667,19,11,2
0.3333333333333333,0.0,0.0,0.03666666666666667,19,11,4
0.6666666666666666,0.0,0.0,0.03666666666666667,19,11,5
0.4861111111111111,0.009990917347865577,0.018755328218243817,0.03666666666666667,19,11,1
0.06666666666666667,0.0011968880909634949,0.0023515579071134627,0.03666666666666667,20,1,3
0.08108108108108109,0.002702702702702703,0.0052310374891020054,0.03666666666666667,20,1,2
0.3333333333333333,0.0,0.0,0.03666666666666667,20,1,4
0.6666666666666666,0.0,0.0,0.03666666666666667,20,1,5
0.5285714285714286,0.012607626076260764,0.02368573079145003,0.03666666666666667,20,1,1
0.06666666666666667,0.0011968880909634949,0.0023515579071134627,0.03666666666666667,20,2,3
0.6666666666666666,0.0,0.0,0.03666666666666667,20,2,5
0.3333333333333333,0.0,0.0,0.03666666666666667,20,2,4
0.08108108108108109,0.002702702702702703,0.0052310374891020054,0.03666666666666667,20,2,2
0.06666666666666667,0.0011968880909634949,0.0023515579071134627,0.03666666666666667,20,3,3
0.3333333333333333,0.0,0.0,0.03666666666666667,20,3,4
0.5285714285714286,0.012607626076260764,0.02368573079145003,0.03666666666666667,20,2,1
0.08108108108108109,0.002702702702702703,0.0052310374891020054,0.03666666666666667,20,3,2
0.6666666666666666,0.0,0.0,0.03666666666666667,20,3,5
0.3333333333333333,0.0,0.0,0.03666666666666667,20,4,4
0.06666666666666667,0.0011968880909634949,0.0023515579071134627,0.03666666666666667,20,4,3
0.5085470085470085,0.01248097412480974,0.023302074452969588,0.03666666666666667,20,3,1
0.08108108108108109,0.002702702702702703,0.0052310374891020054,0.03666666666666667,20,4,2
0.6666666666666666,0.0,0.0,0.03666666666666667,20,4,5
0.5085470085470085,0.01248097412480974,0.023302074452969588,0.03666666666666667,20,4,1
0.3333333333333333,0.0,0.0,0.03666666666666667,20,5,4
0.6666666666666666,0.0,0.0,0.03666666666666667,20,5,5
0.1149425287356322,0.0030084235860409147,0.005863383172090296,0.03666666666666667,20,5,2
0.06666666666666667,0.0011968880909634949,0.0023515579071134627,0.03666666666666667,20,5,3
0.06666666666666667,0.0011968880909634949,0.0023515579071134627,0.03666666666666667,20,6,3
0.5021645021645021,0.011839708561020035,0.02212765957446808,0.03666666666666667,20,5,1
0.1149425287356322,0.0030084235860409147,0.005863383172090296,0.03666666666666667,20,6,2
0.6666666666666666,0.0,0.0,0.03666666666666667,20,6,5
0.3333333333333333,0.0,0.0,0.03666666666666667,20,6,4
0.5021645021645021,0.011839708561020035,0.02212765957446808,0.03666666666666667,20,6,1
0.06666666666666667,0.0011968880909634949,0.0023515579071134627,0.03666666666666667,20,7,3
0.3333333333333333,0.0,0.0,0.03666666666666667,20,7,4
0.6666666666666666,0.0,0.0,0.03666666666666667,20,7,5
0.1149425287356322,0.0030084235860409147,0.005863383172090296,0.03666666666666667,20,7,2
0.49333333333333335,0.3442226255293406,0.3537241574624752,0.03666666666666667,20,7,1
0.06666666666666667,0.0011968880909634949,0.0023515579071134627,0.03666666666666667,20,8,3
0.1149425287356322,0.0030084235860409147,0.005863383172090296,0.03666666666666667,20,8,2
0.3333333333333333,0.0,0.0,0.03666666666666667,20,8,4
0.6666666666666666,0.0,0.0,0.03666666666666667,20,8,5
0.08333333333333333,0.001498800959232614,0.002944640753828033,0.03666666666666667,20,9,3
0.49333333333333335,0.3442226255293406,0.3537241574624752,0.03666666666666667,20,8,1
0.3333333333333333,0.0,0.0,0.03666666666666667,20,9,4
0.6666666666666666,0.0,0.0,0.03666666666666667,20,9,5
0.4482758620689655,0.003005710850616171,0.005858230814294083,0.03666666666666667,20,9,2
0.08333333333333333,0.001498800959232614,0.002944640753828033,0.03666666666666667,20,10,3
0.49074074074074076,0.010293672419013019,0.01932367149758454,0.03666666666666667,20,9,1
0.3333333333333333,0.0,0.0,0.03666666666666667,20,10,4
0.6666666666666666,0.0,0.0,0.03666666666666667,20,10,5
0.4482758620689655,0.003005710850616171,0.005858230814294083,0.03666666666666667,20,10,2
0.49074074074074076,0.010293672419013019,0.01932367149758454,0.03666666666666667,20,10,1
0.3333333333333333,0.0,0.0,0.03666666666666667,20,11,4
0.08333333333333333,0.001498800959232614,0.002944640753828033,0.03666666666666667,20,11,3
0.6666666666666666,0.0,0.0,0.03666666666666667,20,11,5
0.4482758620689655,0.003005710850616171,0.005858230814294083,0.03666666666666667,20,11,2
0.4861111111111111,0.009990917347865577,0.018755328218243817,0.03666666666666667,20,11,1
0.06666666666666667,0.0011968880909634949,0.0023515579071134627,0.03666666666666667,21,1,3
0.3333333333333333,0.0,0.0,0.03666666666666667,21,1,4
0.08333333333333333,0.002702702702702703,0.005235602094240837,0.03666666666666667,21,1,2
0.6666666666666666,0.0,0.0,0.03666666666666667,21,1,5
0.06666666666666667,0.0011968880909634949,0.0023515579071134627,0.03666666666666667,21,2,3
0.5333333333333333,0.011009174311926606,0.020869565217391306,0.03666666666666667,21,1,1
0.3333333333333333,0.0,0.0,0.03666666666666667,21,2,4
0.08333333333333333,0.002702702702702703,0.005235602094240837,0.03666666666666667,21,2,2
0.6666666666666666,0.0,0.0,0.03666666666666667,21,2,5
0.06666666666666667,0.0011968880909634949,0.0023515579071134627,0.03666666666666667,21,3,3
0.5333333333333333,0.011009174311926606,0.020869565217391306,0.03666666666666667,21,2,1
0.08333333333333333,0.002702702702702703,0.005235602094240837,0.03666666666666667,21,3,2
0.6666666666666666,0.0,0.0,0.03666666666666667,21,3,5
0.3333333333333333,0.0,0.0,0.03666666666666667,21,3,4
0.5142857142857142,0.01153612629022465,0.02168949771689498,0.03666666666666667,21,3,1
0.06666666666666667,0.0011968880909634949,0.0023515579071134627,0.03666666666666667,21,4,3
0.08333333333333333,0.002702702702702703,0.005235602094240837,0.03666666666666667,21,4,2
0.3333333333333333,0.0,0.0,0.03666666666666667,21,4,4
0.6666666666666666,0.0,0.0,0.03666666666666667,21,4,5
0.5142857142857142,0.01153612629022465,0.02168949771689498,0.03666666666666667,21,4,1
0.3333333333333333,0.0,0.0,0.03666666666666667,21,5,4
0.06666666666666667,0.0011968880909634949,0.0023515579071134627,0.03666666666666667,21,5,3
0.11904761904761905,0.0030084235860409147,0.005868544600938966,0.03666666666666667,21,5,2
0.6666666666666666,0.0,0.0,0.03666666666666667,21,5,5
0.5098039215686274,0.01090909090909091,0.020547945205479454,0.03666666666666667,21,5,1
0.06666666666666667,0.0011968880909634949,0.0023515579071134627,0.03666666666666667,21,6,3
0.11904761904761905,0.0030084235860409147,0.005868544600938966,0.03666666666666667,21,6,2
0.6666666666666666,0.0,0.0,0.03666666666666667,21,6,5
0.3333333333333333,0.0,0.0,0.03666666666666667,21,6,4
0.5098039215686274,0.01090909090909091,0.020547945205479454,0.03666666666666667,21,6,1
0.06666666666666667,0.0011968880909634949,0.0023515579071134627,0.03666666666666667,21,7,3
0.11904761904761905,0.0030084235860409147,0.005868544600938966,0.03666666666666667,21,7,2
0.3333333333333333,0.0,0.0,0.03666666666666667,21,7,4
0.6666666666666666,0.0,0.0,0.03666666666666667,21,7,5
0.5024154589371981,0.34392014519056263,0.35325932251636777,0.03666666666666667,21,7,1
0.06666666666666667,0.0011968880909634949,0.0023515579071134627,0.03666666666666667,21,8,3
0.3333333333333333,0.0,0.0,0.03666666666666667,21,8,4
0.11904761904761905,0.0030084235860409147,0.005868544600938966,0.03666666666666667,21,8,2
0.6666666666666666,0.0,0.0,0.03666666666666667,21,8,5
0.08333333333333333,0.001498800959232614,0.002944640753828033,0.03666666666666667,21,9,3
0.5024154589371981,0.34392014519056263,0.35325932251636777,0.03666666666666667,21,8,1
0.3333333333333333,0.0,0.0,0.03666666666666667,21,9,4
0.4523809523809524,0.003005710850616171,0.005863383172090297,0.03666666666666667,21,9,2
0.6666666666666666,0.0,0.0,0.03666666666666667,21,9,5
0.5050505050505051,0.010293672419013019,0.01942302199371608,0.03666666666666667,21,9,1
0.08333333333333333,0.001498800959232614,0.002944640753828033,0.03666666666666667,21,10,3
0.4523809523809524,0.003005710850616171,0.005863383172090297,0.03666666666666667,21,10,2
0.6666666666666666,0.0,0.0,0.03666666666666667,21,10,5
0.3333333333333333,0.0,0.0,0.03666666666666667,21,10,4
0.5050505050505051,0.010293672419013019,0.01942302199371608,0.03666666666666667,21,10,1
0.08333333333333333,0.001498800959232614,0.002944640753828033,0.03666666666666667,21,11,3
0.4523809523809524,0.003005710850616171,0.005863383172090297,0.03666666666666667,21,11,2
0.3333333333333333,0.0,0.0,0.03666666666666667,21,11,4
0.6666666666666666,0.0,0.0,0.03666666666666667,21,11,5
0.06666666666666667,0.0011968880909634949,0.0023515579071134627,0.03666666666666667,22,1,3
0.4950980392156863,0.009990917347865577,0.01881950384944397,0.03666666666666667,21,11,1
0.08333333333333333,0.002702702702702703,0.005235602094240837,0.03666666666666667,22,1,2
0.6666666666666666,0.0,0.0,0.03666666666666667,22,1,5
0.3333333333333333,0.0,0.0,0.03666666666666667,22,1,4
0.5333333333333333,0.011009174311926606,0.020869565217391306,0.03666666666666667,22,1,1
0.06666666666666667,0.0011968880909634949,0.0023515579071134627,0.03666666666666667,22,2,3
0.08333333333333333,0.002702702702702703,0.005235602094240837,0.03666666666666667,22,2,2
0.6666666666666666,0.0,0.0,0.03666666666666667,22,2,5
0.3333333333333333,0.0,0.0,0.03666666666666667,22,2,4
0.5333333333333333,0.011009174311926606,0.020869565217391306,0.03666666666666667,22,2,1
0.06666666666666667,0.0011968880909634949,0.0023515579071134627,0.03666666666666667,22,3,3
0.3333333333333333,0.0,0.0,0.03666666666666667,22,3,4
0.08333333333333333,0.002702702702702703,0.005235602094240837,0.03666666666666667,22,3,2
0.6666666666666666,0.0,0.0,0.03666666666666667,22,3,5
0.5142857142857142,0.01153612629022465,0.02168949771689498,0.03666666666666667,22,3,1
0.06666666666666667,0.0011968880909634949,0.0023515579071134627,0.03666666666666667,22,4,3
0.6666666666666666,0.0,0.0,0.03666666666666667,22,4,5
0.3333333333333333,0.0,0.0,0.03666666666666667,22,4,4
0.08333333333333333,0.002702702702702703,0.005235602094240837,0.03666666666666667,22,4,2
0.06666666666666667,0.0011968880909634949,0.0023515579071134627,0.03666666666666667,22,5,3
0.6666666666666666,0.0,0.0,0.03666666666666667,22,5,5
0.5142857142857142,0.01153612629022465,0.02168949771689498,0.03666666666666667,22,4,1
0.3333333333333333,0.0,0.0,0.03666666666666667,22,5,4
0.11904761904761905,0.0030084235860409147,0.005868544600938966,0.03666666666666667,22,5,2
0.06666666666666667,0.0011968880909634949,0.0023515579071134627,0.03666666666666667,22,6,3
0.5098039215686274,0.01090909090909091,0.020547945205479454,0.03666666666666667,22,5,1
0.6666666666666666,0.0,0.0,0.03666666666666667,22,6,5
0.3333333333333333,0.0,0.0,0.03666666666666667,22,6,4
0.11904761904761905,0.0030084235860409147,0.005868544600938966,0.03666666666666667,22,6,2
0.06666666666666667,0.0011968880909634949,0.0023515579071134627,0.03666666666666667,22,7,3
0.5098039215686274,0.01090909090909091,0.020547945205479454,0.03666666666666667,22,6,1
0.11904761904761905,0.0030084235860409147,0.005868544600938966,0.03666666666666667,22,7,2
0.3333333333333333,0.0,0.0,0.03666666666666667,22,7,4
0.6666666666666666,0.0,0.0,0.03666666666666667,22,7,5
0.5024154589371981,0.34392014519056263,0.35325932251636777,0.03666666666666667,22,7,1
0.3333333333333333,0.0,0.0,0.03666666666666667,22,8,4
0.06666666666666667,0.0011968880909634949,0.0023515579071134627,0.03666666666666667,22,8,3
0.6666666666666666,0.0,0.0,0.03666666666666667,22,8,5
0.11904761904761905,0.0030084235860409147,0.005868544600938966,0.03666666666666667,22,8,2
0.5024154589371981,0.34392014519056263,0.35325932251636777,0.03666666666666667,22,8,1
0.6666666666666666,0.0,0.0,0.03666666666666667,22,9,5
0.08333333333333333,0.001498800959232614,0.002944640753828033,0.03666666666666667,22,9,3
0.3333333333333333,0.0,0.0,0.03666666666666667,22,9,4
0.4523809523809524,0.003005710850616171,0.005863383172090297,0.03666666666666667,22,9,2
0.08333333333333333,0.001498800959232614,0.002944640753828033,0.03666666666666667,22,10,3
0.3333333333333333,0.0,0.0,0.03666666666666667,22,10,4
0.4523809523809524,0.003005710850616171,0.005863383172090297,0.03666666666666667,22,10,2
0.5050505050505051,0.010293672419013019,0.01942302199371608,0.03666666666666667,22,9,1
0.6666666666666666,0.0,0.0,0.03666666666666667,22,10,5
0.5050505050505051,0.010293672419013019,0.01942302199371608,0.03666666666666667,22,10,1
0.6666666666666666,0.0,0.0,0.03666666666666667,22,11,5
0.4523809523809524,0.003005710850616171,0.005863383172090297,0.03666666666666667,22,11,2
0.3333333333333333,0.0,0.0,0.03666666666666667,22,11,4
0.08333333333333333,0.001498800959232614,0.002944640753828033,0.03666666666666667,22,11,3
0.06666666666666667,0.0011968880909634949,0.0023515579071134627,0.03666666666666667,23,1,3
0.08333333333333333,0.002702702702702703,0.005235602094240837,0.03666666666666667,23,1,2
0.3333333333333333,0.0,0.0,0.03666666666666667,23,1,4
0.6666666666666666,0.0,0.0,0.03666666666666667,23,1,5
0.4950980392156863,0.009990917347865577,0.01881950384944397,0.03666666666666667,22,11,1
0.5370370370370371,0.010064043915827997,0.019180470793374017,0.03666666666666667,23,1,1
0.06666666666666667,0.0011968880909634949,0.0023515579071134627,0.03666666666666667,23,2,3
0.3333333333333333,0.0,0.0,0.03666666666666667,23,2,4
0.08333333333333333,0.002702702702702703,0.005235602094240837,0.03666666666666667,23,2,2
0.6666666666666666,0.0,0.0,0.03666666666666667,23,2,5
0.5370370370370371,0.010064043915827997,0.019180470793374017,0.03666666666666667,23,2,1
0.06666666666666667,0.0011968880909634949,0.0023515579071134627,0.03666666666666667,23,3,3
0.3333333333333333,0.0,0.0,0.03666666666666667,23,3,4
0.08333333333333333,0.002702702702702703,0.005235602094240837,0.03666666666666667,23,3,2
0.6666666666666666,0.0,0.0,0.03666666666666667,23,3,5
0.515625,0.01059642749016046,0.02002861230329041,0.03666666666666667,23,3,1
0.6666666666666666,0.0,0.0,0.03666666666666667,23,4,5
0.3333333333333333,0.0,0.0,0.03666666666666667,23,4,4
0.08333333333333333,0.002702702702702703,0.005235602094240837,0.03666666666666667,23,4,2
0.06666666666666667,0.0011968880909634949,0.0023515579071134627,0.03666666666666667,23,4,3
0.06666666666666667,0.0011968880909634949,0.0023515579071134627,0.03666666666666667,23,5,3
0.515625,0.01059642749016046,0.02002861230329041,0.03666666666666667,23,4,1
0.6666666666666666,0.0,0.0,0.03666666666666667,23,5,5
0.3333333333333333,0.0,0.0,0.03666666666666667,23,5,4
0.11904761904761905,0.0030084235860409147,0.005868544600938966,0.03666666666666667,23,5,2
0.5076923076923077,0.010275007555152614,0.019406392694063926,0.03666666666666667,23,5,1
0.06666666666666667,0.0011968880909634949,0.0023515579071134627,0.03666666666666667,23,6,3
0.6666666666666666,0.0,0.0,0.03666666666666667,23,6,5
0.3333333333333333,0.0,0.0,0.03666666666666667,23,6,4
0.11904761904761905,0.0030084235860409147,0.005868544600938966,0.03666666666666667,23,6,2
0.5076923076923077,0.010275007555152614,0.019406392694063926,0.03666666666666667,23,6,1
0.11904761904761905,0.0030084235860409147,0.005868544600938966,0.03666666666666667,23,7,2
0.06666666666666667,0.0011968880909634949,0.0023515579071134627,0.03666666666666667,23,7,3
0.6666666666666666,0.0,0.0,0.03666666666666667,23,7,5
0.3333333333333333,0.0,0.0,0.03666666666666667,23,7,4
0.5052083333333334,0.343288084464555,0.3521528371827773,0.03666666666666667,23,7,1
0.06666666666666667,0.0011968880909634949,0.0023515579071134627,0.03666666666666667,23,8,3
0.11904761904761905,0.0030084235860409147,0.005868544600938966,0.03666666666666667,23,8,2
0.3333333333333333,0.0,0.0,0.03666666666666667,23,8,4
0.6666666666666666,0.0,0.0,0.03666666666666667,23,8,5
0.08333333333333333,0.001498800959232614,0.002944640753828033,0.03666666666666667,23,9,3
0.5052083333333334,0.343288084464555,0.3521528371827773,0.03666666666666667,23,8,1
0.4523809523809524,0.003005710850616171,0.005863383172090297,0.03666666666666667,23,9,2
0.3333333333333333,0.0,0.0,0.03666666666666667,23,9,4
0.6666666666666666,0.0,0.0,0.03666666666666667,23,9,5
0.08333333333333333,0.001498800959232614,0.002944640753828033,0.03666666666666667,23,10,3
0.4523809523809524,0.003005710850616171,0.005863383172090297,0.03666666666666667,23,10,2
0.5055555555555555,0.009359903381642512,0.01775486827033219,0.03666666666666667,23,9,1
0.3333333333333333,0.0,0.0,0.03666666666666667,23,10,4
0.6666666666666666,0.0,0.0,0.03666666666666667,23,10,5
0.5055555555555555,0.009359903381642512,0.01775486827033219,0.03666666666666667,23,10,1
0.08333333333333333,0.001498800959232614,0.002944640753828033,0.03666666666666667,23,11,3
0.4523809523809524,0.003005710850616171,0.005863383172090297,0.03666666666666667,23,11,2
0.3333333333333333,0.0,0.0,0.03666666666666667,23,11,4
0.6666666666666666,0.0,0.0,0.03666666666666667,23,11,5
0.4946236559139785,0.009057971014492754,0.01715265866209262,0.03666666666666667,23,11,1
0.3333333333333333,0.0,0.0,0.03666666666666667,24,1,4
0.06666666666666667,0.0011968880909634949,0.0023515579071134627,0.03666666666666667,24,1,3
0.08333333333333333,0.002702702702702703,0.005235602094240837,0.03666666666666667,24,1,2
0.6666666666666666,0.0,0.0,0.03666666666666667,24,1,5
0.06666666666666667,0.0011968880909634949,0.0023515579071134627,0.03666666666666667,24,2,3
0.5370370370370371,0.010064043915827997,0.019180470793374017,0.03666666666666667,24,1,1
0.6666666666666666,0.0,0.0,0.03666666666666667,24,2,5
0.3333333333333333,0.0,0.0,0.03666666666666667,24,2,4
0.08333333333333333,0.002702702702702703,0.005235602094240837,0.03666666666666667,24,2,2
0.06666666666666667,0.0011968880909634949,0.0023515579071134627,0.03666666666666667,24,3,3
0.5370370370370371,0.010064043915827997,0.019180470793374017,0.03666666666666667,24,2,1
0.6666666666666666,0.0,0.0,0.03666666666666667,24,3,5
0.3333333333333333,0.0,0.0,0.03666666666666667,24,3,4
0.08333333333333333,0.002702702702702703,0.005235602094240837,0.03666666666666667,24,3,2
0.3333333333333333,0.0,0.0,0.03666666666666667,24,4,4
0.515625,0.01059642749016046,0.02002861230329041,0.03666666666666667,24,3,1
0.08333333333333333,0.002702702702702703,0.005235602094240837,0.03666666666666667,24,4,2
0.06666666666666667,0.0011968880909634949,0.0023515579071134627,0.03666666666666667,24,4,3
0.6666666666666666,0.0,0.0,0.03666666666666667,24,4,5
0.515625,0.01059642749016046,0.02002861230329041,0.03666666666666667,24,4,1
0.06666666666666667,0.0011968880909634949,0.0023515579071134627,0.03666666666666667,24,5,3
0.3333333333333333,0.0,0.0,0.03666666666666667,24,5,4
0.6666666666666666,0.0,0.0,0.03666666666666667,24,5,5
0.11904761904761905,0.0030084235860409147,0.005868544600938966,0.03666666666666667,24,5,2
0.5076923076923077,0.010275007555152614,0.019406392694063926,0.03666666666666667,24,5,1
0.06666666666666667,0.0011968880909634949,0.0023515579071134627,0.03666666666666667,24,6,3
0.3333333333333333,0.0,0.0,0.03666666666666667,24,6,4
0.6666666666666666,0.0,0.0,0.03666666666666667,24,6,5
0.11904761904761905,0.0030084235860409147,0.005868544600938966,0.03666666666666667,24,6,2
0.06666666666666667,0.0011968880909634949,0.0023515579071134627,0.03666666666666667,24,7,3
0.5076923076923077,0.010275007555152614,0.019406392694063926,0.03666666666666667,24,6,1
0.11904761904761905,0.0030084235860409147,0.005868544600938966,0.03666666666666667,24,7,2
0.6666666666666666,0.0,0.0,0.03666666666666667,24,7,5
0.3333333333333333,0.0,0.0,0.03666666666666667,24,7,4
0.5052083333333334,0.343288084464555,0.3521528371827773,0.03666666666666667,24,7,1
0.06666666666666667,0.0011968880909634949,0.0023515579071134627,0.03666666666666667,24,8,3
0.3333333333333333,0.0,0.0,0.03666666666666667,24,8,4
0.11904761904761905,0.0030084235860409147,0.005868544600938966,0.03666666666666667,24,8,2
0.6666666666666666,0.0,0.0,0.03666666666666667,24,8,5
0.5052083333333334,0.343288084464555,0.3521528371827773,0.03666666666666667,24,8,1
0.3333333333333333,0.0,0.0,0.03666666666666667,24,9,4
0.4523809523809524,0.003005710850616171,0.005863383172090297,0.03666666666666667,24,9,2
0.6666666666666666,0.0,0.0,0.03666666666666667,24,9,5
0.08333333333333333,0.001498800959232614,0.002944640753828033,0.03666666666666667,24,9,3
0.5055555555555555,0.009359903381642512,0.01775486827033219,0.03666666666666667,24,9,1
0.4523809523809524,0.003005710850616171,0.005863383172090297,0.03666666666666667,24,10,2
0.08333333333333333,0.001498800959232614,0.002944640753828033,0.03666666666666667,24,10,3
0.6666666666666666,0.0,0.0,0.03666666666666667,24,10,5
0.3333333333333333,0.0,0.0,0.03666666666666667,24,10,4
0.08333333333333333,0.001498800959232614,0.002944640753828033,0.03666666666666667,24,11,3
0.5055555555555555,0.009359903381642512,0.01775486827033219,0.03666666666666667,24,10,1
0.3333333333333333,0.0,0.0,0.03666666666666667,24,11,4
0.6666666666666666,0.0,0.0,0.03666666666666667,24,11,5
0.4523809523809524,0.003005710850616171,0.005863383172090297,0.03666666666666667,24,11,2
0.6666666666666666,0.0,0.0,0.06333333333333332,1,1,4
0.6666666666666666,0.0,0.0,0.06333333333333332,1,1,5
0.056603773584905655,0.002702702702702703,0.0051590713671539135,0.06333333333333332,1,1,3
0.4946236559139785,0.009057971014492754,0.01715265866209262,0.03666666666666667,24,11,1
0.056603773584905655,0.002702702702702703,0.0051590713671539135,0.06333333333333332,1,2,3
0.6666666666666666,0.0,0.0,0.06333333333333332,1,2,4
0.056201550387596895,0.008708708708708709,0.015080603224128965,0.06333333333333332,1,1,2
0.6666666666666666,0.0,0.0,0.06333333333333332,1,2,5
0.056201550387596895,0.008708708708708709,0.015080603224128965,0.06333333333333332,1,2,2
0.056603773584905655,0.002702702702702703,0.0051590713671539135,0.06333333333333332,1,3,3
0.6666666666666666,0.0,0.0,0.06333333333333332,1,3,4
0.06536030341340077,0.35640558591378263,0.08742801225596357,0.06333333333333332,1,1,1
0.6666666666666666,0.0,0.0,0.06333333333333332,1,3,5
0.056201550387596895,0.008708708708708709,0.015080603224128965,0.06333333333333332,1,3,2
0.06536030341340077,0.35640558591378263,0.08742801225596357,0.06333333333333332,1,2,1
0.6666666666666666,0.0,0.0,0.06333333333333332,1,4,4
0.056603773584905655,0.002702702702702703,0.0051590713671539135,0.06333333333333332,1,4,3
0.056201550387596895,0.008708708708708709,0.015080603224128965,0.06333333333333332,1,4,2
0.6666666666666666,0.0,0.0,0.06333333333333332,1,4,5
0.07965107965107965,0.3527272727272727,0.10749339373348434,0.06333333333333332,1,3,1
0.03076923076923077,0.003590664272890485,0.006430868167202571,0.06333333333333332,1,5,2
0.6666666666666666,0.0,0.0,0.06333333333333332,1,5,5
0.6666666666666666,0.0,0.0,0.06333333333333332,1,5,4
0.056603773584905655,0.002702702702702703,0.0051590713671539135,0.06333333333333332,1,5,3
0.07965107965107965,0.3527272727272727,0.10749339373348434,0.06333333333333332,1,4,1
0.6666666666666666,0.0,0.0,0.06333333333333332,1,6,5
0.6666666666666666,0.0,0.0,0.06333333333333332,1,6,4
0.056603773584905655,0.002702702702702703,0.0051590713671539135,0.06333333333333332,1,6,3
0.03076923076923077,0.003590664272890485,0.006430868167202571,0.06333333333333332,1,6,2
0.07630522088353413,0.3484026522001205,0.10309227425409999,0.06333333333333332,1,5,1
0.6666666666666666,0.0,0.0,0.06333333333333332,1,7,5
0.6666666666666666,0.0,0.0,0.06333333333333332,1,7,4
0.056603773584905655,0.002702702702702703,0.0051590713671539135,0.06333333333333332,1,7,3
0.03076923076923077,0.003590664272890485,0.006430868167202571,0.06333333333333332,1,7,2
0.07630522088353413,0.3484026522001205,0.10309227425409999,0.06333333333333332,1,6,1
0.056603773584905655,0.002702702702702703,0.0051590713671539135,0.06333333333333332,1,8,3
0.028589993502274202,0.01324902137910268,0.01810699588477366,0.06333333333333332,1,7,1
0.03076923076923077,0.003590664272890485,0.006430868167202571,0.06333333333333332,1,8,2
0.6666666666666666,0.0,0.0,0.06333333333333332,1,8,4
0.6666666666666666,0.0,0.0,0.06333333333333332,1,8,5
0.028589993502274202,0.01324902137910268,0.01810699588477366,0.06333333333333332,1,8,1
0.6666666666666666,0.0,0.0,0.06333333333333332,1,9,5
0.6666666666666666,0.0,0.0,0.06333333333333332,1,9,4
0.37414965986394555,0.0017969451931716084,0.003442340791738382,0.06333333333333332,1,9,3
0.033639143730886854,0.0032943995208146153,0.006001091107474086,0.06333333333333332,1,9,2
0.37414965986394555,0.0017969451931716084,0.003442340791738382,0.06333333333333332,1,10,3
0.6666666666666666,0.0,0.0,0.06333333333333332,1,10,5
0.033639143730886854,0.0032943995208146153,0.006001091107474086,0.06333333333333332,1,10,2
0.6666666666666666,0.0,0.0,0.06333333333333332,1,10,4
0.027165932452276064,0.011151295961422544,0.01581196581196581,0.06333333333333332,1,9,1
0.6666666666666666,0.0,0.0,0.06333333333333332,1,11,5
0.6666666666666666,0.0,0.0,0.06333333333333332,1,11,4
0.027165932452276064,0.011151295961422544,0.01581196581196581,0.06333333333333332,1,10,1
0.37414965986394555,0.0017969451931716084,0.003442340791738382,0.06333333333333332,1,11,3
0.033639143730886854,0.0032943995208146153,0.006001091107474086,0.06333333333333332,1,11,2
0.6666666666666666,0.0,0.0,0.06333333333333332,2,1,5
0.6666666666666666,0.0,0.0,0.06333333333333332,2,1,4
0.056603773584905655,0.002702702702702703,0.0051590713671539135,0.06333333333333332,2,1,3
0.056201550387596895,0.008708708708708709,0.015080603224128965,0.06333333333333332,2,1,2
0.026418026418026416,0.010219416892094981,0.014737754659731253,0.06333333333333332,1,11,1
0.056603773584905655,0.002702702702702703,0.0051590713671539135,0.06333333333333332,2,2,3
0.6666666666666666,0.0,0.0,0.06333333333333332,2,2,5
0.6666666666666666,0.0,0.0,0.06333333333333332,2,2,4
0.056201550387596895,0.008708708708708709,0.015080603224128965,0.06333333333333332,2,2,2
0.06536030341340077,0.35640558591378263,0.08742801225596357,0.06333333333333332,2,1,1
0.056603773584905655,0.002702702702702703,0.0051590713671539135,0.06333333333333332,2,3,3
0.6666666666666666,0.0,0.0,0.06333333333333332,2,3,4
0.6666666666666666,0.0,0.0,0.06333333333333332,2,3,5
0.056201550387596895,0.008708708708708709,0.015080603224128965,0.06333333333333332,2,3,2
0.06536030341340077,0.35640558591378263,0.08742801225596357,0.06333333333333332,2,2,1
0.056603773584905655,0.002702702702702703,0.0051590713671539135,0.06333333333333332,2,4,3
0.6666666666666666,0.0,0.0,0.06333333333333332,2,4,4
0.6666666666666666,0.0,0.0,0.06333333333333332,2,4,5
0.056201550387596895,0.008708708708708709,0.015080603224128965,0.06333333333333332,2,4,2
0.07965107965107965,0.3527272727272727,0.10749339373348434,0.06333333333333332,2,3,1
0.056603773584905655,0.002702702702702703,0.0051590713671539135,0.06333333333333332,2,5,3
0.6666666666666666,0.0,0.0,0.06333333333333332,2,5,5
0.6666666666666666,0.0,0.0,0.06333333333333332,2,5,4
0.03076923076923077,0.003590664272890485,0.006430868167202571,0.06333333333333332,2,5,2
0.07965107965107965,0.3527272727272727,0.10749339373348434,0.06333333333333332,2,4,1
0.056603773584905655,0.002702702702702703,0.0051590713671539135,0.06333333333333332,2,6,3
0.6666666666666666,0.0,0.0,0.06333333333333332,2,6,4
0.03076923076923077,0.003590664272890485,0.006430868167202571,0.06333333333333332,2,6,2
0.07630522088353413,0.3484026522001205,0.10309227425409999,0.06333333333333332,2,5,1
0.6666666666666666,0.0,0.0,0.06333333333333332,2,6,5
0.6666666666666666,0.0,0.0,0.06333333333333332,2,7,4
0.056603773584905655,0.002702702702702703,0.0051590713671539135,0.06333333333333332,2,7,3
0.6666666666666666,0.0,0.0,0.06333333333333332,2,7,5
0.03076923076923077,0.003590664272890485,0.006430868167202571,0.06333333333333332,2,7,2
0.07630522088353413,0.3484026522001205,0.10309227425409999,0.06333333333333332,2,6,1
0.056603773584905655,0.002702702702702703,0.0051590713671539135,0.06333333333333332,2,8,3
0.6666666666666666,0.0,0.0,0.06333333333333332,2,8,4
0.6666666666666666,0.0,0.0,0.06333333333333332,2,8,5
0.03076923076923077,0.003590664272890485,0.006430868167202571,0.06333333333333332,2,8,2
0.028589993502274202,0.01324902137910268,0.01810699588477366,0.06333333333333332,2,7,1
0.033639143730886854,0.0032943995208146153,0.006001091107474086,0.06333333333333332,2,9,2
0.6666666666666666,0.0,0.0,0.06333333333333332,2,9,4
0.6666666666666666,0.0,0.0,0.06333333333333332,2,9,5
0.37414965986394555,0.0017969451931716084,0.003442340791738382,0.06333333333333332,2,9,3
0.028589993502274202,0.01324902137910268,0.01810699588477366,0.06333333333333332,2,8,1
0.37414965986394555,0.0017969451931716084,0.003442340791738382,0.06333333333333332,2,10,3
0.6666666666666666,0.0,0.0,0.06333333333333332,2,10,5
0.6666666666666666,0.0,0.0,0.06333333333333332,2,10,4
0.027165932452276064,0.011151295961422544,0.01581196581196581,0.06333333333333332,2,9,1
0.033639143730886854,0.0032943995208146153,0.006001091107474086,0.06333333333333332,2,10,2
0.37414965986394555,0.0017969451931716084,0.003442340791738382,0.06333333333333332,2,11,3
0.6666666666666666,0.0,0.0,0.06333333333333332,2,11,5
0.6666666666666666,0.0,0.0,0.06333333333333332,2,11,4
0.027165932452276064,0.011151295961422544,0.01581196581196581,0.06333333333333332,2,10,1
0.033639143730886854,0.0032943995208146153,0.006001091107474086,0.06333333333333332,2,11,2
0.056603773584905655,0.002702702702702703,0.0051590713671539135,0.06333333333333332,3,1,3
0.6666666666666666,0.0,0.0,0.06333333333333332,3,1,5
0.6666666666666666,0.0,0.0,0.06333333333333332,3,1,4
0.026418026418026416,0.010219416892094981,0.014737754659731253,0.06333333333333332,2,11,1
0.056201550387596895,0.008708708708708709,0.015080603224128965,0.06333333333333332,3,1,2
0.056603773584905655,0.002702702702702703,0.0051590713671539135,0.06333333333333332,3,2,3
0.056201550387596895,0.008708708708708709,0.015080603224128965,0.06333333333333332,3,2,2
0.6666666666666666,0.0,0.0,0.06333333333333332,3,2,5
0.6666666666666666,0.0,0.0,0.06333333333333332,3,2,4
0.06536030341340077,0.35640558591378263,0.08742801225596357,0.06333333333333332,3,1,1
0.056603773584905655,0.002702702702702703,0.0051590713671539135,0.06333333333333332,3,3,3
0.6666666666666666,0.0,0.0,0.06333333333333332,3,3,5
0.6666666666666666,0.0,0.0,0.06333333333333332,3,3,4
0.056201550387596895,0.008708708708708709,0.015080603224128965,0.06333333333333332,3,3,2
0.06536030341340077,0.35640558591378263,0.08742801225596357,0.06333333333333332,3,2,1
0.056603773584905655,0.002702702702702703,0.0051590713671539135,0.06333333333333332,3,4,3
0.6666666666666666,0.0,0.0,0.06333333333333332,3,4,4
0.6666666666666666,0.0,0.0,0.06333333333333332,3,4,5
0.056201550387596895,0.008708708708708709,0.015080603224128965,0.06333333333333332,3,4,2
0.07965107965107965,0.3527272727272727,0.10749339373348434,0.06333333333333332,3,3,1
0.056603773584905655,0.002702702702702703,0.0051590713671539135,0.06333333333333332,3,5,3
0.03076923076923077,0.003590664272890485,0.006430868167202571,0.06333333333333332,3,5,2
0.6666666666666666,0.0,0.0,0.06333333333333332,3,5,4
0.6666666666666666,0.0,0.0,0.06333333333333332,3,5,5
0.07965107965107965,0.3527272727272727,0.10749339373348434,0.06333333333333332,3,4,1
0.056603773584905655,0.002702702702702703,0.0051590713671539135,0.06333333333333332,3,6,3
0.6666666666666666,0.0,0.0,0.06333333333333332,3,6,4
0.6666666666666666,0.0,0.0,0.06333333333333332,3,6,5
0.07630522088353413,0.3484026522001205,0.10309227425409999,0.06333333333333332,3,5,1
0.03076923076923077,0.003590664272890485,0.006430868167202571,0.06333333333333332,3,6,2
0.6666666666666666,0.0,0.0,0.06333333333333332,3,7,4
0.056603773584905655,0.002702702702702703,0.0051590713671539135,0.06333333333333332,3,7,3
0.6666666666666666,0.0,0.0,0.06333333333333332,3,7,5
0.03076923076923077,0.003590664272890485,0.006430868167202571,0.06333333333333332,3,7,2
0.07630522088353413,0.3484026522001205,0.10309227425409999,0.06333333333333332,3,6,1
0.6666666666666666,0.0,0.0,0.06333333333333332,3,8,4
0.056603773584905655,0.002702702702702703,0.0051590713671539135,0.06333333333333332,3,8,3
0.6666666666666666,0.0,0.0,0.06333333333333332,3,8,5
0.03076923076923077,0.003590664272890485,0.006430868167202571,0.06333333333333332,3,8,2
0.028589993502274202,0.01324902137910268,0.01810699588477366,0.06333333333333332,3,7,1
0.6666666666666666,0.0,0.0,0.06333333333333332,3,9,4
0.37414965986394555,0.0017969451931716084,0.003442340791738382,0.06333333333333332,3,9,3
0.6666666666666666,0.0,0.0,0.06333333333333332,3,9,5
0.033639143730886854,0.0032943995208146153,0.006001091107474086,0.06333333333333332,3,9,2
0.028589993502274202,0.01324902137910268,0.01810699588477366,0.06333333333333332,3,8,1
0.37414965986394555,0.0017969451931716084,0.003442340791738382,0.06333333333333332,3,10,3
0.6666666666666666,0.0,0.0,0.06333333333333332,3,10,5
0.6666666666666666,0.0,0.0,0.06333333333333332,3,10,4
0.033639143730886854,0.0032943995208146153,0.006001091107474086,0.06333333333333332,3,10,2
0.027165932452276064,0.011151295961422544,0.01581196581196581,0.06333333333333332,3,9,1
0.37414965986394555,0.0017969451931716084,0.003442340791738382,0.06333333333333332,3,11,3
0.6666666666666666,0.0,0.0,0.06333333333333332,3,11,4
0.033639143730886854,0.0032943995208146153,0.006001091107474086,0.06333333333333332,3,11,2
0.6666666666666666,0.0,0.0,0.06333333333333332,3,11,5
0.027165932452276064,0.011151295961422544,0.01581196581196581,0.06333333333333332,3,10,1
0.056603773584905655,0.002702702702702703,0.0051590713671539135,0.06333333333333332,4,1,3
0.026418026418026416,0.010219416892094981,0.014737754659731253,0.06333333333333332,3,11,1
0.6666666666666666,0.0,0.0,0.06333333333333332,4,1,5
0.6666666666666666,0.0,0.0,0.06333333333333332,4,1,4
0.056201550387596895,0.008708708708708709,0.015080603224128965,0.06333333333333332,4,1,2
0.6666666666666666,0.0,0.0,0.06333333333333332,4,2,5
0.6666666666666666,0.0,0.0,0.06333333333333332,4,2,4
0.056603773584905655,0.002702702702702703,0.0051590713671539135,0.06333333333333332,4,2,3
0.056201550387596895,0.008708708708708709,0.015080603224128965,0.06333333333333332,4,2,2
0.06536030341340077,0.35640558591378263,0.08742801225596357,0.06333333333333332,4,1,1
0.056603773584905655,0.002702702702702703,0.0051590713671539135,0.06333333333333332,4,3,3
0.6666666666666666,0.0,0.0,0.06333333333333332,4,3,4
0.056201550387596895,0.008708708708708709,0.015080603224128965,0.06333333333333332,4,3,2
0.6666666666666666,0.0,0.0,0.06333333333333332,4,3,5
0.06536030341340077,0.35640558591378263,0.08742801225596357,0.06333333333333332,4,2,1
0.056603773584905655,0.002702702702702703,0.0051590713671539135,0.06333333333333332,4,4,3
0.6666666666666666,0.0,0.0,0.06333333333333332,4,4,5
0.6666666666666666,0.0,0.0,0.06333333333333332,4,4,4
0.056201550387596895,0.008708708708708709,0.015080603224128965,0.06333333333333332,4,4,2
0.07965107965107965,0.3527272727272727,0.10749339373348434,0.06333333333333332,4,3,1
0.056603773584905655,0.002702702702702703,0.0051590713671539135,0.06333333333333332,4,5,3
0.6666666666666666,0.0,0.0,0.06333333333333332,4,5,5
0.03076923076923077,0.003590664272890485,0.006430868167202571,0.06333333333333332,4,5,2
0.6666666666666666,0.0,0.0,0.06333333333333332,4,5,4
0.07965107965107965,0.3527272727272727,0.10749339373348434,0.06333333333333332,4,4,1
0.6666666666666666,0.0,0.0,0.06333333333333332,4,6,5
0.6666666666666666,0.0,0.0,0.06333333333333332,4,6,4
0.056603773584905655,0.002702702702702703,0.0051590713671539135,0.06333333333333332,4,6,3
0.07630522088353413,0.3484026522001205,0.10309227425409999,0.06333333333333332,4,5,1
0.03076923076923077,0.003590664272890485,0.006430868167202571,0.06333333333333332,4,6,2
0.6666666666666666,0.0,0.0,0.06333333333333332,4,7,4
0.056603773584905655,0.002702702702702703,0.0051590713671539135,0.06333333333333332,4,7,3
0.6666666666666666,0.0,0.0,0.06333333333333332,4,7,5
0.07630522088353413,0.3484026522001205,0.10309227425409999,0.06333333333333332,4,6,1
0.03076923076923077,0.003590664272890485,0.006430868167202571,0.06333333333333332,4,7,2
0.6666666666666666,0.0,0.0,0.06333333333333332,4,8,5
0.6666666666666666,0.0,0.0,0.06333333333333332,4,8,4
0.028589993502274202,0.01324902137910268,0.01810699588477366,0.06333333333333332,4,7,1
0.03076923076923077,0.003590664272890485,0.006430868167202571,0.06333333333333332,4,8,2
0.056603773584905655,0.002702702702702703,0.0051590713671539135,0.06333333333333332,4,8,3
0.37414965986394555,0.0017969451931716084,0.003442340791738382,0.06333333333333332,4,9,3
0.6666666666666666,0.0,0.0,0.06333333333333332,4,9,4
0.033639143730886854,0.0032943995208146153,0.006001091107474086,0.06333333333333332,4,9,2
0.6666666666666666,0.0,0.0,0.06333333333333332,4,9,5
0.028589993502274202,0.01324902137910268,0.01810699588477366,0.06333333333333332,4,8,1
0.6666666666666666,0.0,0.0,0.06333333333333332,4,10,5
0.6666666666666666,0.0,0.0,0.06333333333333332,4,10,4
0.027165932452276064,0.011151295961422544,0.01581196581196581,0.06333333333333332,4,9,1
0.033639143730886854,0.0032943995208146153,0.006001091107474086,0.06333333333333332,4,10,2
0.37414965986394555,0.0017969451931716084,0.003442340791738382,0.06333333333333332,4,10,3
0.37414965986394555,0.0017969451931716084,0.003442340791738382,0.06333333333333332,4,11,3
0.033639143730886854,0.0032943995208146153,0.006001091107474086,0.06333333333333332,4,11,2
0.6666666666666666,0.0,0.0,0.06333333333333332,4,11,5
0.027165932452276064,0.011151295961422544,0.01581196581196581,0.06333333333333332,4,10,1
0.6666666666666666,0.0,0.0,0.06333333333333332,4,11,4
0.6666666666666666,0.0,0.0,0.06333333333333332,5,1,4
0.6666666666666666,0.0,0.0,0.06333333333333332,5,1,5
0.056603773584905655,0.002702702702702703,0.0051590713671539135,0.06333333333333332,5,1,3
0.026418026418026416,0.010219416892094981,0.014737754659731253,0.06333333333333332,4,11,1
0.056201550387596895,0.008708708708708709,0.015080603224128965,0.06333333333333332,5,1,2
0.056603773584905655,0.002702702702702703,0.0051590713671539135,0.06333333333333332,5,2,3
0.6666666666666666,0.0,0.0,0.06333333333333332,5,2,4
0.6666666666666666,0.0,0.0,0.06333333333333332,5,2,5
0.056201550387596895,0.008708708708708709,0.015080603224128965,0.06333333333333332,5,2,2
0.09594801223241589,0.35490732300212696,0.10495035152569399,0.06333333333333332,5,1,1
0.056603773584905655,0.002702702702702703,0.0051590713671539135,0.06333333333333332,5,3,3
0.6666666666666666,0.0,0.0,0.06333333333333332,5,3,5
0.6666666666666666,0.0,0.0,0.06333333333333332,5,3,4
0.056201550387596895,0.008708708708708709,0.015080603224128965,0.06333333333333332,5,3,2
0.09594801223241589,0.35490732300212696,0.10495035152569399,0.06333333333333332,5,2,1
0.056603773584905655,0.002702702702702703,0.0051590713671539135,0.06333333333333332,5,4,3
0.6666666666666666,0.0,0.0,0.06333333333333332,5,4,4
0.12207792207792208,0.3527272727272727,0.13984287317620653,0.06333333333333332,5,3,1
0.6666666666666666,0.0,0.0,0.06333333333333332,5,4,5
0.056201550387596895,0.008708708708708709,0.015080603224128965,0.06333333333333332,5,4,2
0.056603773584905655,0.002702702702702703,0.0051590713671539135,0.06333333333333332,5,5,3
0.12207792207792208,0.3527272727272727,0.13984287317620653,0.06333333333333332,5,4,1
0.6666666666666666,0.0,0.0,0.06333333333333332,5,5,5
0.6666666666666666,0.0,0.0,0.06333333333333332,5,5,4
0.03076923076923077,0.003590664272890485,0.006430868167202571,0.06333333333333332,5,5,2
0.056603773584905655,0.002702702702702703,0.0051590713671539135,0.06333333333333332,5,6,3
0.6666666666666666,0.0,0.0,0.06333333333333332,5,6,5
0.6666666666666666,0.0,0.0,0.06333333333333332,5,6,4
0.11656686626746508,0.3484026522001205,0.13425925925925927,0.06333333333333332,5,5,1
0.03076923076923077,0.003590664272890485,0.006430868167202571,0.06333333333333332,5,6,2
0.056603773584905655,0.002702702702702703,0.0051590713671539135,0.06333333333333332,5,7,3
0.03076923076923077,0.003590664272890485,0.006430868167202571,0.06333333333333332,5,7,2
0.6666666666666666,0.0,0.0,0.06333333333333332,5,7,5
0.11656686626746508,0.3484026522001205,0.13425925925925927,0.06333333333333332,5,6,1
0.6666666666666666,0.0,0.0,0.06333333333333332,5,7,4
0.056603773584905655,0.002702702702702703,0.0051590713671539135,0.06333333333333332,5,8,3
0.048726467331118496,0.01324902137910268,0.020833333333333332,0.06333333333333332,5,7,1
0.6666666666666666,0.0,0.0,0.06333333333333332,5,8,4
0.6666666666666666,0.0,0.0,0.06333333333333332,5,8,5
0.03076923076923077,0.003590664272890485,0.006430868167202571,0.06333333333333332,5,8,2
0.048726467331118496,0.01324902137910268,0.020833333333333332,0.06333333333333332,5,8,1
0.37414965986394555,0.0017969451931716084,0.003442340791738382,0.06333333333333332,5,9,3
0.033639143730886854,0.0032943995208146153,0.006001091107474086,0.06333333333333332,5,9,2
0.6666666666666666,0.0,0.0,0.06333333333333332,5,9,4
0.6666666666666666,0.0,0.0,0.06333333333333332,5,9,5
0.6666666666666666,0.0,0.0,0.06333333333333332,5,10,4
0.6666666666666666,0.0,0.0,0.06333333333333332,5,10,5
0.37414965986394555,0.0017969451931716084,0.003442340791738382,0.06333333333333332,5,10,3
0.033639143730886854,0.0032943995208146153,0.006001091107474086,0.06333333333333332,5,10,2
0.04534313725490196,0.011151295961422544,0.017900338655055636,0.06333333333333332,5,9,1
0.37414965986394555,0.0017969451931716084,0.003442340791738382,0.06333333333333332,5,11,3
0.033639143730886854,0.0032943995208146153,0.006001091107474086,0.06333333333333332,5,11,2
0.6666666666666666,0.0,0.0,0.06333333333333332,5,11,5
0.6666666666666666,0.0,0.0,0.06333333333333332,5,11,4
0.04534313725490196,0.011151295961422544,0.017900338655055636,0.06333333333333332,5,10,1
0.056603773584905655,0.002702702702702703,0.0051590713671539135,0.06333333333333332,6,1,3
0.6666666666666666,0.0,0.0,0.06333333333333332,6,1,5
0.043256997455470736,0.010219416892094981,0.01653294432287868,0.06333333333333332,5,11,1
0.6666666666666666,0.0,0.0,0.06333333333333332,6,1,4
0.056201550387596895,0.008708708708708709,0.015080603224128965,0.06333333333333332,6,1,2
0.056603773584905655,0.002702702702702703,0.0051590713671539135,0.06333333333333332,6,2,3
0.6666666666666666,0.0,0.0,0.06333333333333332,6,2,4
0.6666666666666666,0.0,0.0,0.06333333333333332,6,2,5
0.09594801223241589,0.35490732300212696,0.10495035152569399,0.06333333333333332,6,1,1
0.056201550387596895,0.008708708708708709,0.015080603224128965,0.06333333333333332,6,2,2
0.056603773584905655,0.002702702702702703,0.0051590713671539135,0.06333333333333332,6,3,3
0.6666666666666666,0.0,0.0,0.06333333333333332,6,3,5
0.6666666666666666,0.0,0.0,0.06333333333333332,6,3,4
0.056201550387596895,0.008708708708708709,0.015080603224128965,0.06333333333333332,6,3,2
0.09594801223241589,0.35490732300212696,0.10495035152569399,0.06333333333333332,6,2,1
0.056603773584905655,0.002702702702702703,0.0051590713671539135,0.06333333333333332,6,4,3
0.6666666666666666,0.0,0.0,0.06333333333333332,6,4,5
0.056201550387596895,0.008708708708708709,0.015080603224128965,0.06333333333333332,6,4,2
0.6666666666666666,0.0,0.0,0.06333333333333332,6,4,4
0.12207792207792208,0.3527272727272727,0.13984287317620653,0.06333333333333332,6,3,1
0.056603773584905655,0.002702702702702703,0.0051590713671539135,0.06333333333333332,6,5,3
0.6666666666666666,0.0,0.0,0.06333333333333332,6,5,4
0.6666666666666666,0.0,0.0,0.06333333333333332,6,5,5
0.12207792207792208,0.3527272727272727,0.13984287317620653,0.06333333333333332,6,4,1
0.03076923076923077,0.003590664272890485,0.006430868167202571,0.06333333333333332,6,5,2
0.056603773584905655,0.002702702702702703,0.0051590713671539135,0.06333333333333332,6,6,3
0.11656686626746508,0.3484026522001205,0.13425925925925927,0.06333333333333332,6,5,1
0.6666666666666666,0.0,0.0,0.06333333333333332,6,6,5
0.03076923076923077,0.003590664272890485,0.006430868167202571,0.06333333333333332,6,6,2
0.6666666666666666,0.0,0.0,0.06333333333333332,6,6,4
0.6666666666666666,0.0,0.0,0.06333333333333332,6,7,4
0.056603773584905655,0.002702702702702703,0.0051590713671539135,0.06333333333333332,6,7,3
0.6666666666666666,0.0,0.0,0.06333333333333332,6,7,5
0.11656686626746508,0.3484026522001205,0.13425925925925927,0.06333333333333332,6,6,1
0.03076923076923077,0.003590664272890485,0.006430868167202571,0.06333333333333332,6,7,2
0.6666666666666666,0.0,0.0,0.06333333333333332,6,8,4
0.048726467331118496,0.01324902137910268,0.020833333333333332,0.06333333333333332,6,7,1
0.056603773584905655,0.002702702702702703,0.0051590713671539135,0.06333333333333332,6,8,3
0.6666666666666666,0.0,0.0,0.06333333333333332,6,8,5
0.03076923076923077,0.003590664272890485,0.006430868167202571,0.06333333333333332,6,8,2
0.37414965986394555,0.0017969451931716084,0.003442340791738382,0.06333333333333332,6,9,3
0.048726467331118496,0.01324902137910268,0.020833333333333332,0.06333333333333332,6,8,1
0.033639143730886854,0.0032943995208146153,0.006001091107474086,0.06333333333333332,6,9,2
0.6666666666666666,0.0,0.0,0.06333333333333332,6,9,5
0.6666666666666666,0.0,0.0,0.06333333333333332,6,9,4
0.37414965986394555,0.0017969451931716084,0.003442340791738382,0.06333333333333332,6,10,3
0.04534313725490196,0.011151295961422544,0.017900338655055636,0.06333333333333332,6,9,1
0.6666666666666666,0.0,0.0,0.06333333333333332,6,10,4
0.033639143730886854,0.0032943995208146153,0.006001091107474086,0.06333333333333332,6,10,2
0.6666666666666666,0.0,0.0,0.06333333333333332,6,10,5
0.37414965986394555,0.0017969451931716084,0.003442340791738382,0.06333333333333332,6,11,3
0.033639143730886854,0.0032943995208146153,0.006001091107474086,0.06333333333333332,6,11,2
0.6666666666666666,0.0,0.0,0.06333333333333332,6,11,5
0.6666666666666666,0.0,0.0,0.06333333333333332,6,11,4
0.04534313725490196,0.011151295961422544,0.017900338655055636,0.06333333333333332,6,10,1
0.056603773584905655,0.002702702702702703,0.0051590713671539135,0.06333333333333332,7,1,3
0.043256997455470736,0.010219416892094981,0.01653294432287868,0.06333333333333332,6,11,1
0.6666666666666666,0.0,0.0,0.06333333333333332,7,1,5
0.6666666666666666,0.0,0.0,0.06333333333333332,7,1,4
0.056201550387596895,0.008708708708708709,0.015080603224128965,0.06333333333333332,7,1,2
0.056603773584905655,0.002702702702702703,0.0051590713671539135,0.06333333333333332,7,2,3
0.6666666666666666,0.0,0.0,0.06333333333333332,7,2,4
0.056201550387596895,0.008708708708708709,0.015080603224128965,0.06333333333333332,7,2,2
0.09670542635658914,0.35490732300212696,0.10507167285163355,0.06333333333333332,7,1,1
0.6666666666666666,0.0,0.0,0.06333333333333332,7,2,5
0.056603773584905655,0.002702702702702703,0.0051590713671539135,0.06333333333333332,7,3,3
0.6666666666666666,0.0,0.0,0.06333333333333332,7,3,4
0.6666666666666666,0.0,0.0,0.06333333333333332,7,3,5
0.09670542635658914,0.35490732300212696,0.10507167285163355,0.06333333333333332,7,2,1
0.056603773584905655,0.002702702702702703,0.0051590713671539135,0.06333333333333332,7,4,3
0.056201550387596895,0.008708708708708709,0.015080603224128965,0.06333333333333332,7,3,2
0.6666666666666666,0.0,0.0,0.06333333333333332,7,4,4
0.056201550387596895,0.008708708708708709,0.015080603224128965,0.06333333333333332,7,4,2
0.6666666666666666,0.0,0.0,0.06333333333333332,7,4,5
0.12265966754155731,0.3527272727272727,0.1399204741541001,0.06333333333333332,7,3,1
0.6666666666666666,0.0,0.0,0.06333333333333332,7,5,4
0.056603773584905655,0.002702702702702703,0.0051590713671539135,0.06333333333333332,7,5,3
0.6666666666666666,0.0,0.0,0.06333333333333332,7,5,5
0.12265966754155731,0.3527272727272727,0.1399204741541001,0.06333333333333332,7,4,1
0.03076923076923077,0.003590664272890485,0.006430868167202571,0.06333333333333332,7,5,2
0.6666666666666666,0.0,0.0,0.06333333333333332,7,6,4
0.6666666666666666,0.0,0.0,0.06333333333333332,7,6,5
0.03076923076923077,0.003590664272890485,0.006430868167202571,0.06333333333333332,7,6,2
0.056603773584905655,0.002702702702702703,0.0051590713671539135,0.06333333333333332,7,6,3
0.11717171717171719,0.3484026522001205,0.1343237387805633,0.06333333333333332,7,5,1
0.056603773584905655,0.002702702702702703,0.0051590713671539135,0.06333333333333332,7,7,3
0.6666666666666666,0.0,0.0,0.06333333333333332,7,7,5
0.6666666666666666,0.0,0.0,0.06333333333333332,7,7,4
0.11717171717171719,0.3484026522001205,0.1343237387805633,0.06333333333333332,7,6,1
0.03076923076923077,0.003590664272890485,0.006430868167202571,0.06333333333333332,7,7,2
0.6666666666666666,0.0,0.0,0.06333333333333332,7,8,5
0.04905239687848384,0.01324902137910268,0.020862968231389282,0.06333333333333332,7,7,1
0.056603773584905655,0.002702702702702703,0.0051590713671539135,0.06333333333333332,7,8,3
0.6666666666666666,0.0,0.0,0.06333333333333332,7,8,4
0.03076923076923077,0.003590664272890485,0.006430868167202571,0.06333333333333332,7,8,2
0.04905239687848384,0.01324902137910268,0.020862968231389282,0.06333333333333332,7,8,1
0.6666666666666666,0.0,0.0,0.06333333333333332,7,9,4
0.6666666666666666,0.0,0.0,0.06333333333333332,7,9,5
0.37414965986394555,0.0017969451931716084,0.003442340791738382,0.06333333333333332,7,9,3
0.033639143730886854,0.0032943995208146153,0.006001091107474086,0.06333333333333332,7,9,2
0.033639143730886854,0.0032943995208146153,0.006001091107474086,0.06333333333333332,7,10,2
0.37414965986394555,0.0017969451931716084,0.003442340791738382,0.06333333333333332,7,10,3
0.6666666666666666,0.0,0.0,0.06333333333333332,7,10,4
0.6666666666666666,0.0,0.0,0.06333333333333332,7,10,5
0.04567901234567901,0.011151295961422544,0.017926356589147287,0.06333333333333332,7,9,1
0.04567901234567901,0.011151295961422544,0.017926356589147287,0.06333333333333332,7,10,1
0.37414965986394555,0.0017969451931716084,0.003442340791738382,0.06333333333333332,7,11,3
0.6666666666666666,0.0,0.0,0.06333333333333332,7,11,4
0.6666666666666666,0.0,0.0,0.06333333333333332,7,11,5
0.033639143730886854,0.0032943995208146153,0.006001091107474086,0.06333333333333332,7,11,2
0.056603773584905655,0.002702702702702703,0.0051590713671539135,0.06333333333333332,8,1,3
0.043256997455470736,0.010219416892094981,0.01653294432287868,0.06333333333333332,7,11,1
0.6666666666666666,0.0,0.0,0.06333333333333332,8,1,5
0.6666666666666666,0.0,0.0,0.06333333333333332,8,1,4
0.056201550387596895,0.008708708708708709,0.015080603224128965,0.06333333333333332,8,1,2
0.056603773584905655,0.002702702702702703,0.0051590713671539135,0.06333333333333332,8,2,3
0.6666666666666666,0.0,0.0,0.06333333333333332,8,2,5
0.09670542635658914,0.35490732300212696,0.10507167285163355,0.06333333333333332,8,1,1
0.6666666666666666,0.0,0.0,0.06333333333333332,8,2,4
0.056201550387596895,0.008708708708708709,0.015080603224128965,0.06333333333333332,8,2,2
0.056603773584905655,0.002702702702702703,0.0051590713671539135,0.06333333333333332,8,3,3
0.6666666666666666,0.0,0.0,0.06333333333333332,8,3,4
0.6666666666666666,0.0,0.0,0.06333333333333332,8,3,5
0.09670542635658914,0.35490732300212696,0.10507167285163355,0.06333333333333332,8,2,1
0.056201550387596895,0.008708708708708709,0.015080603224128965,0.06333333333333332,8,3,2
0.6666666666666666,0.0,0.0,0.06333333333333332,8,4,4
0.056603773584905655,0.002702702702702703,0.0051590713671539135,0.06333333333333332,8,4,3
0.6666666666666666,0.0,0.0,0.06333333333333332,8,4,5
0.12265966754155731,0.3527272727272727,0.1399204741541001,0.06333333333333332,8,3,1
0.056201550387596895,0.008708708708708709,0.015080603224128965,0.06333333333333332,8,4,2
0.056603773584905655,0.002702702702702703,0.0051590713671539135,0.06333333333333332,8,5,3
0.6666666666666666,0.0,0.0,0.06333333333333332,8,5,4
0.12265966754155731,0.3527272727272727,0.1399204741541001,0.06333333333333332,8,4,1
0.6666666666666666,0.0,0.0,0.06333333333333332,8,5,5
0.03076923076923077,0.003590664272890485,0.006430868167202571,0.06333333333333332,8,5,2
0.056603773584905655,0.002702702702702703,0.0051590713671539135,0.06333333333333332,8,6,3
0.6666666666666666,0.0,0.0,0.06333333333333332,8,6,4
0.11717171717171719,0.3484026522001205,0.1343237387805633,0.06333333333333332,8,5,1
0.03076923076923077,0.003590664272890485,0.006430868167202571,0.06333333333333332,8,6,2
0.6666666666666666,0.0,0.0,0.06333333333333332,8,6,5
0.056603773584905655,0.002702702702702703,0.0051590713671539135,0.06333333333333332,8,7,3
0.11717171717171719,0.3484026522001205,0.1343237387805633,0.06333333333333332,8,6,1
0.6666666666666666,0.0,0.0,0.06333333333333332,8,7,4
0.6666666666666666,0.0,0.0,0.06333333333333332,8,7,5
0.03076923076923077,0.003590664272890485,0.006430868167202571,0.06333333333333332,8,7,2
0.056603773584905655,0.002702702702702703,0.0051590713671539135,0.06333333333333332,8,8,3
0.6666666666666666,0.0,0.0,0.06333333333333332,8,8,4
0.6666666666666666,0.0,0.0,0.06333333333333332,8,8,5
0.03076923076923077,0.003590664272890485,0.006430868167202571,0.06333333333333332,8,8,2
0.04905239687848384,0.01324902137910268,0.020862968231389282,0.06333333333333332,8,7,1
0.37414965986394555,0.0017969451931716084,0.003442340791738382,0.06333333333333332,8,9,3
0.04905239687848384,0.01324902137910268,0.020862968231389282,0.06333333333333332,8,8,1
0.6666666666666666,0.0,0.0,0.06333333333333332,8,9,4
0.033639143730886854,0.0032943995208146153,0.006001091107474086,0.06333333333333332,8,9,2
0.6666666666666666,0.0,0.0,0.06333333333333332,8,9,5
0.04567901234567901,0.011151295961422544,0.017926356589147287,0.06333333333333332,8,9,1
0.37414965986394555,0.0017969451931716084,0.003442340791738382,0.06333333333333332,8,10,3
0.6666666666666666,0.0,0.0,0.06333333333333332,8,10,4
0.033639143730886854,0.0032943995208146153,0.006001091107474086,0.06333333333333332,8,10,2
0.6666666666666666,0.0,0.0,0.06333333333333332,8,10,5
0.37414965986394555,0.0017969451931716084,0.003442340791738382,0.06333333333333332,8,11,3
0.04567901234567901,0.011151295961422544,0.017926356589147287,0.06333333333333332,8,10,1
0.6666666666666666,0.0,0.0,0.06333333333333332,8,11,5
0.033639143730886854,0.0032943995208146153,0.006001091107474086,0.06333333333333332,8,11,2
0.6666666666666666,0.0,0.0,0.06333333333333332,8,11,4
0.056603773584905655,0.002702702702702703,0.0051590713671539135,0.06333333333333332,9,1,3
0.6666666666666666,0.0,0.0,0.06333333333333332,9,1,4
0.043256997455470736,0.010219416892094981,0.01653294432287868,0.06333333333333332,8,11,1
0.6666666666666666,0.0,0.0,0.06333333333333332,9,1,5
0.06666666666666667,0.006894484412470024,0.012496604183645748,0.06333333333333332,9,1,2
0.056603773584905655,0.002702702702702703,0.0051590713671539135,0.06333333333333332,9,2,3
0.15324675324675324,0.3515648738985111,0.14123159303882196,0.06333333333333332,9,1,1
0.6666666666666666,0.0,0.0,0.06333333333333332,9,2,4
0.06666666666666667,0.006894484412470024,0.012496604183645748,0.06333333333333332,9,2,2
0.6666666666666666,0.0,0.0,0.06333333333333332,9,2,5
0.056603773584905655,0.002702702702702703,0.0051590713671539135,0.06333333333333332,9,3,3
0.15324675324675324,0.3515648738985111,0.14123159303882196,0.06333333333333332,9,2,1
0.06666666666666667,0.006894484412470024,0.012496604183645748,0.06333333333333332,9,3,2
0.6666666666666666,0.0,0.0,0.06333333333333332,9,3,5
0.6666666666666666,0.0,0.0,0.06333333333333332,9,3,4
0.056603773584905655,0.002702702702702703,0.0051590713671539135,0.06333333333333332,9,4,3
0.17601626016260163,0.3506060606060606,0.1624521072796935,0.06333333333333332,9,3,1
0.6666666666666666,0.0,0.0,0.06333333333333332,9,4,4
0.6666666666666666,0.0,0.0,0.06333333333333332,9,4,5
0.06666666666666667,0.006894484412470024,0.012496604183645748,0.06333333333333332,9,4,2
0.056603773584905655,0.002702702702702703,0.0051590713671539135,0.06333333333333332,9,5,3
0.04074074074074074,0.003291442250149611,0.00609080841638981,0.06333333333333332,9,5,2
0.17601626016260163,0.3506060606060606,0.1624521072796935,0.06333333333333332,9,4,1
0.6666666666666666,0.0,0.0,0.06333333333333332,9,5,4
0.6666666666666666,0.0,0.0,0.06333333333333332,9,5,5
0.056603773584905655,0.002702702702702703,0.0051590713671539135,0.06333333333333332,9,6,3
0.1609347442680776,0.3465943339361061,0.155984555984556,0.06333333333333332,9,5,1
0.6666666666666666,0.0,0.0,0.06333333333333332,9,6,5
0.6666666666666666,0.0,0.0,0.06333333333333332,9,6,4
0.04074074074074074,0.003291442250149611,0.00609080841638981,0.06333333333333332,9,6,2
0.056603773584905655,0.002702702702702703,0.0051590713671539135,0.06333333333333332,9,7,3
0.6666666666666666,0.0,0.0,0.06333333333333332,9,7,4
0.1609347442680776,0.3465943339361061,0.155984555984556,0.06333333333333332,9,6,1
0.04074074074074074,0.003291442250149611,0.00609080841638981,0.06333333333333332,9,7,2
0.6666666666666666,0.0,0.0,0.06333333333333332,9,7,5
0.07592592592592592,0.012345679012345678,0.021238021238021234,0.06333333333333332,9,7,1
0.056603773584905655,0.002702702702702703,0.0051590713671539135,0.06333333333333332,9,8,3
0.04074074074074074,0.003291442250149611,0.00609080841638981,0.06333333333333332,9,8,2
0.6666666666666666,0.0,0.0,0.06333333333333332,9,8,5
0.6666666666666666,0.0,0.0,0.06333333333333332,9,8,4
0.37414965986394555,0.0017969451931716084,0.003442340791738382,0.06333333333333332,9,9,3
0.0502283105022831,0.0032943995208146153,0.006183249016301293,0.06333333333333332,9,9,2
0.07592592592592592,0.012345679012345678,0.021238021238021234,0.06333333333333332,9,8,1
0.6666666666666666,0.0,0.0,0.06333333333333332,9,9,4
0.6666666666666666,0.0,0.0,0.06333333333333332,9,9,5
0.0707070707070707,0.010548523206751056,0.01835824809861002,0.06333333333333332,9,9,1
0.37414965986394555,0.0017969451931716084,0.003442340791738382,0.06333333333333332,9,10,3
0.6666666666666666,0.0,0.0,0.06333333333333332,9,10,5
0.0502283105022831,0.0032943995208146153,0.006183249016301293,0.06333333333333332,9,10,2
0.6666666666666666,0.0,0.0,0.06333333333333332,9,10,4
0.37414965986394555,0.0017969451931716084,0.003442340791738382,0.06333333333333332,9,11,3
0.0502283105022831,0.0032943995208146153,0.006183249016301293,0.06333333333333332,9,11,2
0.0707070707070707,0.010548523206751056,0.01835824809861002,0.06333333333333332,9,10,1
0.6666666666666666,0.0,0.0,0.06333333333333332,9,11,4
0.6666666666666666,0.0,0.0,0.06333333333333332,9,11,5
0.06625258799171842,0.009618274721971746,0.01679790026246719,0.06333333333333332,9,11,1
0.056603773584905655,0.002702702702702703,0.0051590713671539135,0.06333333333333332,10,1,3
0.06666666666666667,0.006894484412470024,0.012496604183645748,0.06333333333333332,10,1,2
0.6666666666666666,0.0,0.0,0.06333333333333332,10,1,4
0.6666666666666666,0.0,0.0,0.06333333333333332,10,1,5
0.056603773584905655,0.002702702702702703,0.0051590713671539135,0.06333333333333332,10,2,3
0.15324675324675324,0.3515648738985111,0.14123159303882196,0.06333333333333332,10,1,1
0.6666666666666666,0.0,0.0,0.06333333333333332,10,2,5
0.6666666666666666,0.0,0.0,0.06333333333333332,10,2,4
0.06666666666666667,0.006894484412470024,0.012496604183645748,0.06333333333333332,10,2,2
0.056603773584905655,0.002702702702702703,0.0051590713671539135,0.06333333333333332,10,3,3
0.15324675324675324,0.3515648738985111,0.14123159303882196,0.06333333333333332,10,2,1
0.6666666666666666,0.0,0.0,0.06333333333333332,10,3,4
0.6666666666666666,0.0,0.0,0.06333333333333332,10,3,5
0.06666666666666667,0.006894484412470024,0.012496604183645748,0.06333333333333332,10,3,2
0.056603773584905655,0.002702702702702703,0.0051590713671539135,0.06333333333333332,10,4,3
0.17601626016260163,0.3506060606060606,0.1624521072796935,0.06333333333333332,10,3,1
0.06666666666666667,0.006894484412470024,0.012496604183645748,0.06333333333333332,10,4,2
0.6666666666666666,0.0,0.0,0.06333333333333332,10,4,4
0.6666666666666666,0.0,0.0,0.06333333333333332,10,4,5
0.056603773584905655,0.002702702702702703,0.0051590713671539135,0.06333333333333332,10,5,3
0.17601626016260163,0.3506060606060606,0.1624521072796935,0.06333333333333332,10,4,1
0.6666666666666666,0.0,0.0,0.06333333333333332,10,5,5
0.6666666666666666,0.0,0.0,0.06333333333333332,10,5,4
0.04074074074074074,0.003291442250149611,0.00609080841638981,0.06333333333333332,10,5,2
0.1609347442680776,0.3465943339361061,0.155984555984556,0.06333333333333332,10,5,1
0.056603773584905655,0.002702702702702703,0.0051590713671539135,0.06333333333333332,10,6,3
0.04074074074074074,0.003291442250149611,0.00609080841638981,0.06333333333333332,10,6,2
0.6666666666666666,0.0,0.0,0.06333333333333332,10,6,5
0.6666666666666666,0.0,0.0,0.06333333333333332,10,6,4
0.056603773584905655,0.002702702702702703,0.0051590713671539135,0.06333333333333332,10,7,3
0.1609347442680776,0.3465943339361061,0.155984555984556,0.06333333333333332,10,6,1
0.6666666666666666,0.0,0.0,0.06333333333333332,10,7,4
0.6666666666666666,0.0,0.0,0.06333333333333332,10,7,5
0.04074074074074074,0.003291442250149611,0.00609080841638981,0.06333333333333332,10,7,2
0.056603773584905655,0.002702702702702703,0.0051590713671539135,0.06333333333333332,10,8,3
0.07592592592592592,0.012345679012345678,0.021238021238021234,0.06333333333333332,10,7,1
0.6666666666666666,0.0,0.0,0.06333333333333332,10,8,5
0.6666666666666666,0.0,0.0,0.06333333333333332,10,8,4
0.04074074074074074,0.003291442250149611,0.00609080841638981,0.06333333333333332,10,8,2
0.37414965986394555,0.0017969451931716084,0.003442340791738382,0.06333333333333332,10,9,3
0.6666666666666666,0.0,0.0,0.06333333333333332,10,9,5
0.07592592592592592,0.012345679012345678,0.021238021238021234,0.06333333333333332,10,8,1
0.6666666666666666,0.0,0.0,0.06333333333333332,10,9,4
0.0502283105022831,0.0032943995208146153,0.006183249016301293,0.06333333333333332,10,9,2
0.37414965986394555,0.0017969451931716084,0.003442340791738382,0.06333333333333332,10,10,3
0.0707070707070707,0.010548523206751056,0.01835824809861002,0.06333333333333332,10,9,1
0.0502283105022831,0.0032943995208146153,0.006183249016301293,0.06333333333333332,10,10,2
0.6666666666666666,0.0,0.0,0.06333333333333332,10,10,4
0.6666666666666666,0.0,0.0,0.06333333333333332,10,10,5
0.37414965986394555,0.0017969451931716084,0.003442340791738382,0.06333333333333332,10,11,3
0.0707070707070707,0.010548523206751056,0.01835824809861002,0.06333333333333332,10,10,1
0.6666666666666666,0.0,0.0,0.06333333333333332,10,11,5
0.6666666666666666,0.0,0.0,0.06333333333333332,10,11,4
0.0502283105022831,0.0032943995208146153,0.006183249016301293,0.06333333333333332,10,11,2
0.6666666666666666,0.0,0.0,0.06333333333333332,11,1,5
0.06625258799171842,0.009618274721971746,0.01679790026246719,0.06333333333333332,10,11,1
0.056603773584905655,0.002702702702702703,0.0051590713671539135,0.06333333333333332,11,1,3
0.6666666666666666,0.0,0.0,0.06333333333333332,11,1,4
0.06666666666666667,0.006894484412470024,0.012496604183645748,0.06333333333333332,11,1,2
0.056603773584905655,0.002702702702702703,0.0051590713671539135,0.06333333333333332,11,2,3
0.17857142857142858,0.3515648738985111,0.16393777097679163,0.06333333333333332,11,1,1
0.6666666666666666,0.0,0.0,0.06333333333333332,11,2,4
0.6666666666666666,0.0,0.0,0.06333333333333332,11,2,5
0.06666666666666667,0.006894484412470024,0.012496604183645748,0.06333333333333332,11,2,2
0.056603773584905655,0.002702702702702703,0.0051590713671539135,0.06333333333333332,11,3,3
0.17857142857142858,0.3515648738985111,0.16393777097679163,0.06333333333333332,11,2,1
0.6666666666666666,0.0,0.0,0.06333333333333332,11,3,5
0.06666666666666667,0.006894484412470024,0.012496604183645748,0.06333333333333332,11,3,2
0.6666666666666666,0.0,0.0,0.06333333333333332,11,3,4
0.208628841607565,0.35000000000000003,0.19513457556935818,0.06333333333333332,11,3,1
0.056603773584905655,0.002702702702702703,0.0051590713671539135,0.06333333333333332,11,4,3
0.6666666666666666,0.0,0.0,0.06333333333333332,11,4,5
0.6666666666666666,0.0,0.0,0.06333333333333332,11,4,4
0.06666666666666667,0.006894484412470024,0.012496604183645748,0.06333333333333332,11,4,2
0.056603773584905655,0.002702702702702703,0.0051590713671539135,0.06333333333333332,11,5,3
0.04074074074074074,0.003291442250149611,0.00609080841638981,0.06333333333333332,11,5,2
0.208628841607565,0.35000000000000003,0.19513457556935818,0.06333333333333332,11,4,1
0.6666666666666666,0.0,0.0,0.06333333333333332,11,5,4
0.6666666666666666,0.0,0.0,0.06333333333333332,11,5,5
0.056603773584905655,0.002702702702702703,0.0051590713671539135,0.06333333333333332,11,6,3
0.19348659003831417,0.3462929475587703,0.1890625,0.06333333333333332,11,5,1
0.6666666666666666,0.0,0.0,0.06333333333333332,11,6,5
0.6666666666666666,0.0,0.0,0.06333333333333332,11,6,4
0.04074074074074074,0.003291442250149611,0.00609080841638981,0.06333333333333332,11,6,2
0.056603773584905655,0.002702702702702703,0.0051590713671539135,0.06333333333333332,11,7,3
0.19348659003831417,0.3462929475587703,0.1890625,0.06333333333333332,11,6,1
0.04074074074074074,0.003291442250149611,0.00609080841638981,0.06333333333333332,11,7,2
0.6666666666666666,0.0,0.0,0.06333333333333332,11,7,5
0.6666666666666666,0.0,0.0,0.06333333333333332,11,7,4
0.07878787878787878,0.01174345076784101,0.020440251572327043,0.06333333333333332,11,7,1
0.056603773584905655,0.002702702702702703,0.0051590713671539135,0.06333333333333332,11,8,3
0.6666666666666666,0.0,0.0,0.06333333333333332,11,8,4
0.6666666666666666,0.0,0.0,0.06333333333333332,11,8,5
0.04074074074074074,0.003291442250149611,0.00609080841638981,0.06333333333333332,11,8,2
0.07878787878787878,0.01174345076784101,0.020440251572327043,0.06333333333333332,11,8,1
0.6666666666666666,0.0,0.0,0.06333333333333332,11,9,5
0.0502283105022831,0.0032943995208146153,0.006183249016301293,0.06333333333333332,11,9,2
0.37414965986394555,0.0017969451931716084,0.003442340791738382,0.06333333333333332,11,9,3
0.6666666666666666,0.0,0.0,0.06333333333333332,11,9,4
0.6666666666666666,0.0,0.0,0.06333333333333332,11,10,4
0.07625272331154684,0.010548523206751056,0.018533227429176593,0.06333333333333332,11,9,1
0.0502283105022831,0.0032943995208146153,0.006183249016301293,0.06333333333333332,11,10,2
0.6666666666666666,0.0,0.0,0.06333333333333332,11,10,5
0.37414965986394555,0.0017969451931716084,0.003442340791738382,0.06333333333333332,11,11,3
0.0502283105022831,0.0032943995208146153,0.006183249016301293,0.06333333333333332,11,11,2
0.6666666666666666,0.0,0.0,0.06333333333333332,11,11,4
0.37414965986394555,0.0017969451931716084,0.003442340791738382,0.06333333333333332,11,10,3
0.6666666666666666,0.0,0.0,0.06333333333333332,11,11,5
0.07158836689038031,0.009618274721971746,0.016958134605193426,0.06333333333333332,11,11,1
0.6666666666666666,0.0,0.0,0.06333333333333332,12,1,4
0.056603773584905655,0.002702702702702703,0.0051590713671539135,0.06333333333333332,12,1,3
0.06666666666666667,0.006894484412470024,0.012496604183645748,0.06333333333333332,12,1,2
0.6666666666666666,0.0,0.0,0.06333333333333332,12,1,5
0.07625272331154684,0.010548523206751056,0.018533227429176593,0.06333333333333332,11,10,1
0.17857142857142858,0.3515648738985111,0.16393777097679163,0.06333333333333332,12,1,1
0.6666666666666666,0.0,0.0,0.06333333333333332,12,2,4
0.06666666666666667,0.006894484412470024,0.012496604183645748,0.06333333333333332,12,2,2
0.6666666666666666,0.0,0.0,0.06333333333333332,12,2,5
0.17857142857142858,0.3515648738985111,0.16393777097679163,0.06333333333333332,12,2,1
0.6666666666666666,0.0,0.0,0.06333333333333332,12,3,5
0.6666666666666666,0.0,0.0,0.06333333333333332,12,3,4
0.056603773584905655,0.002702702702702703,0.0051590713671539135,0.06333333333333332,12,3,3
0.056603773584905655,0.002702702702702703,0.0051590713671539135,0.06333333333333332,12,2,3
0.056603773584905655,0.002702702702702703,0.0051590713671539135,0.06333333333333332,12,4,3
0.208628841607565,0.35000000000000003,0.19513457556935818,0.06333333333333332,12,3,1
0.6666666666666666,0.0,0.0,0.06333333333333332,12,4,5
0.6666666666666666,0.0,0.0,0.06333333333333332,12,4,4
0.208628841607565,0.35000000000000003,0.19513457556935818,0.06333333333333332,12,4,1
0.6666666666666666,0.0,0.0,0.06333333333333332,12,5,5
0.6666666666666666,0.0,0.0,0.06333333333333332,12,5,4
0.06666666666666667,0.006894484412470024,0.012496604183645748,0.06333333333333332,12,3,2
0.04074074074074074,0.003291442250149611,0.00609080841638981,0.06333333333333332,12,5,2
0.056603773584905655,0.002702702702702703,0.0051590713671539135,0.06333333333333332,12,5,3
0.06666666666666667,0.006894484412470024,0.012496604183645748,0.06333333333333332,12,4,2
0.04074074074074074,0.003291442250149611,0.00609080841638981,0.06333333333333332,12,6,2
0.6666666666666666,0.0,0.0,0.06333333333333332,12,6,4
0.6666666666666666,0.0,0.0,0.06333333333333332,12,6,5
0.19348659003831417,0.3462929475587703,0.1890625,0.06333333333333332,12,6,1
0.056603773584905655,0.002702702702702703,0.0051590713671539135,0.06333333333333332,12,6,3
0.04074074074074074,0.003291442250149611,0.00609080841638981,0.06333333333333332,12,7,2
0.19348659003831417,0.3462929475587703,0.1890625,0.06333333333333332,12,5,1
0.056603773584905655,0.002702702702702703,0.0051590713671539135,0.06333333333333332,12,7,3
0.6666666666666666,0.0,0.0,0.06333333333333332,12,7,4
0.6666666666666666,0.0,0.0,0.06333333333333332,12,7,5
0.07878787878787878,0.01174345076784101,0.020440251572327043,0.06333333333333332,12,7,1
0.056603773584905655,0.002702702702702703,0.0051590713671539135,0.06333333333333332,12,8,3
0.6666666666666666,0.0,0.0,0.06333333333333332,12,8,4
0.6666666666666666,0.0,0.0,0.06333333333333332,12,8,5
0.04074074074074074,0.003291442250149611,0.00609080841638981,0.06333333333333332,12,8,2
0.07878787878787878,0.01174345076784101,0.020440251572327043,0.06333333333333332,12,8,1
0.6666666666666666,0.0,0.0,0.06333333333333332,12,9,4
0.37414965986394555,0.0017969451931716084,0.003442340791738382,0.06333333333333332,12,9,3
0.6666666666666666,0.0,0.0,0.06333333333333332,12,9,5
0.0502283105022831,0.0032943995208146153,0.006183249016301293,0.06333333333333332,12,9,2
0.6666666666666666,0.0,0.0,0.06333333333333332,12,10,5
0.0502283105022831,0.0032943995208146153,0.006183249016301293,0.06333333333333332,12,10,2
0.07625272331154684,0.010548523206751056,0.018533227429176593,0.06333333333333332,12,9,1
0.37414965986394555,0.0017969451931716084,0.003442340791738382,0.06333333333333332,12,10,3
0.6666666666666666,0.0,0.0,0.06333333333333332,12,10,4
0.07625272331154684,0.010548523206751056,0.018533227429176593,0.06333333333333332,12,10,1
0.6666666666666666,0.0,0.0,0.06333333333333332,12,11,4
0.6666666666666666,0.0,0.0,0.06333333333333332,12,11,5
0.37414965986394555,0.0017969451931716084,0.003442340791738382,0.06333333333333332,12,11,3
0.0502283105022831,0.0032943995208146153,0.006183249016301293,0.06333333333333332,12,11,2
0.07158836689038031,0.009618274721971746,0.016958134605193426,0.06333333333333332,12,11,1
0.6666666666666666,0.0,0.0,0.06333333333333332,13,1,4
0.056603773584905655,0.002702702702702703,0.0051590713671539135,0.06333333333333332,13,1,3
0.6666666666666666,0.0,0.0,0.06333333333333332,13,1,5
0.06666666666666667,0.006894484412470024,0.012496604183645748,0.06333333333333332,13,1,2
0.17134831460674158,0.3476017000607165,0.15788923719958203,0.06333333333333332,13,1,1
0.6666666666666666,0.0,0.0,0.06333333333333332,13,2,4
0.6666666666666666,0.0,0.0,0.06333333333333332,13,2,5
0.056603773584905655,0.002702702702702703,0.0051590713671539135,0.06333333333333332,13,2,3
0.06666666666666667,0.006894484412470024,0.012496604183645748,0.06333333333333332,13,2,2
0.056603773584905655,0.002702702702702703,0.0051590713671539135,0.06333333333333332,13,3,3
0.6666666666666666,0.0,0.0,0.06333333333333332,13,3,5
0.6666666666666666,0.0,0.0,0.06333333333333332,13,3,4
0.17134831460674158,0.3476017000607165,0.15788923719958203,0.06333333333333332,13,2,1
0.06666666666666667,0.006894484412470024,0.012496604183645748,0.06333333333333332,13,3,2
0.056603773584905655,0.002702702702702703,0.0051590713671539135,0.06333333333333332,13,4,3
0.21003584229390682,0.34726006660611564,0.19108280254777069,0.06333333333333332,13,3,1
0.06666666666666667,0.006894484412470024,0.012496604183645748,0.06333333333333332,13,4,2
0.6666666666666666,0.0,0.0,0.06333333333333332,13,4,5
0.6666666666666666,0.0,0.0,0.06333333333333332,13,4,4
0.6666666666666666,0.0,0.0,0.06333333333333332,13,5,4
0.21003584229390682,0.34726006660611564,0.19108280254777069,0.06333333333333332,13,4,1
0.056603773584905655,0.002702702702702703,0.0051590713671539135,0.06333333333333332,13,5,3
0.6666666666666666,0.0,0.0,0.06333333333333332,13,5,5
0.04074074074074074,0.003291442250149611,0.00609080841638981,0.06333333333333332,13,5,2
0.19386973180076628,0.34418324291742014,0.1858513189448441,0.06333333333333332,13,5,1
0.6666666666666666,0.0,0.0,0.06333333333333332,13,6,4
0.6666666666666666,0.0,0.0,0.06333333333333332,13,6,5
0.056603773584905655,0.002702702702702703,0.0051590713671539135,0.06333333333333332,13,6,3
0.19386973180076628,0.34418324291742014,0.1858513189448441,0.06333333333333332,13,6,1
0.04074074074074074,0.003291442250149611,0.00609080841638981,0.06333333333333332,13,6,2
0.056603773584905655,0.002702702702702703,0.0051590713671539135,0.06333333333333332,13,7,3
0.6666666666666666,0.0,0.0,0.06333333333333332,13,7,5
0.6666666666666666,0.0,0.0,0.06333333333333332,13,7,4
0.04074074074074074,0.003291442250149611,0.00609080841638981,0.06333333333333332,13,7,2
0.056603773584905655,0.002702702702702703,0.0051590713671539135,0.06333333333333332,13,8,3
0.08148148148148147,0.00993676603432701,0.017713365539452495,0.06333333333333332,13,7,1
0.6666666666666666,0.0,0.0,0.06333333333333332,13,8,5
0.04074074074074074,0.003291442250149611,0.00609080841638981,0.06333333333333332,13,8,2
0.6666666666666666,0.0,0.0,0.06333333333333332,13,8,4
0.08148148148148147,0.00993676603432701,0.017713365539452495,0.06333333333333332,13,8,1
0.6666666666666666,0.0,0.0,0.06333333333333332,13,9,4
0.0502283105022831,0.0032943995208146153,0.006183249016301293,0.06333333333333332,13,9,2
0.6666666666666666,0.0,0.0,0.06333333333333332,13,9,5
0.37414965986394555,0.0017969451931716084,0.003442340791738382,0.06333333333333332,13,9,3
0.37414965986394555,0.0017969451931716084,0.003442340791738382,0.06333333333333332,13,10,3
0.07936507936507936,0.009041591320072333,0.016233766233766232,0.06333333333333332,13,9,1
0.0502283105022831,0.0032943995208146153,0.006183249016301293,0.06333333333333332,13,10,2
0.6666666666666666,0.0,0.0,0.06333333333333332,13,10,5
0.6666666666666666,0.0,0.0,0.06333333333333332,13,10,4
0.07936507936507936,0.009041591320072333,0.016233766233766232,0.06333333333333332,13,10,1
0.6666666666666666,0.0,0.0,0.06333333333333332,13,11,5
0.6666666666666666,0.0,0.0,0.06333333333333332,13,11,4
0.37414965986394555,0.0017969451931716084,0.003442340791738382,0.06333333333333332,13,11,3
0.0502283105022831,0.0032943995208146153,0.006183249016301293,0.06333333333333332,13,11,2
0.056603773584905655,0.002702702702702703,0.0051590713671539135,0.06333333333333332,14,1,3
0.07466666666666667,0.008415990381725278,0.015126958400864398,0.06333333333333332,13,11,1
0.6666666666666666,0.0,0.0,0.06333333333333332,14,1,4
0.6666666666666666,0.0,0.0,0.06333333333333332,14,1,5
0.06666666666666667,0.006894484412470024,0.012496604183645748,0.06333333333333332,14,1,2
0.17134831460674158,0.3476017000607165,0.15788923719958203,0.06333333333333332,14,1,1
0.056603773584905655,0.002702702702702703,0.0051590713671539135,0.06333333333333332,14,2,3
0.6666666666666666,0.0,0.0,0.06333333333333332,14,2,5
0.6666666666666666,0.0,0.0,0.06333333333333332,14,2,4
0.06666666666666667,0.006894484412470024,0.012496604183645748,0.06333333333333332,14,2,2
0.17134831460674158,0.3476017000607165,0.15788923719958203,0.06333333333333332,14,2,1
0.056603773584905655,0.002702702702702703,0.0051590713671539135,0.06333333333333332,14,3,3
0.6666666666666666,0.0,0.0,0.06333333333333332,14,3,5
0.6666666666666666,0.0,0.0,0.06333333333333332,14,3,4
0.06666666666666667,0.006894484412470024,0.012496604183645748,0.06333333333333332,14,3,2
0.21003584229390682,0.34726006660611564,0.19108280254777069,0.06333333333333332,14,3,1
0.6666666666666666,0.0,0.0,0.06333333333333332,14,4,4
0.056603773584905655,0.002702702702702703,0.0051590713671539135,0.06333333333333332,14,4,3
0.06666666666666667,0.006894484412470024,0.012496604183645748,0.06333333333333332,14,4,2
0.6666666666666666,0.0,0.0,0.06333333333333332,14,4,5
0.21003584229390682,0.34726006660611564,0.19108280254777069,0.06333333333333332,14,4,1
0.6666666666666666,0.0,0.0,0.06333333333333332,14,5,4
0.6666666666666666,0.0,0.0,0.06333333333333332,14,5,5
0.056603773584905655,0.002702702702702703,0.0051590713671539135,0.06333333333333332,14,5,3
0.04074074074074074,0.003291442250149611,0.00609080841638981,0.06333333333333332,14,5,2
0.056603773584905655,0.002702702702702703,0.0051590713671539135,0.06333333333333332,14,6,3
0.19386973180076628,0.34418324291742014,0.1858513189448441,0.06333333333333332,14,5,1
0.04074074074074074,0.003291442250149611,0.00609080841638981,0.06333333333333332,14,6,2
0.6666666666666666,0.0,0.0,0.06333333333333332,14,6,4
0.6666666666666666,0.0,0.0,0.06333333333333332,14,6,5
0.19386973180076628,0.34418324291742014,0.1858513189448441,0.06333333333333332,14,6,1
0.6666666666666666,0.0,0.0,0.06333333333333332,14,7,5
0.6666666666666666,0.0,0.0,0.06333333333333332,14,7,4
0.04074074074074074,0.003291442250149611,0.00609080841638981,0.06333333333333332,14,7,2
0.056603773584905655,0.002702702702702703,0.0051590713671539135,0.06333333333333332,14,7,3
0.056603773584905655,0.002702702702702703,0.0051590713671539135,0.06333333333333332,14,8,3
0.08148148148148147,0.00993676603432701,0.017713365539452495,0.06333333333333332,14,7,1
0.6666666666666666,0.0,0.0,0.06333333333333332,14,8,4
0.6666666666666666,0.0,0.0,0.06333333333333332,14,8,5
0.04074074074074074,0.003291442250149611,0.00609080841638981,0.06333333333333332,14,8,2
0.37414965986394555,0.0017969451931716084,0.003442340791738382,0.06333333333333332,14,9,3
0.08148148148148147,0.00993676603432701,0.017713365539452495,0.06333333333333332,14,8,1
0.0502283105022831,0.0032943995208146153,0.006183249016301293,0.06333333333333332,14,9,2
0.6666666666666666,0.0,0.0,0.06333333333333332,14,9,5
0.6666666666666666,0.0,0.0,0.06333333333333332,14,9,4
0.07936507936507936,0.009041591320072333,0.016233766233766232,0.06333333333333332,14,9,1
0.6666666666666666,0.0,0.0,0.06333333333333332,14,10,4
0.0502283105022831,0.0032943995208146153,0.006183249016301293,0.06333333333333332,14,10,2
0.37414965986394555,0.0017969451931716084,0.003442340791738382,0.06333333333333332,14,10,3
0.6666666666666666,0.0,0.0,0.06333333333333332,14,10,5
0.07936507936507936,0.009041591320072333,0.016233766233766232,0.06333333333333332,14,10,1
0.37414965986394555,0.0017969451931716084,0.003442340791738382,0.06333333333333332,14,11,3
0.6666666666666666,0.0,0.0,0.06333333333333332,14,11,5
0.0502283105022831,0.0032943995208146153,0.006183249016301293,0.06333333333333332,14,11,2
0.6666666666666666,0.0,0.0,0.06333333333333332,14,11,4
0.056603773584905655,0.002702702702702703,0.0051590713671539135,0.06333333333333332,15,1,3
0.07466666666666667,0.008415990381725278,0.015126958400864398,0.06333333333333332,14,11,1
0.6666666666666666,0.0,0.0,0.06333333333333332,15,1,5
0.06666666666666667,0.006894484412470024,0.012496604183645748,0.06333333333333332,15,1,2
0.6666666666666666,0.0,0.0,0.06333333333333332,15,1,4
0.056603773584905655,0.002702702702702703,0.0051590713671539135,0.06333333333333332,15,2,3
0.17369477911646589,0.34698210494388837,0.1570487483530962,0.06333333333333332,15,1,1
0.06666666666666667,0.006894484412470024,0.012496604183645748,0.06333333333333332,15,2,2
0.6666666666666666,0.0,0.0,0.06333333333333332,15,2,5
0.6666666666666666,0.0,0.0,0.06333333333333332,15,2,4
0.056603773584905655,0.002702702702702703,0.0051590713671539135,0.06333333333333332,15,3,3
0.17369477911646589,0.34698210494388837,0.1570487483530962,0.06333333333333332,15,2,1
0.6666666666666666,0.0,0.0,0.06333333333333332,15,3,5
0.6666666666666666,0.0,0.0,0.06333333333333332,15,3,4
0.06666666666666667,0.006894484412470024,0.012496604183645748,0.06333333333333332,15,3,2
0.21246246246246248,0.3469449485783424,0.19066666666666668,0.06333333333333332,15,3,1
0.6666666666666666,0.0,0.0,0.06333333333333332,15,4,4
0.056603773584905655,0.002702702702702703,0.0051590713671539135,0.06333333333333332,15,4,3
0.06666666666666667,0.006894484412470024,0.012496604183645748,0.06333333333333332,15,4,2
0.6666666666666666,0.0,0.0,0.06333333333333332,15,4,5
0.21246246246246248,0.3469449485783424,0.19066666666666668,0.06333333333333332,15,4,1
0.056603773584905655,0.002702702702702703,0.0051590713671539135,0.06333333333333332,15,5,3
0.6666666666666666,0.0,0.0,0.06333333333333332,15,5,4
0.04074074074074074,0.003291442250149611,0.00609080841638981,0.06333333333333332,15,5,2
0.6666666666666666,0.0,0.0,0.06333333333333332,15,5,5
0.056603773584905655,0.002702702702702703,0.0051590713671539135,0.06333333333333332,15,6,3
0.6666666666666666,0.0,0.0,0.06333333333333332,15,6,4
0.6666666666666666,0.0,0.0,0.06333333333333332,15,6,5
0.04074074074074074,0.003291442250149611,0.00609080841638981,0.06333333333333332,15,6,2
0.19744204636290966,0.34417344173441733,0.185928303905832,0.06333333333333332,15,5,1
0.056603773584905655,0.002702702702702703,0.0051590713671539135,0.06333333333333332,15,7,3
0.19744204636290966,0.34417344173441733,0.185928303905832,0.06333333333333332,15,6,1
0.6666666666666666,0.0,0.0,0.06333333333333332,15,7,5
0.6666666666666666,0.0,0.0,0.06333333333333332,15,7,4
0.04074074074074074,0.003291442250149611,0.00609080841638981,0.06333333333333332,15,7,2
0.08661417322834646,0.009927797833935019,0.017813765182186237,0.06333333333333332,15,7,1
0.056603773584905655,0.002702702702702703,0.0051590713671539135,0.06333333333333332,15,8,3
0.6666666666666666,0.0,0.0,0.06333333333333332,15,8,5
0.04074074074074074,0.003291442250149611,0.00609080841638981,0.06333333333333332,15,8,2
0.6666666666666666,0.0,0.0,0.06333333333333332,15,8,4
0.08661417322834646,0.009927797833935019,0.017813765182186237,0.06333333333333332,15,8,1
0.37414965986394555,0.0017969451931716084,0.003442340791738382,0.06333333333333332,15,9,3
0.6666666666666666,0.0,0.0,0.06333333333333332,15,9,5
0.6666666666666666,0.0,0.0,0.06333333333333332,15,9,4
0.0502283105022831,0.0032943995208146153,0.006183249016301293,0.06333333333333332,15,9,2
0.37414965986394555,0.0017969451931716084,0.003442340791738382,0.06333333333333332,15,10,3
0.08333333333333333,0.00903342366757001,0.0162999185004075,0.06333333333333332,15,9,1
0.6666666666666666,0.0,0.0,0.06333333333333332,15,10,5
0.6666666666666666,0.0,0.0,0.06333333333333332,15,10,4
0.0502283105022831,0.0032943995208146153,0.006183249016301293,0.06333333333333332,15,10,2
0.37414965986394555,0.0017969451931716084,0.003442340791738382,0.06333333333333332,15,11,3
0.08333333333333333,0.00903342366757001,0.0162999185004075,0.06333333333333332,15,10,1
0.6666666666666666,0.0,0.0,0.06333333333333332,15,11,4
0.0502283105022831,0.0032943995208146153,0.006183249016301293,0.06333333333333332,15,11,2
0.6666666666666666,0.0,0.0,0.06333333333333332,15,11,5
0.07777777777777778,0.008408408408408409,0.015176151761517613,0.06333333333333332,15,11,1
0.056603773584905655,0.002702702702702703,0.0051590713671539135,0.06333333333333332,16,1,3
0.6666666666666666,0.0,0.0,0.06333333333333332,16,1,4
0.6666666666666666,0.0,0.0,0.06333333333333332,16,1,5
0.06666666666666667,0.006894484412470024,0.012496604183645748,0.06333333333333332,16,1,2
0.17369477911646589,0.34698210494388837,0.1570487483530962,0.06333333333333332,16,1,1
0.6666666666666666,0.0,0.0,0.06333333333333332,16,2,4
0.056603773584905655,0.002702702702702703,0.0051590713671539135,0.06333333333333332,16,2,3
0.6666666666666666,0.0,0.0,0.06333333333333332,16,2,5
0.06666666666666667,0.006894484412470024,0.012496604183645748,0.06333333333333332,16,2,2
0.056603773584905655,0.002702702702702703,0.0051590713671539135,0.06333333333333332,16,3,3
0.17369477911646589,0.34698210494388837,0.1570487483530962,0.06333333333333332,16,2,1
0.6666666666666666,0.0,0.0,0.06333333333333332,16,3,5
0.6666666666666666,0.0,0.0,0.06333333333333332,16,3,4
0.06666666666666667,0.006894484412470024,0.012496604183645748,0.06333333333333332,16,3,2
0.056603773584905655,0.002702702702702703,0.0051590713671539135,0.06333333333333332,16,4,3
0.21246246246246248,0.3469449485783424,0.19066666666666668,0.06333333333333332,16,3,1
0.6666666666666666,0.0,0.0,0.06333333333333332,16,4,5
0.6666666666666666,0.0,0.0,0.06333333333333332,16,4,4
0.06666666666666667,0.006894484412470024,0.012496604183645748,0.06333333333333332,16,4,2
0.056603773584905655,0.002702702702702703,0.0051590713671539135,0.06333333333333332,16,5,3
0.21246246246246248,0.3469449485783424,0.19066666666666668,0.06333333333333332,16,4,1
0.6666666666666666,0.0,0.0,0.06333333333333332,16,5,5
0.6666666666666666,0.0,0.0,0.06333333333333332,16,5,4
0.04074074074074074,0.003291442250149611,0.00609080841638981,0.06333333333333332,16,5,2
0.056603773584905655,0.002702702702702703,0.0051590713671539135,0.06333333333333332,16,6,3
0.19744204636290966,0.34417344173441733,0.185928303905832,0.06333333333333332,16,5,1
0.6666666666666666,0.0,0.0,0.06333333333333332,16,6,4
0.6666666666666666,0.0,0.0,0.06333333333333332,16,6,5
0.04074074074074074,0.003291442250149611,0.00609080841638981,0.06333333333333332,16,6,2
0.19744204636290966,0.34417344173441733,0.185928303905832,0.06333333333333332,16,6,1
0.056603773584905655,0.002702702702702703,0.0051590713671539135,0.06333333333333332,16,7,3
0.6666666666666666,0.0,0.0,0.06333333333333332,16,7,5
0.6666666666666666,0.0,0.0,0.06333333333333332,16,7,4
0.04074074074074074,0.003291442250149611,0.00609080841638981,0.06333333333333332,16,7,2
0.08661417322834646,0.009927797833935019,0.017813765182186237,0.06333333333333332,16,7,1
0.056603773584905655,0.002702702702702703,0.0051590713671539135,0.06333333333333332,16,8,3
0.6666666666666666,0.0,0.0,0.06333333333333332,16,8,5
0.6666666666666666,0.0,0.0,0.06333333333333332,16,8,4
0.04074074074074074,0.003291442250149611,0.00609080841638981,0.06333333333333332,16,8,2
0.37414965986394555,0.0017969451931716084,0.003442340791738382,0.06333333333333332,16,9,3
0.0502283105022831,0.0032943995208146153,0.006183249016301293,0.06333333333333332,16,9,2
0.6666666666666666,0.0,0.0,0.06333333333333332,16,9,5
0.6666666666666666,0.0,0.0,0.06333333333333332,16,9,4
0.08661417322834646,0.009927797833935019,0.017813765182186237,0.06333333333333332,16,8,1
0.37414965986394555,0.0017969451931716084,0.003442340791738382,0.06333333333333332,16,10,3
0.08333333333333333,0.00903342366757001,0.0162999185004075,0.06333333333333332,16,9,1
0.0502283105022831,0.0032943995208146153,0.006183249016301293,0.06333333333333332,16,10,2
0.6666666666666666,0.0,0.0,0.06333333333333332,16,10,5
0.6666666666666666,0.0,0.0,0.06333333333333332,16,10,4
0.08333333333333333,0.00903342366757001,0.0162999185004075,0.06333333333333332,16,10,1
0.0502283105022831,0.0032943995208146153,0.006183249016301293,0.06333333333333332,16,11,2
0.6666666666666666,0.0,0.0,0.06333333333333332,16,11,4
0.37414965986394555,0.0017969451931716084,0.003442340791738382,0.06333333333333332,16,11,3
0.6666666666666666,0.0,0.0,0.06333333333333332,16,11,5
0.07777777777777778,0.008408408408408409,0.015176151761517613,0.06333333333333332,16,11,1
0.38383838383838387,0.001498800959232614,0.0029112081513828236,0.06333333333333332,17,1,3
0.41397849462365593,0.004488330341113106,0.008503401360544218,0.06333333333333332,17,1,2
0.6666666666666666,0.0,0.0,0.06333333333333332,17,1,4
0.6666666666666666,0.0,0.0,0.06333333333333332,17,1,5
0.21573398215733983,0.3463636363636364,0.18984101320398813,0.06333333333333332,17,1,1
0.6666666666666666,0.0,0.0,0.06333333333333332,17,2,4
0.38383838383838387,0.001498800959232614,0.0029112081513828236,0.06333333333333332,17,2,3
0.6666666666666666,0.0,0.0,0.06333333333333332,17,2,5
0.41397849462365593,0.004488330341113106,0.008503401360544218,0.06333333333333332,17,2,2
0.38383838383838387,0.001498800959232614,0.0029112081513828236,0.06333333333333332,17,3,3
0.21573398215733983,0.3463636363636364,0.18984101320398813,0.06333333333333332,17,2,1
0.6666666666666666,0.0,0.0,0.06333333333333332,17,3,4
0.41397849462365593,0.004488330341113106,0.008503401360544218,0.06333333333333332,17,3,2
0.6666666666666666,0.0,0.0,0.06333333333333332,17,3,5
0.38383838383838387,0.001498800959232614,0.0029112081513828236,0.06333333333333332,17,4,3
0.2188034188034188,0.3460375075620085,0.18939393939393936,0.06333333333333332,17,3,1
0.6666666666666666,0.0,0.0,0.06333333333333332,17,4,4
0.6666666666666666,0.0,0.0,0.06333333333333332,17,4,5
0.41397849462365593,0.004488330341113106,0.008503401360544218,0.06333333333333332,17,4,2
0.38383838383838387,0.001498800959232614,0.0029112081513828236,0.06333333333333332,17,5,3
0.2188034188034188,0.3460375075620085,0.18939393939393936,0.06333333333333332,17,4,1
0.6666666666666666,0.0,0.0,0.06333333333333332,17,5,4
0.38271604938271603,0.002391629297458894,0.004562303963501568,0.06333333333333332,17,5,2
0.6666666666666666,0.0,0.0,0.06333333333333332,17,5,5
0.38383838383838387,0.001498800959232614,0.0029112081513828236,0.06333333333333332,17,6,3
0.6666666666666666,0.0,0.0,0.06333333333333332,17,6,4
0.2032520325203252,0.3435619735258724,0.18507988085567292,0.06333333333333332,17,5,1
0.6666666666666666,0.0,0.0,0.06333333333333332,17,6,5
0.38271604938271603,0.002391629297458894,0.004562303963501568,0.06333333333333332,17,6,2
0.38383838383838387,0.001498800959232614,0.0029112081513828236,0.06333333333333332,17,7,3
0.2032520325203252,0.3435619735258724,0.18507988085567292,0.06333333333333332,17,6,1
0.38271604938271603,0.002391629297458894,0.004562303963501568,0.06333333333333332,17,7,2
0.6666666666666666,0.0,0.0,0.06333333333333332,17,7,5
0.6666666666666666,0.0,0.0,0.06333333333333332,17,7,4
0.38383838383838387,0.001498800959232614,0.0029112081513828236,0.06333333333333332,17,8,3
0.09696969696969697,0.009618274721971746,0.017500683620453924,0.06333333333333332,17,7,1
0.38271604938271603,0.002391629297458894,0.004562303963501568,0.06333333333333332,17,8,2
0.6666666666666666,0.0,0.0,0.06333333333333332,17,8,5
0.6666666666666666,0.0,0.0,0.06333333333333332,17,8,4
0.09696969696969697,0.009618274721971746,0.017500683620453924,0.06333333333333332,17,8,1
0.6666666666666666,0.0,0.0,0.06333333333333332,17,9,4
0.37606837606837606,0.001497454327643007,0.002893518518518519,0.06333333333333332,17,9,3
0.06410256410256411,0.0029922202274087375,0.005717552887364208,0.06333333333333332,17,9,2
0.6666666666666666,0.0,0.0,0.06333333333333332,17,9,5
0.37606837606837606,0.001497454327643007,0.002893518518518519,0.06333333333333332,17,10,3
0.08950617283950618,0.008724428399518652,0.015899122807017545,0.06333333333333332,17,9,1
0.6666666666666666,0.0,0.0,0.06333333333333332,17,10,4
0.06410256410256411,0.0029922202274087375,0.005717552887364208,0.06333333333333332,17,10,2
0.6666666666666666,0.0,0.0,0.06333333333333332,17,10,5
0.08950617283950618,0.008724428399518652,0.015899122807017545,0.06333333333333332,17,10,1
0.37606837606837606,0.001497454327643007,0.002893518518518519,0.06333333333333332,17,11,3
0.6666666666666666,0.0,0.0,0.06333333333333332,17,11,5
0.6666666666666666,0.0,0.0,0.06333333333333332,17,11,4
0.06410256410256411,0.0029922202274087375,0.005717552887364208,0.06333333333333332,17,11,2
0.38383838383838387,0.001498800959232614,0.0029112081513828236,0.06333333333333332,18,1,3
0.6666666666666666,0.0,0.0,0.06333333333333332,18,1,4
0.41397849462365593,0.004488330341113106,0.008503401360544218,0.06333333333333332,18,1,2
0.6666666666666666,0.0,0.0,0.06333333333333332,18,1,5
0.08484848484848484,0.008408408408408409,0.015300546448087428,0.06333333333333332,17,11,1
0.38383838383838387,0.001498800959232614,0.0029112081513828236,0.06333333333333332,18,2,3
0.21573398215733983,0.3463636363636364,0.18984101320398813,0.06333333333333332,18,1,1
0.6666666666666666,0.0,0.0,0.06333333333333332,18,2,5
0.41397849462365593,0.004488330341113106,0.008503401360544218,0.06333333333333332,18,2,2
0.6666666666666666,0.0,0.0,0.06333333333333332,18,2,4
0.38383838383838387,0.001498800959232614,0.0029112081513828236,0.06333333333333332,18,3,3
0.41397849462365593,0.004488330341113106,0.008503401360544218,0.06333333333333332,18,3,2
0.21573398215733983,0.3463636363636364,0.18984101320398813,0.06333333333333332,18,2,1
0.6666666666666666,0.0,0.0,0.06333333333333332,18,3,4
0.6666666666666666,0.0,0.0,0.06333333333333332,18,3,5
0.38383838383838387,0.001498800959232614,0.0029112081513828236,0.06333333333333332,18,4,3
0.2188034188034188,0.3460375075620085,0.18939393939393936,0.06333333333333332,18,3,1
0.6666666666666666,0.0,0.0,0.06333333333333332,18,4,5
0.41397849462365593,0.004488330341113106,0.008503401360544218,0.06333333333333332,18,4,2
0.6666666666666666,0.0,0.0,0.06333333333333332,18,4,4
0.2188034188034188,0.3460375075620085,0.18939393939393936,0.06333333333333332,18,4,1
0.38383838383838387,0.001498800959232614,0.0029112081513828236,0.06333333333333332,18,5,3
0.38271604938271603,0.002391629297458894,0.004562303963501568,0.06333333333333332,18,5,2
0.6666666666666666,0.0,0.0,0.06333333333333332,18,5,4
0.6666666666666666,0.0,0.0,0.06333333333333332,18,5,5
0.38383838383838387,0.001498800959232614,0.0029112081513828236,0.06333333333333332,18,6,3
0.2032520325203252,0.3435619735258724,0.18507988085567292,0.06333333333333332,18,5,1
0.6666666666666666,0.0,0.0,0.06333333333333332,18,6,5
0.38271604938271603,0.002391629297458894,0.004562303963501568,0.06333333333333332,18,6,2
0.6666666666666666,0.0,0.0,0.06333333333333332,18,6,4
0.6666666666666666,0.0,0.0,0.06333333333333332,18,7,4
0.38383838383838387,0.001498800959232614,0.0029112081513828236,0.06333333333333332,18,7,3
0.2032520325203252,0.3435619735258724,0.18507988085567292,0.06333333333333332,18,6,1
0.6666666666666666,0.0,0.0,0.06333333333333332,18,7,5
0.38271604938271603,0.002391629297458894,0.004562303963501568,0.06333333333333332,18,7,2
0.38383838383838387,0.001498800959232614,0.0029112081513828236,0.06333333333333332,18,8,3
0.09696969696969697,0.009618274721971746,0.017500683620453924,0.06333333333333332,18,7,1
0.38271604938271603,0.002391629297458894,0.004562303963501568,0.06333333333333332,18,8,2
0.6666666666666666,0.0,0.0,0.06333333333333332,18,8,4
0.6666666666666666,0.0,0.0,0.06333333333333332,18,8,5
0.09696969696969697,0.009618274721971746,0.017500683620453924,0.06333333333333332,18,8,1
0.37606837606837606,0.001497454327643007,0.002893518518518519,0.06333333333333332,18,9,3
0.6666666666666666,0.0,0.0,0.06333333333333332,18,9,4
0.06410256410256411,0.0029922202274087375,0.005717552887364208,0.06333333333333332,18,9,2
0.6666666666666666,0.0,0.0,0.06333333333333332,18,9,5
0.08950617283950618,0.008724428399518652,0.015899122807017545,0.06333333333333332,18,9,1
0.37606837606837606,0.001497454327643007,0.002893518518518519,0.06333333333333332,18,10,3
0.6666666666666666,0.0,0.0,0.06333333333333332,18,10,4
0.6666666666666666,0.0,0.0,0.06333333333333332,18,10,5
0.06410256410256411,0.0029922202274087375,0.005717552887364208,0.06333333333333332,18,10,2
0.08950617283950618,0.008724428399518652,0.015899122807017545,0.06333333333333332,18,10,1
0.37606837606837606,0.001497454327643007,0.002893518518518519,0.06333333333333332,18,11,3
0.6666666666666666,0.0,0.0,0.06333333333333332,18,11,4
0.6666666666666666,0.0,0.0,0.06333333333333332,18,11,5
0.06410256410256411,0.0029922202274087375,0.005717552887364208,0.06333333333333332,18,11,2
0.38383838383838387,0.001498800959232614,0.0029112081513828236,0.06333333333333332,19,1,3
0.41397849462365593,0.004488330341113106,0.008503401360544218,0.06333333333333332,19,1,2
0.6666666666666666,0.0,0.0,0.06333333333333332,19,1,4
0.6666666666666666,0.0,0.0,0.06333333333333332,19,1,5
0.08484848484848484,0.008408408408408409,0.015300546448087428,0.06333333333333332,18,11,1
0.38383838383838387,0.001498800959232614,0.0029112081513828236,0.06333333333333332,19,2,3
0.10512820512820513,0.012424242424242423,0.022222222222222216,0.06333333333333332,19,1,1
0.6666666666666666,0.0,0.0,0.06333333333333332,19,2,5
0.41397849462365593,0.004488330341113106,0.008503401360544218,0.06333333333333332,19,2,2
0.6666666666666666,0.0,0.0,0.06333333333333332,19,2,4
0.10512820512820513,0.012424242424242423,0.022222222222222216,0.06333333333333332,19,2,1
0.38383838383838387,0.001498800959232614,0.0029112081513828236,0.06333333333333332,19,3,3
0.6666666666666666,0.0,0.0,0.06333333333333332,19,3,4
0.41397849462365593,0.004488330341113106,0.008503401360544218,0.06333333333333332,19,3,2
0.6666666666666666,0.0,0.0,0.06333333333333332,19,3,5
0.38383838383838387,0.001498800959232614,0.0029112081513828236,0.06333333333333332,19,4,3
0.41397849462365593,0.004488330341113106,0.008503401360544218,0.06333333333333332,19,4,2
0.6666666666666666,0.0,0.0,0.06333333333333332,19,4,4
0.6666666666666666,0.0,0.0,0.06333333333333332,19,4,5
0.11290322580645161,0.012704174228675135,0.022838499184339316,0.06333333333333332,19,3,1
0.38383838383838387,0.001498800959232614,0.0029112081513828236,0.06333333333333332,19,5,3
0.6666666666666666,0.0,0.0,0.06333333333333332,19,5,4
0.11290322580645161,0.012704174228675135,0.022838499184339316,0.06333333333333332,19,4,1
0.6666666666666666,0.0,0.0,0.06333333333333332,19,5,5
0.38271604938271603,0.002391629297458894,0.004562303963501568,0.06333333333333332,19,5,2
0.38383838383838387,0.001498800959232614,0.0029112081513828236,0.06333333333333332,19,6,3
0.096045197740113,0.010228640192539109,0.018488308863512777,0.06333333333333332,19,5,1
0.38271604938271603,0.002391629297458894,0.004562303963501568,0.06333333333333332,19,6,2
0.6666666666666666,0.0,0.0,0.06333333333333332,19,6,4
0.6666666666666666,0.0,0.0,0.06333333333333332,19,6,5
0.38383838383838387,0.001498800959232614,0.0029112081513828236,0.06333333333333332,19,7,3
0.6666666666666666,0.0,0.0,0.06333333333333332,19,7,4
0.096045197740113,0.010228640192539109,0.018488308863512777,0.06333333333333332,19,6,1
0.38271604938271603,0.002391629297458894,0.004562303963501568,0.06333333333333332,19,7,2
0.6666666666666666,0.0,0.0,0.06333333333333332,19,7,5
0.09968847352024922,0.009618274721971746,0.017543859649122806,0.06333333333333332,19,7,1
0.38383838383838387,0.001498800959232614,0.0029112081513828236,0.06333333333333332,19,8,3
0.6666666666666666,0.0,0.0,0.06333333333333332,19,8,4
0.38271604938271603,0.002391629297458894,0.004562303963501568,0.06333333333333332,19,8,2
0.6666666666666666,0.0,0.0,0.06333333333333332,19,8,5
0.37606837606837606,0.001497454327643007,0.002893518518518519,0.06333333333333332,19,9,3
0.09968847352024922,0.009618274721971746,0.017543859649122806,0.06333333333333332,19,8,1
0.6666666666666666,0.0,0.0,0.06333333333333332,19,9,5
0.6666666666666666,0.0,0.0,0.06333333333333332,19,9,4
0.06410256410256411,0.0029922202274087375,0.005717552887364208,0.06333333333333332,19,9,2
0.37606837606837606,0.001497454327643007,0.002893518518518519,0.06333333333333332,19,10,3
0.09206349206349207,0.008724428399518652,0.01593844462764496,0.06333333333333332,19,9,1
0.06410256410256411,0.0029922202274087375,0.005717552887364208,0.06333333333333332,19,10,2
0.6666666666666666,0.0,0.0,0.06333333333333332,19,10,4
0.6666666666666666,0.0,0.0,0.06333333333333332,19,10,5
0.37606837606837606,0.001497454327643007,0.002893518518518519,0.06333333333333332,19,11,3
0.6666666666666666,0.0,0.0,0.06333333333333332,19,11,5
0.09206349206349207,0.008724428399518652,0.01593844462764496,0.06333333333333332,19,10,1
0.6666666666666666,0.0,0.0,0.06333333333333332,19,11,4
0.06410256410256411,0.0029922202274087375,0.005717552887364208,0.06333333333333332,19,11,2
0.38383838383838387,0.001498800959232614,0.0029112081513828236,0.06333333333333332,20,1,3
0.0880503144654088,0.008408408408408409,0.015350877192982455,0.06333333333333332,19,11,1
0.41397849462365593,0.004488330341113106,0.008503401360544218,0.06333333333333332,20,1,2
0.6666666666666666,0.0,0.0,0.06333333333333332,20,1,4
0.6666666666666666,0.0,0.0,0.06333333333333332,20,1,5
0.10512820512820513,0.012424242424242423,0.022222222222222216,0.06333333333333332,20,1,1
0.6666666666666666,0.0,0.0,0.06333333333333332,20,2,5
0.41397849462365593,0.004488330341113106,0.008503401360544218,0.06333333333333332,20,2,2
0.38383838383838387,0.001498800959232614,0.0029112081513828236,0.06333333333333332,20,2,3
0.6666666666666666,0.0,0.0,0.06333333333333332,20,2,4
0.38383838383838387,0.001498800959232614,0.0029112081513828236,0.06333333333333332,20,3,3
0.10512820512820513,0.012424242424242423,0.022222222222222216,0.06333333333333332,20,2,1
0.41397849462365593,0.004488330341113106,0.008503401360544218,0.06333333333333332,20,3,2
0.6666666666666666,0.0,0.0,0.06333333333333332,20,3,5
0.6666666666666666,0.0,0.0,0.06333333333333332,20,3,4
0.38383838383838387,0.001498800959232614,0.0029112081513828236,0.06333333333333332,20,4,3
0.11290322580645161,0.012704174228675135,0.022838499184339316,0.06333333333333332,20,3,1
0.6666666666666666,0.0,0.0,0.06333333333333332,20,4,4
0.6666666666666666,0.0,0.0,0.06333333333333332,20,4,5
0.41397849462365593,0.004488330341113106,0.008503401360544218,0.06333333333333332,20,4,2
0.11290322580645161,0.012704174228675135,0.022838499184339316,0.06333333333333332,20,4,1
0.38383838383838387,0.001498800959232614,0.0029112081513828236,0.06333333333333332,20,5,3
0.38271604938271603,0.002391629297458894,0.004562303963501568,0.06333333333333332,20,5,2
0.6666666666666666,0.0,0.0,0.06333333333333332,20,5,4
0.6666666666666666,0.0,0.0,0.06333333333333332,20,5,5
0.38383838383838387,0.001498800959232614,0.0029112081513828236,0.06333333333333332,20,6,3
0.38271604938271603,0.002391629297458894,0.004562303963501568,0.06333333333333332,20,6,2
0.6666666666666666,0.0,0.0,0.06333333333333332,20,6,5
0.096045197740113,0.010228640192539109,0.018488308863512777,0.06333333333333332,20,5,1
0.6666666666666666,0.0,0.0,0.06333333333333332,20,6,4
0.096045197740113,0.010228640192539109,0.018488308863512777,0.06333333333333332,20,6,1
0.6666666666666666,0.0,0.0,0.06333333333333332,20,7,4
0.6666666666666666,0.0,0.0,0.06333333333333332,20,7,5
0.38383838383838387,0.001498800959232614,0.0029112081513828236,0.06333333333333332,20,7,3
0.38271604938271603,0.002391629297458894,0.004562303963501568,0.06333333333333332,20,7,2
0.6666666666666666,0.0,0.0,0.06333333333333332,20,8,4
0.38383838383838387,0.001498800959232614,0.0029112081513828236,0.06333333333333332,20,8,3
0.6666666666666666,0.0,0.0,0.06333333333333332,20,8,5
0.38271604938271603,0.002391629297458894,0.004562303963501568,0.06333333333333332,20,8,2
0.09968847352024922,0.009618274721971746,0.017543859649122806,0.06333333333333332,20,7,1
0.09968847352024922,0.009618274721971746,0.017543859649122806,0.06333333333333332,20,8,1
0.6666666666666666,0.0,0.0,0.06333333333333332,20,9,4
0.6666666666666666,0.0,0.0,0.06333333333333332,20,9,5
0.06410256410256411,0.0029922202274087375,0.005717552887364208,0.06333333333333332,20,9,2
0.37606837606837606,0.001497454327643007,0.002893518518518519,0.06333333333333332,20,9,3
0.37606837606837606,0.001497454327643007,0.002893518518518519,0.06333333333333332,20,10,3
0.09206349206349207,0.008724428399518652,0.01593844462764496,0.06333333333333332,20,9,1
0.06410256410256411,0.0029922202274087375,0.005717552887364208,0.06333333333333332,20,10,2
0.6666666666666666,0.0,0.0,0.06333333333333332,20,10,5
0.6666666666666666,0.0,0.0,0.06333333333333332,20,10,4
0.09206349206349207,0.008724428399518652,0.01593844462764496,0.06333333333333332,20,10,1
0.37606837606837606,0.001497454327643007,0.002893518518518519,0.06333333333333332,20,11,3
0.6666666666666666,0.0,0.0,0.06333333333333332,20,11,4
0.06410256410256411,0.0029922202274087375,0.005717552887364208,0.06333333333333332,20,11,2
0.6666666666666666,0.0,0.0,0.06333333333333332,20,11,5
0.0880503144654088,0.008408408408408409,0.015350877192982455,0.06333333333333332,20,11,1
0.6666666666666666,0.0,0.0,0.06333333333333332,21,1,5
0.6666666666666666,0.0,0.0,0.06333333333333332,21,1,4
0.38383838383838387,0.001498800959232614,0.0029112081513828236,0.06333333333333332,21,1,3
0.4226190476190476,0.004488330341113106,0.008547008547008546,0.06333333333333332,21,1,2
0.38383838383838387,0.001498800959232614,0.0029112081513828236,0.06333333333333332,21,2,3
0.4226190476190476,0.004488330341113106,0.008547008547008546,0.06333333333333332,21,2,2
0.10914454277286136,0.011171497584541064,0.02026841961106546,0.06333333333333332,21,1,1
0.6666666666666666,0.0,0.0,0.06333333333333332,21,2,4
0.6666666666666666,0.0,0.0,0.06333333333333332,21,2,5
0.10914454277286136,0.011171497584541064,0.02026841961106546,0.06333333333333332,21,2,1
0.38383838383838387,0.001498800959232614,0.0029112081513828236,0.06333333333333332,21,3,3
0.6666666666666666,0.0,0.0,0.06333333333333332,21,3,4
0.4226190476190476,0.004488330341113106,0.008547008547008546,0.06333333333333332,21,3,2
0.6666666666666666,0.0,0.0,0.06333333333333332,21,3,5
0.12012012012012012,0.012077294685990338,0.021947873799725653,0.06333333333333332,21,3,1
0.6666666666666666,0.0,0.0,0.06333333333333332,21,4,4
0.38383838383838387,0.001498800959232614,0.0029112081513828236,0.06333333333333332,21,4,3
0.6666666666666666,0.0,0.0,0.06333333333333332,21,4,5
0.4226190476190476,0.004488330341113106,0.008547008547008546,0.06333333333333332,21,4,2
0.12012012012012012,0.012077294685990338,0.021947873799725653,0.06333333333333332,21,4,1
0.38383838383838387,0.001498800959232614,0.0029112081513828236,0.06333333333333332,21,5,3
0.6666666666666666,0.0,0.0,0.06333333333333332,21,5,4
0.6666666666666666,0.0,0.0,0.06333333333333332,21,5,5
0.38666666666666666,0.002391629297458894,0.00457796852646638,0.06333333333333332,21,5,2
0.09935897435897435,0.009309309309309309,0.01702361339923119,0.06333333333333332,21,5,1
0.38383838383838387,0.001498800959232614,0.0029112081513828236,0.06333333333333332,21,6,3
0.6666666666666666,0.0,0.0,0.06333333333333332,21,6,5
0.6666666666666666,0.0,0.0,0.06333333333333332,21,6,4
0.38666666666666666,0.002391629297458894,0.00457796852646638,0.06333333333333332,21,6,2
0.38383838383838387,0.001498800959232614,0.0029112081513828236,0.06333333333333332,21,7,3
0.09935897435897435,0.009309309309309309,0.01702361339923119,0.06333333333333332,21,6,1
0.38666666666666666,0.002391629297458894,0.00457796852646638,0.06333333333333332,21,7,2
0.6666666666666666,0.0,0.0,0.06333333333333332,21,7,5
0.6666666666666666,0.0,0.0,0.06333333333333332,21,7,4
0.38383838383838387,0.001498800959232614,0.0029112081513828236,0.06333333333333332,21,8,3
0.10507246376811595,0.0087008700870087,0.016070933776669436,0.06333333333333332,21,7,1
0.38666666666666666,0.002391629297458894,0.00457796852646638,0.06333333333333332,21,8,2
0.6666666666666666,0.0,0.0,0.06333333333333332,21,8,4
0.6666666666666666,0.0,0.0,0.06333333333333332,21,8,5
0.10507246376811595,0.0087008700870087,0.016070933776669436,0.06333333333333332,21,8,1
0.37606837606837606,0.001497454327643007,0.002893518518518519,0.06333333333333332,21,9,3
0.6666666666666666,0.0,0.0,0.06333333333333332,21,9,4
0.06802721088435375,0.0029922202274087375,0.005732301519059902,0.06333333333333332,21,9,2
0.6666666666666666,0.0,0.0,0.06333333333333332,21,9,5
0.37606837606837606,0.001497454327643007,0.002893518518518519,0.06333333333333332,21,10,3
0.09629629629629628,0.007807807807807808,0.014444444444444446,0.06333333333333332,21,9,1
0.6666666666666666,0.0,0.0,0.06333333333333332,21,10,4
0.6666666666666666,0.0,0.0,0.06333333333333332,21,10,5
0.06802721088435375,0.0029922202274087375,0.005732301519059902,0.06333333333333332,21,10,2
0.37606837606837606,0.001497454327643007,0.002893518518518519,0.06333333333333332,21,11,3
0.6666666666666666,0.0,0.0,0.06333333333333332,21,11,4
0.6666666666666666,0.0,0.0,0.06333333333333332,21,11,5
0.09629629629629628,0.007807807807807808,0.014444444444444446,0.06333333333333332,21,10,1
0.06802721088435375,0.0029922202274087375,0.005732301519059902,0.06333333333333332,21,11,2
0.38383838383838387,0.001498800959232614,0.0029112081513828236,0.06333333333333332,22,1,3
0.0982456140350877,0.008408408408408409,0.01549100968188105,0.06333333333333332,21,11,1
0.6666666666666666,0.0,0.0,0.06333333333333332,22,1,4
0.4226190476190476,0.004488330341113106,0.008547008547008546,0.06333333333333332,22,1,2
0.6666666666666666,0.0,0.0,0.06333333333333332,22,1,5
0.10914454277286136,0.011171497584541064,0.02026841961106546,0.06333333333333332,22,1,1
0.38383838383838387,0.001498800959232614,0.0029112081513828236,0.06333333333333332,22,2,3
0.6666666666666666,0.0,0.0,0.06333333333333332,22,2,4
0.6666666666666666,0.0,0.0,0.06333333333333332,22,2,5
0.4226190476190476,0.004488330341113106,0.008547008547008546,0.06333333333333332,22,2,2
0.38383838383838387,0.001498800959232614,0.0029112081513828236,0.06333333333333332,22,3,3
0.10914454277286136,0.011171497584541064,0.02026841961106546,0.06333333333333332,22,2,1
0.4226190476190476,0.004488330341113106,0.008547008547008546,0.06333333333333332,22,3,2
0.6666666666666666,0.0,0.0,0.06333333333333332,22,3,5
0.6666666666666666,0.0,0.0,0.06333333333333332,22,3,4
0.38383838383838387,0.001498800959232614,0.0029112081513828236,0.06333333333333332,22,4,3
0.12012012012012012,0.012077294685990338,0.021947873799725653,0.06333333333333332,22,3,1
0.6666666666666666,0.0,0.0,0.06333333333333332,22,4,5
0.4226190476190476,0.004488330341113106,0.008547008547008546,0.06333333333333332,22,4,2
0.6666666666666666,0.0,0.0,0.06333333333333332,22,4,4
0.38666666666666666,0.002391629297458894,0.00457796852646638,0.06333333333333332,22,5,2
0.12012012012012012,0.012077294685990338,0.021947873799725653,0.06333333333333332,22,4,1
0.38383838383838387,0.001498800959232614,0.0029112081513828236,0.06333333333333332,22,5,3
0.6666666666666666,0.0,0.0,0.06333333333333332,22,5,4
0.6666666666666666,0.0,0.0,0.06333333333333332,22,5,5
0.38383838383838387,0.001498800959232614,0.0029112081513828236,0.06333333333333332,22,6,3
0.09935897435897435,0.009309309309309309,0.01702361339923119,0.06333333333333332,22,5,1
0.38666666666666666,0.002391629297458894,0.00457796852646638,0.06333333333333332,22,6,2
0.6666666666666666,0.0,0.0,0.06333333333333332,22,6,5
0.6666666666666666,0.0,0.0,0.06333333333333332,22,6,4
0.09935897435897435,0.009309309309309309,0.01702361339923119,0.06333333333333332,22,6,1
0.38383838383838387,0.001498800959232614,0.0029112081513828236,0.06333333333333332,22,7,3
0.38666666666666666,0.002391629297458894,0.00457796852646638,0.06333333333333332,22,7,2
0.6666666666666666,0.0,0.0,0.06333333333333332,22,7,5
0.6666666666666666,0.0,0.0,0.06333333333333332,22,7,4
0.10507246376811595,0.0087008700870087,0.016070933776669436,0.06333333333333332,22,7,1
0.6666666666666666,0.0,0.0,0.06333333333333332,22,8,4
0.38383838383838387,0.001498800959232614,0.0029112081513828236,0.06333333333333332,22,8,3
0.6666666666666666,0.0,0.0,0.06333333333333332,22,8,5
0.38666666666666666,0.002391629297458894,0.00457796852646638,0.06333333333333332,22,8,2
0.10507246376811595,0.0087008700870087,0.016070933776669436,0.06333333333333332,22,8,1
0.37606837606837606,0.001497454327643007,0.002893518518518519,0.06333333333333332,22,9,3
0.06802721088435375,0.0029922202274087375,0.005732301519059902,0.06333333333333332,22,9,2
0.6666666666666666,0.0,0.0,0.06333333333333332,22,9,5
0.6666666666666666,0.0,0.0,0.06333333333333332,22,9,4
0.37606837606837606,0.001497454327643007,0.002893518518518519,0.06333333333333332,22,10,3
0.09629629629629628,0.007807807807807808,0.014444444444444446,0.06333333333333332,22,9,1
0.06802721088435375,0.0029922202274087375,0.005732301519059902,0.06333333333333332,22,10,2
0.6666666666666666,0.0,0.0,0.06333333333333332,22,10,5
0.6666666666666666,0.0,0.0,0.06333333333333332,22,10,4
0.37606837606837606,0.001497454327643007,0.002893518518518519,0.06333333333333332,22,11,3
0.09629629629629628,0.007807807807807808,0.014444444444444446,0.06333333333333332,22,10,1
0.6666666666666666,0.0,0.0,0.06333333333333332,22,11,5
0.6666666666666666,0.0,0.0,0.06333333333333332,22,11,4
0.06802721088435375,0.0029922202274087375,0.005732301519059902,0.06333333333333332,22,11,2
0.0982456140350877,0.008408408408408409,0.01549100968188105,0.06333333333333332,22,11,1
0.38383838383838387,0.001498800959232614,0.0029112081513828236,0.06333333333333332,23,1,3
0.6666666666666666,0.0,0.0,0.06333333333333332,23,1,5
0.6666666666666666,0.0,0.0,0.06333333333333332,23,1,4
0.4226190476190476,0.004488330341113106,0.008547008547008546,0.06333333333333332,23,1,2
0.11320754716981131,0.010869565217391304,0.019834710743801654,0.06333333333333332,23,1,1
0.38383838383838387,0.001498800959232614,0.0029112081513828236,0.06333333333333332,23,2,3
0.6666666666666666,0.0,0.0,0.06333333333333332,23,2,4
0.4226190476190476,0.004488330341113106,0.008547008547008546,0.06333333333333332,23,2,2
0.6666666666666666,0.0,0.0,0.06333333333333332,23,2,5
0.6666666666666666,0.0,0.0,0.06333333333333332,23,3,4
0.38383838383838387,0.001498800959232614,0.0029112081513828236,0.06333333333333332,23,3,3
0.11320754716981131,0.010869565217391304,0.019834710743801654,0.06333333333333332,23,2,1
0.6666666666666666,0.0,0.0,0.06333333333333332,23,3,5
0.4226190476190476,0.004488330341113106,0.008547008547008546,0.06333333333333332,23,3,2
0.38383838383838387,0.001498800959232614,0.0029112081513828236,0.06333333333333332,23,4,3
0.4226190476190476,0.004488330341113106,0.008547008547008546,0.06333333333333332,23,4,2
0.125,0.011775362318840578,0.02152317880794702,0.06333333333333332,23,3,1
0.6666666666666666,0.0,0.0,0.06333333333333332,23,4,5
0.6666666666666666,0.0,0.0,0.06333333333333332,23,4,4
0.125,0.011775362318840578,0.02152317880794702,0.06333333333333332,23,4,1
0.38383838383838387,0.001498800959232614,0.0029112081513828236,0.06333333333333332,23,5,3
0.38666666666666666,0.002391629297458894,0.00457796852646638,0.06333333333333332,23,5,2
0.6666666666666666,0.0,0.0,0.06333333333333332,23,5,4
0.6666666666666666,0.0,0.0,0.06333333333333332,23,5,5
0.10309278350515465,0.009009009009009009,0.016570008285004142,0.06333333333333332,23,5,1
0.38383838383838387,0.001498800959232614,0.0029112081513828236,0.06333333333333332,23,6,3
0.6666666666666666,0.0,0.0,0.06333333333333332,23,6,5
0.6666666666666666,0.0,0.0,0.06333333333333332,23,6,4
0.38666666666666666,0.002391629297458894,0.00457796852646638,0.06333333333333332,23,6,2
0.38383838383838387,0.001498800959232614,0.0029112081513828236,0.06333333333333332,23,7,3
0.10309278350515465,0.009009009009009009,0.016570008285004142,0.06333333333333332,23,6,1
0.6666666666666666,0.0,0.0,0.06333333333333332,23,7,4
0.38666666666666666,0.002391629297458894,0.00457796852646638,0.06333333333333332,23,7,2
0.6666666666666666,0.0,0.0,0.06333333333333332,23,7,5
0.10606060606060606,0.0084008400840084,0.01556852932999722,0.06333333333333332,23,7,1
0.38666666666666666,0.002391629297458894,0.00457796852646638,0.06333333333333332,23,8,2
0.6666666666666666,0.0,0.0,0.06333333333333332,23,8,5
0.6666666666666666,0.0,0.0,0.06333333333333332,23,8,4
0.38383838383838387,0.001498800959232614,0.0029112081513828236,0.06333333333333332,23,8,3
0.37606837606837606,0.001497454327643007,0.002893518518518519,0.06333333333333332,23,9,3
0.6666666666666666,0.0,0.0,0.06333333333333332,23,9,4
0.10606060606060606,0.0084008400840084,0.01556852932999722,0.06333333333333332,23,8,1
0.6666666666666666,0.0,0.0,0.06333333333333332,23,9,5
0.06802721088435375,0.0029922202274087375,0.005732301519059902,0.06333333333333332,23,9,2
0.09689922480620156,0.0075075075075075074,0.013935340022296544,0.06333333333333332,23,9,1
0.37606837606837606,0.001497454327643007,0.002893518518518519,0.06333333333333332,23,10,3
0.06802721088435375,0.0029922202274087375,0.005732301519059902,0.06333333333333332,23,10,2
0.6666666666666666,0.0,0.0,0.06333333333333332,23,10,5
0.6666666666666666,0.0,0.0,0.06333333333333332,23,10,4
0.09689922480620156,0.0075075075075075074,0.013935340022296544,0.06333333333333332,23,10,1
0.6666666666666666,0.0,0.0,0.06333333333333332,23,11,5
0.06802721088435375,0.0029922202274087375,0.005732301519059902,0.06333333333333332,23,11,2
0.37606837606837606,0.001497454327643007,0.002893518518518519,0.06333333333333332,23,11,3
0.6666666666666666,0.0,0.0,0.06333333333333332,23,11,4
0.09737827715355805,0.007807807807807808,0.014456491520711705,0.06333333333333332,23,11,1
0.6666666666666666,0.0,0.0,0.06333333333333332,24,1,5
0.6666666666666666,0.0,0.0,0.06333333333333332,24,1,4
0.38383838383838387,0.001498800959232614,0.0029112081513828236,0.06333333333333332,24,1,3
0.4226190476190476,0.004488330341113106,0.008547008547008546,0.06333333333333332,24,1,2
0.11320754716981131,0.010869565217391304,0.019834710743801654,0.06333333333333332,24,1,1
0.38383838383838387,0.001498800959232614,0.0029112081513828236,0.06333333333333332,24,2,3
0.6666666666666666,0.0,0.0,0.06333333333333332,24,2,5
0.4226190476190476,0.004488330341113106,0.008547008547008546,0.06333333333333332,24,2,2
0.6666666666666666,0.0,0.0,0.06333333333333332,24,2,4
0.11320754716981131,0.010869565217391304,0.019834710743801654,0.06333333333333332,24,2,1
0.6666666666666666,0.0,0.0,0.06333333333333332,24,3,4
0.6666666666666666,0.0,0.0,0.06333333333333332,24,3,5
0.38383838383838387,0.001498800959232614,0.0029112081513828236,0.06333333333333332,24,3,3
0.4226190476190476,0.004488330341113106,0.008547008547008546,0.06333333333333332,24,3,2
0.38383838383838387,0.001498800959232614,0.0029112081513828236,0.06333333333333332,24,4,3
0.125,0.011775362318840578,0.02152317880794702,0.06333333333333332,24,3,1
0.6666666666666666,0.0,0.0,0.06333333333333332,24,4,4
0.4226190476190476,0.004488330341113106,0.008547008547008546,0.06333333333333332,24,4,2
0.6666666666666666,0.0,0.0,0.06333333333333332,24,4,5
0.125,0.011775362318840578,0.02152317880794702,0.06333333333333332,24,4,1
0.38383838383838387,0.001498800959232614,0.0029112081513828236,0.06333333333333332,24,5,3
0.6666666666666666,0.0,0.0,0.06333333333333332,24,5,5
0.6666666666666666,0.0,0.0,0.06333333333333332,24,5,4
0.38666666666666666,0.002391629297458894,0.00457796852646638,0.06333333333333332,24,5,2
0.38666666666666666,0.002391629297458894,0.00457796852646638,0.06333333333333332,24,6,2
0.10309278350515465,0.009009009009009009,0.016570008285004142,0.06333333333333332,24,5,1
0.38383838383838387,0.001498800959232614,0.0029112081513828236,0.06333333333333332,24,6,3
0.6666666666666666,0.0,0.0,0.06333333333333332,24,6,4
0.6666666666666666,0.0,0.0,0.06333333333333332,24,6,5
0.38383838383838387,0.001498800959232614,0.0029112081513828236,0.06333333333333332,24,7,3
0.10309278350515465,0.009009009009009009,0.016570008285004142,0.06333333333333332,24,6,1
0.6666666666666666,0.0,0.0,0.06333333333333332,24,7,4
0.6666666666666666,0.0,0.0,0.06333333333333332,24,7,5
0.38666666666666666,0.002391629297458894,0.00457796852646638,0.06333333333333332,24,7,2
0.10606060606060606,0.0084008400840084,0.01556852932999722,0.06333333333333332,24,7,1
0.38383838383838387,0.001498800959232614,0.0029112081513828236,0.06333333333333332,24,8,3
0.6666666666666666,0.0,0.0,0.06333333333333332,24,8,4
0.6666666666666666,0.0,0.0,0.06333333333333332,24,8,5
0.38666666666666666,0.002391629297458894,0.00457796852646638,0.06333333333333332,24,8,2
0.06802721088435375,0.0029922202274087375,0.005732301519059902,0.06333333333333332,24,9,2
0.37606837606837606,0.001497454327643007,0.002893518518518519,0.06333333333333332,24,9,3
0.6666666666666666,0.0,0.0,0.06333333333333332,24,9,4
0.10606060606060606,0.0084008400840084,0.01556852932999722,0.06333333333333332,24,8,1
0.6666666666666666,0.0,0.0,0.06333333333333332,24,9,5
0.09689922480620156,0.0075075075075075074,0.013935340022296544,0.06333333333333332,24,9,1
0.37606837606837606,0.001497454327643007,0.002893518518518519,0.06333333333333332,24,10,3
0.6666666666666666,0.0,0.0,0.06333333333333332,24,10,4
0.06802721088435375,0.0029922202274087375,0.005732301519059902,0.06333333333333332,24,10,2
0.6666666666666666,0.0,0.0,0.06333333333333332,24,10,5
0.37606837606837606,0.001497454327643007,0.002893518518518519,0.06333333333333332,24,11,3
0.09689922480620156,0.0075075075075075074,0.013935340022296544,0.06333333333333332,24,10,1
0.06802721088435375,0.0029922202274087375,0.005732301519059902,0.06333333333333332,24,11,2
0.6666666666666666,0.0,0.0,0.06333333333333332,24,11,5
0.6666666666666666,0.0,0.0,0.06333333333333332,24,11,4
0.012195121951219511,0.000896057347670251,0.0016694490818030053,0.08999999999999998,1,1,3
0.09737827715355805,0.007807807807807808,0.014456491520711705,0.06333333333333332,24,11,1
0.6666666666666666,0.0,0.0,0.08999999999999998,1,1,5
0.3541666666666667,0.0002986857825567503,0.0005889281507656067,0.08999999999999998,1,1,4
0.0978085351787774,0.3414195867026056,0.12394991282295136,0.08999999999999998,1,1,2
0.012195121951219511,0.000896057347670251,0.0016694490818030053,0.08999999999999998,1,2,3
0.6666666666666666,0.0,0.0,0.08999999999999998,1,2,5
0.3541666666666667,0.0002986857825567503,0.0005889281507656067,0.08999999999999998,1,2,4
0.0978085351787774,0.3414195867026056,0.12394991282295136,0.08999999999999998,1,2,2
0.012195121951219511,0.000896057347670251,0.0016694490818030053,0.08999999999999998,1,3,3
0.3541666666666667,0.0002986857825567503,0.0005889281507656067,0.08999999999999998,1,3,4
0.6666666666666666,0.0,0.0,0.08999999999999998,1,3,5
0.052064359441408616,0.35000000000000003,0.08247126436781609,0.08999999999999998,1,1,1
0.0978085351787774,0.3414195867026056,0.12394991282295136,0.08999999999999998,1,3,2
0.3541666666666667,0.0002986857825567503,0.0005889281507656067,0.08999999999999998,1,4,4
0.012195121951219511,0.000896057347670251,0.0016694490818030053,0.08999999999999998,1,4,3
0.6666666666666666,0.0,0.0,0.08999999999999998,1,4,5
0.052064359441408616,0.35000000000000003,0.08247126436781609,0.08999999999999998,1,2,1
0.0978085351787774,0.3414195867026056,0.12394991282295136,0.08999999999999998,1,4,2
0.012195121951219511,0.000896057347670251,0.0016694490818030053,0.08999999999999998,1,5,3
0.6666666666666666,0.0,0.0,0.08999999999999998,1,5,5
0.3541666666666667,0.0002986857825567503,0.0005889281507656067,0.08999999999999998,1,5,4
0.04903703703703704,0.34417344173441733,0.07805726941939566,0.08999999999999998,1,3,1
0.11296296296296297,0.3393231506439054,0.14329845540607875,0.08999999999999998,1,5,2
0.012195121951219511,0.000896057347670251,0.0016694490818030053,0.08999999999999998,1,6,3
0.3541666666666667,0.0002986857825567503,0.0005889281507656067,0.08999999999999998,1,6,4
0.6666666666666666,0.0,0.0,0.08999999999999998,1,6,5
0.04903703703703704,0.34417344173441733,0.07805726941939566,0.08999999999999998,1,4,1
0.11296296296296297,0.3393231506439054,0.14329845540607875,0.08999999999999998,1,6,2
0.3541666666666667,0.0002986857825567503,0.0005889281507656067,0.08999999999999998,1,7,4
0.04788041053101294,0.34142685851318944,0.0759354617233093,0.08999999999999998,1,5,1
0.012195121951219511,0.000896057347670251,0.0016694490818030053,0.08999999999999998,1,7,3
0.6666666666666666,0.0,0.0,0.08999999999999998,1,7,5
0.04788041053101294,0.34142685851318944,0.0759354617233093,0.08999999999999998,1,6,1
0.11296296296296297,0.3393231506439054,0.14329845540607875,0.08999999999999998,1,7,2
0.3541666666666667,0.0002986857825567503,0.0005889281507656067,0.08999999999999998,1,8,4
0.6666666666666666,0.0,0.0,0.08999999999999998,1,8,5
0.012195121951219511,0.000896057347670251,0.0016694490818030053,0.08999999999999998,1,8,3
0.012104283054003726,0.007807807807807808,0.009492515516611904,0.08999999999999998,1,7,1
0.11296296296296297,0.3393231506439054,0.14329845540607875,0.08999999999999998,1,8,2
0.345679012345679,0.0005973715651135006,0.0011396011396011395,0.08999999999999998,1,9,3
0.6666666666666666,0.0,0.0,0.08999999999999998,1,9,5
0.3541666666666667,0.0002986857825567503,0.0005889281507656067,0.08999999999999998,1,9,4
0.46551724137931033,0.33662477558348297,0.17236024844720496,0.08999999999999998,1,9,2
0.012104283054003726,0.007807807807807808,0.009492515516611904,0.08999999999999998,1,8,1
0.6666666666666666,0.0,0.0,0.08999999999999998,1,10,5
0.46551724137931033,0.33662477558348297,0.17236024844720496,0.08999999999999998,1,10,2
0.3541666666666667,0.0002986857825567503,0.0005889281507656067,0.08999999999999998,1,10,4
0.345679012345679,0.0005973715651135006,0.0011396011396011395,0.08999999999999998,1,10,3
0.010231556273559504,0.005695443645083933,0.0073175428461390345,0.08999999999999998,1,9,1
0.3541666666666667,0.0002986857825567503,0.0005889281507656067,0.08999999999999998,1,11,4
0.6666666666666666,0.0,0.0,0.08999999999999998,1,11,5
0.345679012345679,0.0005973715651135006,0.0011396011396011395,0.08999999999999998,1,11,3
0.46551724137931033,0.33662477558348297,0.17236024844720496,0.08999999999999998,1,11,2
0.010231556273559504,0.005695443645083933,0.0073175428461390345,0.08999999999999998,1,10,1
0.6666666666666666,0.0,0.0,0.08999999999999998,2,1,5
0.3541666666666667,0.0002986857825567503,0.0005889281507656067,0.08999999999999998,2,1,4
0.012195121951219511,0.000896057347670251,0.0016694490818030053,0.08999999999999998,2,1,3
0.010619469026548672,0.00539568345323741,0.007155635062611806,0.08999999999999998,1,11,1
0.0978085351787774,0.3414195867026056,0.12394991282295136,0.08999999999999998,2,1,2
0.3541666666666667,0.0002986857825567503,0.0005889281507656067,0.08999999999999998,2,2,4
0.6666666666666666,0.0,0.0,0.08999999999999998,2,2,5
0.012195121951219511,0.000896057347670251,0.0016694490818030053,0.08999999999999998,2,2,3
0.0978085351787774,0.3414195867026056,0.12394991282295136,0.08999999999999998,2,2,2
0.6666666666666666,0.0,0.0,0.08999999999999998,2,3,5
0.012195121951219511,0.000896057347670251,0.0016694490818030053,0.08999999999999998,2,3,3
0.052064359441408616,0.35000000000000003,0.08247126436781609,0.08999999999999998,2,1,1
0.3541666666666667,0.0002986857825567503,0.0005889281507656067,0.08999999999999998,2,3,4
0.0978085351787774,0.3414195867026056,0.12394991282295136,0.08999999999999998,2,3,2
0.6666666666666666,0.0,0.0,0.08999999999999998,2,4,5
0.012195121951219511,0.000896057347670251,0.0016694490818030053,0.08999999999999998,2,4,3
0.052064359441408616,0.35000000000000003,0.08247126436781609,0.08999999999999998,2,2,1
0.3541666666666667,0.0002986857825567503,0.0005889281507656067,0.08999999999999998,2,4,4
0.0978085351787774,0.3414195867026056,0.12394991282295136,0.08999999999999998,2,4,2
0.3541666666666667,0.0002986857825567503,0.0005889281507656067,0.08999999999999998,2,5,4
0.012195121951219511,0.000896057347670251,0.0016694490818030053,0.08999999999999998,2,5,3
0.6666666666666666,0.0,0.0,0.08999999999999998,2,5,5
0.04903703703703704,0.34417344173441733,0.07805726941939566,0.08999999999999998,2,3,1
0.11296296296296297,0.3393231506439054,0.14329845540607875,0.08999999999999998,2,5,2
0.04903703703703704,0.34417344173441733,0.07805726941939566,0.08999999999999998,2,4,1
0.3541666666666667,0.0002986857825567503,0.0005889281507656067,0.08999999999999998,2,6,4
0.6666666666666666,0.0,0.0,0.08999999999999998,2,6,5
0.012195121951219511,0.000896057347670251,0.0016694490818030053,0.08999999999999998,2,6,3
0.11296296296296297,0.3393231506439054,0.14329845540607875,0.08999999999999998,2,6,2
0.6666666666666666,0.0,0.0,0.08999999999999998,2,7,5
0.3541666666666667,0.0002986857825567503,0.0005889281507656067,0.08999999999999998,2,7,4
0.04788041053101294,0.34142685851318944,0.0759354617233093,0.08999999999999998,2,5,1
0.012195121951219511,0.000896057347670251,0.0016694490818030053,0.08999999999999998,2,7,3
0.11296296296296297,0.3393231506439054,0.14329845540607875,0.08999999999999998,2,7,2
0.3541666666666667,0.0002986857825567503,0.0005889281507656067,0.08999999999999998,2,8,4
0.6666666666666666,0.0,0.0,0.08999999999999998,2,8,5
0.04788041053101294,0.34142685851318944,0.0759354617233093,0.08999999999999998,2,6,1
0.012104283054003726,0.007807807807807808,0.009492515516611904,0.08999999999999998,2,7,1
0.11296296296296297,0.3393231506439054,0.14329845540607875,0.08999999999999998,2,8,2
0.012195121951219511,0.000896057347670251,0.0016694490818030053,0.08999999999999998,2,8,3
0.6666666666666666,0.0,0.0,0.08999999999999998,2,9,5
0.345679012345679,0.0005973715651135006,0.0011396011396011395,0.08999999999999998,2,9,3
0.46551724137931033,0.33662477558348297,0.17236024844720496,0.08999999999999998,2,9,2
0.3541666666666667,0.0002986857825567503,0.0005889281507656067,0.08999999999999998,2,9,4
0.012104283054003726,0.007807807807807808,0.009492515516611904,0.08999999999999998,2,8,1
0.6666666666666666,0.0,0.0,0.08999999999999998,2,10,5
0.3541666666666667,0.0002986857825567503,0.0005889281507656067,0.08999999999999998,2,10,4
0.345679012345679,0.0005973715651135006,0.0011396011396011395,0.08999999999999998,2,10,3
0.010231556273559504,0.005695443645083933,0.0073175428461390345,0.08999999999999998,2,9,1
0.46551724137931033,0.33662477558348297,0.17236024844720496,0.08999999999999998,2,10,2
0.3541666666666667,0.0002986857825567503,0.0005889281507656067,0.08999999999999998,2,11,4
0.6666666666666666,0.0,0.0,0.08999999999999998,2,11,5
0.345679012345679,0.0005973715651135006,0.0011396011396011395,0.08999999999999998,2,11,3
0.46551724137931033,0.33662477558348297,0.17236024844720496,0.08999999999999998,2,11,2
0.6666666666666666,0.0,0.0,0.08999999999999998,3,1,5
0.3541666666666667,0.0002986857825567503,0.0005889281507656067,0.08999999999999998,3,1,4
0.010231556273559504,0.005695443645083933,0.0073175428461390345,0.08999999999999998,2,10,1
0.012195121951219511,0.000896057347670251,0.0016694490818030053,0.08999999999999998,3,1,3
0.010619469026548672,0.00539568345323741,0.007155635062611806,0.08999999999999998,2,11,1
0.0978085351787774,0.3414195867026056,0.12394991282295136,0.08999999999999998,3,1,2
0.3541666666666667,0.0002986857825567503,0.0005889281507656067,0.08999999999999998,3,2,4
0.6666666666666666,0.0,0.0,0.08999999999999998,3,2,5
0.012195121951219511,0.000896057347670251,0.0016694490818030053,0.08999999999999998,3,2,3
0.0978085351787774,0.3414195867026056,0.12394991282295136,0.08999999999999998,3,2,2
0.3541666666666667,0.0002986857825567503,0.0005889281507656067,0.08999999999999998,3,3,4
0.6666666666666666,0.0,0.0,0.08999999999999998,3,3,5
0.012195121951219511,0.000896057347670251,0.0016694490818030053,0.08999999999999998,3,3,3
0.052064359441408616,0.35000000000000003,0.08247126436781609,0.08999999999999998,3,1,1
0.0978085351787774,0.3414195867026056,0.12394991282295136,0.08999999999999998,3,3,2
0.012195121951219511,0.000896057347670251,0.0016694490818030053,0.08999999999999998,3,4,3
0.3541666666666667,0.0002986857825567503,0.0005889281507656067,0.08999999999999998,3,4,4
0.6666666666666666,0.0,0.0,0.08999999999999998,3,4,5
0.052064359441408616,0.35000000000000003,0.08247126436781609,0.08999999999999998,3,2,1
0.0978085351787774,0.3414195867026056,0.12394991282295136,0.08999999999999998,3,4,2
0.3541666666666667,0.0002986857825567503,0.0005889281507656067,0.08999999999999998,3,5,4
0.04903703703703704,0.34417344173441733,0.07805726941939566,0.08999999999999998,3,3,1
0.11296296296296297,0.3393231506439054,0.14329845540607875,0.08999999999999998,3,5,2
0.6666666666666666,0.0,0.0,0.08999999999999998,3,5,5
0.012195121951219511,0.000896057347670251,0.0016694490818030053,0.08999999999999998,3,5,3
0.3541666666666667,0.0002986857825567503,0.0005889281507656067,0.08999999999999998,3,6,4
0.6666666666666666,0.0,0.0,0.08999999999999998,3,6,5
0.012195121951219511,0.000896057347670251,0.0016694490818030053,0.08999999999999998,3,6,3
0.04903703703703704,0.34417344173441733,0.07805726941939566,0.08999999999999998,3,4,1
0.11296296296296297,0.3393231506439054,0.14329845540607875,0.08999999999999998,3,6,2
0.04788041053101294,0.34142685851318944,0.0759354617233093,0.08999999999999998,3,5,1
0.3541666666666667,0.0002986857825567503,0.0005889281507656067,0.08999999999999998,3,7,4
0.6666666666666666,0.0,0.0,0.08999999999999998,3,7,5
0.012195121951219511,0.000896057347670251,0.0016694490818030053,0.08999999999999998,3,7,3
0.11296296296296297,0.3393231506439054,0.14329845540607875,0.08999999999999998,3,7,2
0.04788041053101294,0.34142685851318944,0.0759354617233093,0.08999999999999998,3,6,1
0.3541666666666667,0.0002986857825567503,0.0005889281507656067,0.08999999999999998,3,8,4
0.6666666666666666,0.0,0.0,0.08999999999999998,3,8,5
0.012195121951219511,0.000896057347670251,0.0016694490818030053,0.08999999999999998,3,8,3
0.012104283054003726,0.007807807807807808,0.009492515516611904,0.08999999999999998,3,7,1
0.11296296296296297,0.3393231506439054,0.14329845540607875,0.08999999999999998,3,8,2
0.6666666666666666,0.0,0.0,0.08999999999999998,3,9,5
0.3541666666666667,0.0002986857825567503,0.0005889281507656067,0.08999999999999998,3,9,4
0.345679012345679,0.0005973715651135006,0.0011396011396011395,0.08999999999999998,3,9,3
0.46551724137931033,0.33662477558348297,0.17236024844720496,0.08999999999999998,3,9,2
0.012104283054003726,0.007807807807807808,0.009492515516611904,0.08999999999999998,3,8,1
0.6666666666666666,0.0,0.0,0.08999999999999998,3,10,5
0.3541666666666667,0.0002986857825567503,0.0005889281507656067,0.08999999999999998,3,10,4
0.345679012345679,0.0005973715651135006,0.0011396011396011395,0.08999999999999998,3,10,3
0.46551724137931033,0.33662477558348297,0.17236024844720496,0.08999999999999998,3,10,2
0.010231556273559504,0.005695443645083933,0.0073175428461390345,0.08999999999999998,3,9,1
0.345679012345679,0.0005973715651135006,0.0011396011396011395,0.08999999999999998,3,11,3
0.6666666666666666,0.0,0.0,0.08999999999999998,3,11,5
0.3541666666666667,0.0002986857825567503,0.0005889281507656067,0.08999999999999998,3,11,4
0.010231556273559504,0.005695443645083933,0.0073175428461390345,0.08999999999999998,3,10,1
0.46551724137931033,0.33662477558348297,0.17236024844720496,0.08999999999999998,3,11,2
0.6666666666666666,0.0,0.0,0.08999999999999998,4,1,5
0.3541666666666667,0.0002986857825567503,0.0005889281507656067,0.08999999999999998,4,1,4
0.010619469026548672,0.00539568345323741,0.007155635062611806,0.08999999999999998,3,11,1
0.012195121951219511,0.000896057347670251,0.0016694490818030053,0.08999999999999998,4,1,3
0.0978085351787774,0.3414195867026056,0.12394991282295136,0.08999999999999998,4,1,2
0.3541666666666667,0.0002986857825567503,0.0005889281507656067,0.08999999999999998,4,2,4
0.012195121951219511,0.000896057347670251,0.0016694490818030053,0.08999999999999998,4,2,3
0.6666666666666666,0.0,0.0,0.08999999999999998,4,2,5
0.0978085351787774,0.3414195867026056,0.12394991282295136,0.08999999999999998,4,2,2
0.3541666666666667,0.0002986857825567503,0.0005889281507656067,0.08999999999999998,4,3,4
0.6666666666666666,0.0,0.0,0.08999999999999998,4,3,5
0.012195121951219511,0.000896057347670251,0.0016694490818030053,0.08999999999999998,4,3,3
0.052064359441408616,0.35000000000000003,0.08247126436781609,0.08999999999999998,4,1,1
0.0978085351787774,0.3414195867026056,0.12394991282295136,0.08999999999999998,4,3,2
0.3541666666666667,0.0002986857825567503,0.0005889281507656067,0.08999999999999998,4,4,4
0.6666666666666666,0.0,0.0,0.08999999999999998,4,4,5
0.012195121951219511,0.000896057347670251,0.0016694490818030053,0.08999999999999998,4,4,3
0.052064359441408616,0.35000000000000003,0.08247126436781609,0.08999999999999998,4,2,1
0.0978085351787774,0.3414195867026056,0.12394991282295136,0.08999999999999998,4,4,2
0.6666666666666666,0.0,0.0,0.08999999999999998,4,5,5
0.012195121951219511,0.000896057347670251,0.0016694490818030053,0.08999999999999998,4,5,3
0.3541666666666667,0.0002986857825567503,0.0005889281507656067,0.08999999999999998,4,5,4
0.04903703703703704,0.34417344173441733,0.07805726941939566,0.08999999999999998,4,3,1
0.11296296296296297,0.3393231506439054,0.14329845540607875,0.08999999999999998,4,5,2
0.04903703703703704,0.34417344173441733,0.07805726941939566,0.08999999999999998,4,4,1
0.6666666666666666,0.0,0.0,0.08999999999999998,4,6,5
0.3541666666666667,0.0002986857825567503,0.0005889281507656067,0.08999999999999998,4,6,4
0.11296296296296297,0.3393231506439054,0.14329845540607875,0.08999999999999998,4,6,2
0.012195121951219511,0.000896057347670251,0.0016694490818030053,0.08999999999999998,4,6,3
0.6666666666666666,0.0,0.0,0.08999999999999998,4,7,5
0.04788041053101294,0.34142685851318944,0.0759354617233093,0.08999999999999998,4,5,1
0.3541666666666667,0.0002986857825567503,0.0005889281507656067,0.08999999999999998,4,7,4
0.012195121951219511,0.000896057347670251,0.0016694490818030053,0.08999999999999998,4,7,3
0.11296296296296297,0.3393231506439054,0.14329845540607875,0.08999999999999998,4,7,2
0.04788041053101294,0.34142685851318944,0.0759354617233093,0.08999999999999998,4,6,1
0.3541666666666667,0.0002986857825567503,0.0005889281507656067,0.08999999999999998,4,8,4
0.012195121951219511,0.000896057347670251,0.0016694490818030053,0.08999999999999998,4,8,3
0.6666666666666666,0.0,0.0,0.08999999999999998,4,8,5
0.012104283054003726,0.007807807807807808,0.009492515516611904,0.08999999999999998,4,7,1
0.11296296296296297,0.3393231506439054,0.14329845540607875,0.08999999999999998,4,8,2
0.6666666666666666,0.0,0.0,0.08999999999999998,4,9,5
0.3541666666666667,0.0002986857825567503,0.0005889281507656067,0.08999999999999998,4,9,4
0.345679012345679,0.0005973715651135006,0.0011396011396011395,0.08999999999999998,4,9,3
0.46551724137931033,0.33662477558348297,0.17236024844720496,0.08999999999999998,4,9,2
0.6666666666666666,0.0,0.0,0.08999999999999998,4,10,5
0.3541666666666667,0.0002986857825567503,0.0005889281507656067,0.08999999999999998,4,10,4
0.012104283054003726,0.007807807807807808,0.009492515516611904,0.08999999999999998,4,8,1
0.46551724137931033,0.33662477558348297,0.17236024844720496,0.08999999999999998,4,10,2
0.345679012345679,0.0005973715651135006,0.0011396011396011395,0.08999999999999998,4,10,3
0.010231556273559504,0.005695443645083933,0.0073175428461390345,0.08999999999999998,4,9,1
0.3541666666666667,0.0002986857825567503,0.0005889281507656067,0.08999999999999998,4,11,4
0.6666666666666666,0.0,0.0,0.08999999999999998,4,11,5
0.345679012345679,0.0005973715651135006,0.0011396011396011395,0.08999999999999998,4,11,3
0.010231556273559504,0.005695443645083933,0.0073175428461390345,0.08999999999999998,4,10,1
0.46551724137931033,0.33662477558348297,0.17236024844720496,0.08999999999999998,4,11,2
0.3541666666666667,0.0002986857825567503,0.0005889281507656067,0.08999999999999998,5,1,4
0.6666666666666666,0.0,0.0,0.08999999999999998,5,1,5
0.012195121951219511,0.000896057347670251,0.0016694490818030053,0.08999999999999998,5,1,3
0.010619469026548672,0.00539568345323741,0.007155635062611806,0.08999999999999998,4,11,1
0.0978085351787774,0.3414195867026056,0.12394991282295136,0.08999999999999998,5,1,2
0.3541666666666667,0.0002986857825567503,0.0005889281507656067,0.08999999999999998,5,2,4
0.6666666666666666,0.0,0.0,0.08999999999999998,5,2,5
0.012195121951219511,0.000896057347670251,0.0016694490818030053,0.08999999999999998,5,2,3
0.07204652853507815,0.3478920230512587,0.10157734701634359,0.08999999999999998,5,1,1
0.0978085351787774,0.3414195867026056,0.12394991282295136,0.08999999999999998,5,2,2
0.6666666666666666,0.0,0.0,0.08999999999999998,5,3,5
0.3541666666666667,0.0002986857825567503,0.0005889281507656067,0.08999999999999998,5,3,4
0.012195121951219511,0.000896057347670251,0.0016694490818030053,0.08999999999999998,5,3,3
0.0978085351787774,0.3414195867026056,0.12394991282295136,0.08999999999999998,5,3,2
0.07204652853507815,0.3478920230512587,0.10157734701634359,0.08999999999999998,5,2,1
0.6666666666666666,0.0,0.0,0.08999999999999998,5,4,5
0.012195121951219511,0.000896057347670251,0.0016694490818030053,0.08999999999999998,5,4,3
0.3541666666666667,0.0002986857825567503,0.0005889281507656067,0.08999999999999998,5,4,4
0.07530003871467285,0.3435712134899127,0.10872213251749241,0.08999999999999998,5,3,1
0.0978085351787774,0.3414195867026056,0.12394991282295136,0.08999999999999998,5,4,2
0.012195121951219511,0.000896057347670251,0.0016694490818030053,0.08999999999999998,5,5,3
0.6666666666666666,0.0,0.0,0.08999999999999998,5,5,5
0.3541666666666667,0.0002986857825567503,0.0005889281507656067,0.08999999999999998,5,5,4
0.11296296296296297,0.3393231506439054,0.14329845540607875,0.08999999999999998,5,5,2
0.07530003871467285,0.3435712134899127,0.10872213251749241,0.08999999999999998,5,4,1
0.6666666666666666,0.0,0.0,0.08999999999999998,5,6,5
0.3541666666666667,0.0002986857825567503,0.0005889281507656067,0.08999999999999998,5,6,4
0.012195121951219511,0.000896057347670251,0.0016694490818030053,0.08999999999999998,5,6,3
0.07298930729893073,0.3408273381294964,0.10572027553159628,0.08999999999999998,5,5,1
0.11296296296296297,0.3393231506439054,0.14329845540607875,0.08999999999999998,5,6,2
0.07298930729893073,0.3408273381294964,0.10572027553159628,0.08999999999999998,5,6,1
0.012195121951219511,0.000896057347670251,0.0016694490818030053,0.08999999999999998,5,7,3
0.6666666666666666,0.0,0.0,0.08999999999999998,5,7,5
0.3541666666666667,0.0002986857825567503,0.0005889281507656067,0.08999999999999998,5,7,4
0.11296296296296297,0.3393231506439054,0.14329845540607875,0.08999999999999998,5,7,2
0.6666666666666666,0.0,0.0,0.08999999999999998,5,8,5
0.019113149847094803,0.0075075075075075074,0.010780508840017246,0.08999999999999998,5,7,1
0.3541666666666667,0.0002986857825567503,0.0005889281507656067,0.08999999999999998,5,8,4
0.012195121951219511,0.000896057347670251,0.0016694490818030053,0.08999999999999998,5,8,3
0.11296296296296297,0.3393231506439054,0.14329845540607875,0.08999999999999998,5,8,2
0.6666666666666666,0.0,0.0,0.08999999999999998,5,9,5
0.345679012345679,0.0005973715651135006,0.0011396011396011395,0.08999999999999998,5,9,3
0.3541666666666667,0.0002986857825567503,0.0005889281507656067,0.08999999999999998,5,9,4
0.46551724137931033,0.33662477558348297,0.17236024844720496,0.08999999999999998,5,9,2
0.019113149847094803,0.0075075075075075074,0.010780508840017246,0.08999999999999998,5,8,1
0.6666666666666666,0.0,0.0,0.08999999999999998,5,10,5
0.3541666666666667,0.0002986857825567503,0.0005889281507656067,0.08999999999999998,5,10,4
0.345679012345679,0.0005973715651135006,0.0011396011396011395,0.08999999999999998,5,10,3
0.015915119363395226,0.00539568345323741,0.008059100067159167,0.08999999999999998,5,9,1
0.46551724137931033,0.33662477558348297,0.17236024844720496,0.08999999999999998,5,10,2
0.345679012345679,0.0005973715651135006,0.0011396011396011395,0.08999999999999998,5,11,3
0.015915119363395226,0.00539568345323741,0.008059100067159167,0.08999999999999998,5,10,1
0.6666666666666666,0.0,0.0,0.08999999999999998,5,11,5
0.46551724137931033,0.33662477558348297,0.17236024844720496,0.08999999999999998,5,11,2
0.3541666666666667,0.0002986857825567503,0.0005889281507656067,0.08999999999999998,5,11,4
0.012195121951219511,0.000896057347670251,0.0016694490818030053,0.08999999999999998,6,1,3
0.3541666666666667,0.0002986857825567503,0.0005889281507656067,0.08999999999999998,6,1,4
0.0160075329566855,0.005095923261390888,0.007730786721236927,0.08999999999999998,5,11,1
0.6666666666666666,0.0,0.0,0.08999999999999998,6,1,5
0.0978085351787774,0.3414195867026056,0.12394991282295136,0.08999999999999998,6,1,2
0.3541666666666667,0.0002986857825567503,0.0005889281507656067,0.08999999999999998,6,2,4
0.6666666666666666,0.0,0.0,0.08999999999999998,6,2,5
0.012195121951219511,0.000896057347670251,0.0016694490818030053,0.08999999999999998,6,2,3
0.0978085351787774,0.3414195867026056,0.12394991282295136,0.08999999999999998,6,2,2
0.6666666666666666,0.0,0.0,0.08999999999999998,6,3,5
0.07204652853507815,0.3478920230512587,0.10157734701634359,0.08999999999999998,6,1,1
0.3541666666666667,0.0002986857825567503,0.0005889281507656067,0.08999999999999998,6,3,4
0.012195121951219511,0.000896057347670251,0.0016694490818030053,0.08999999999999998,6,3,3
0.0978085351787774,0.3414195867026056,0.12394991282295136,0.08999999999999998,6,3,2
0.07204652853507815,0.3478920230512587,0.10157734701634359,0.08999999999999998,6,2,1
0.012195121951219511,0.000896057347670251,0.0016694490818030053,0.08999999999999998,6,4,3
0.3541666666666667,0.0002986857825567503,0.0005889281507656067,0.08999999999999998,6,4,4
0.6666666666666666,0.0,0.0,0.08999999999999998,6,4,5
0.0978085351787774,0.3414195867026056,0.12394991282295136,0.08999999999999998,6,4,2
0.07530003871467285,0.3435712134899127,0.10872213251749241,0.08999999999999998,6,3,1
0.012195121951219511,0.000896057347670251,0.0016694490818030053,0.08999999999999998,6,5,3
0.6666666666666666,0.0,0.0,0.08999999999999998,6,5,5
0.3541666666666667,0.0002986857825567503,0.0005889281507656067,0.08999999999999998,6,5,4
0.07530003871467285,0.3435712134899127,0.10872213251749241,0.08999999999999998,6,4,1
0.11296296296296297,0.3393231506439054,0.14329845540607875,0.08999999999999998,6,5,2
0.6666666666666666,0.0,0.0,0.08999999999999998,6,6,5
0.3541666666666667,0.0002986857825567503,0.0005889281507656067,0.08999999999999998,6,6,4
0.012195121951219511,0.000896057347670251,0.0016694490818030053,0.08999999999999998,6,6,3
0.11296296296296297,0.3393231506439054,0.14329845540607875,0.08999999999999998,6,6,2
0.07298930729893073,0.3408273381294964,0.10572027553159628,0.08999999999999998,6,5,1
0.6666666666666666,0.0,0.0,0.08999999999999998,6,7,5
0.3541666666666667,0.0002986857825567503,0.0005889281507656067,0.08999999999999998,6,7,4
0.012195121951219511,0.000896057347670251,0.0016694490818030053,0.08999999999999998,6,7,3
0.07298930729893073,0.3408273381294964,0.10572027553159628,0.08999999999999998,6,6,1
0.11296296296296297,0.3393231506439054,0.14329845540607875,0.08999999999999998,6,7,2
0.6666666666666666,0.0,0.0,0.08999999999999998,6,8,5
0.3541666666666667,0.0002986857825567503,0.0005889281507656067,0.08999999999999998,6,8,4
0.012195121951219511,0.000896057347670251,0.0016694490818030053,0.08999999999999998,6,8,3
0.019113149847094803,0.0075075075075075074,0.010780508840017246,0.08999999999999998,6,7,1
0.11296296296296297,0.3393231506439054,0.14329845540607875,0.08999999999999998,6,8,2
0.3541666666666667,0.0002986857825567503,0.0005889281507656067,0.08999999999999998,6,9,4
0.6666666666666666,0.0,0.0,0.08999999999999998,6,9,5
0.345679012345679,0.0005973715651135006,0.0011396011396011395,0.08999999999999998,6,9,3
0.019113149847094803,0.0075075075075075074,0.010780508840017246,0.08999999999999998,6,8,1
0.46551724137931033,0.33662477558348297,0.17236024844720496,0.08999999999999998,6,9,2
0.345679012345679,0.0005973715651135006,0.0011396011396011395,0.08999999999999998,6,10,3
0.6666666666666666,0.0,0.0,0.08999999999999998,6,10,5
0.015915119363395226,0.00539568345323741,0.008059100067159167,0.08999999999999998,6,9,1
0.3541666666666667,0.0002986857825567503,0.0005889281507656067,0.08999999999999998,6,10,4
0.46551724137931033,0.33662477558348297,0.17236024844720496,0.08999999999999998,6,10,2
0.3541666666666667,0.0002986857825567503,0.0005889281507656067,0.08999999999999998,6,11,4
0.6666666666666666,0.0,0.0,0.08999999999999998,6,11,5
0.345679012345679,0.0005973715651135006,0.0011396011396011395,0.08999999999999998,6,11,3
0.015915119363395226,0.00539568345323741,0.008059100067159167,0.08999999999999998,6,10,1
0.46551724137931033,0.33662477558348297,0.17236024844720496,0.08999999999999998,6,11,2
0.3541666666666667,0.0002986857825567503,0.0005889281507656067,0.08999999999999998,7,1,4
0.6666666666666666,0.0,0.0,0.08999999999999998,7,1,5
0.012195121951219511,0.000896057347670251,0.0016694490818030053,0.08999999999999998,7,1,3
0.0160075329566855,0.005095923261390888,0.007730786721236927,0.08999999999999998,6,11,1
0.0978085351787774,0.3414195867026056,0.12394991282295136,0.08999999999999998,7,1,2
0.6666666666666666,0.0,0.0,0.08999999999999998,7,2,5
0.3541666666666667,0.0002986857825567503,0.0005889281507656067,0.08999999999999998,7,2,4
0.012195121951219511,0.000896057347670251,0.0016694490818030053,0.08999999999999998,7,2,3
0.07231040564373897,0.3478920230512587,0.10165044838771227,0.08999999999999998,7,1,1
0.0978085351787774,0.3414195867026056,0.12394991282295136,0.08999999999999998,7,2,2
0.012195121951219511,0.000896057347670251,0.0016694490818030053,0.08999999999999998,7,3,3
0.6666666666666666,0.0,0.0,0.08999999999999998,7,3,5
0.3541666666666667,0.0002986857825567503,0.0005889281507656067,0.08999999999999998,7,3,4
0.0978085351787774,0.3414195867026056,0.12394991282295136,0.08999999999999998,7,3,2
0.012195121951219511,0.000896057347670251,0.0016694490818030053,0.08999999999999998,7,4,3
0.07231040564373897,0.3478920230512587,0.10165044838771227,0.08999999999999998,7,2,1
0.3541666666666667,0.0002986857825567503,0.0005889281507656067,0.08999999999999998,7,4,4
0.6666666666666666,0.0,0.0,0.08999999999999998,7,4,5
0.07550860719874804,0.3435712134899127,0.10877043354655296,0.08999999999999998,7,3,1
0.0978085351787774,0.3414195867026056,0.12394991282295136,0.08999999999999998,7,4,2
0.012195121951219511,0.000896057347670251,0.0016694490818030053,0.08999999999999998,7,5,3
0.3541666666666667,0.0002986857825567503,0.0005889281507656067,0.08999999999999998,7,5,4
0.6666666666666666,0.0,0.0,0.08999999999999998,7,5,5
0.11296296296296297,0.3393231506439054,0.14329845540607875,0.08999999999999998,7,5,2
0.07550860719874804,0.3435712134899127,0.10877043354655296,0.08999999999999998,7,4,1
0.3541666666666667,0.0002986857825567503,0.0005889281507656067,0.08999999999999998,7,6,4
0.6666666666666666,0.0,0.0,0.08999999999999998,7,6,5
0.012195121951219511,0.000896057347670251,0.0016694490818030053,0.08999999999999998,7,6,3
0.11296296296296297,0.3393231506439054,0.14329845540607875,0.08999999999999998,7,6,2
0.07313642756680731,0.3408273381294964,0.10574671230408934,0.08999999999999998,7,5,1
0.6666666666666666,0.0,0.0,0.08999999999999998,7,7,5
0.3541666666666667,0.0002986857825567503,0.0005889281507656067,0.08999999999999998,7,7,4
0.012195121951219511,0.000896057347670251,0.0016694490818030053,0.08999999999999998,7,7,3
0.07313642756680731,0.3408273381294964,0.10574671230408934,0.08999999999999998,7,6,1
0.11296296296296297,0.3393231506439054,0.14329845540607875,0.08999999999999998,7,7,2
0.6666666666666666,0.0,0.0,0.08999999999999998,7,8,5
0.3541666666666667,0.0002986857825567503,0.0005889281507656067,0.08999999999999998,7,8,4
0.012195121951219511,0.000896057347670251,0.0016694490818030053,0.08999999999999998,7,8,3
0.019201228878648235,0.0075075075075075074,0.010794473229706392,0.08999999999999998,7,7,1
0.11296296296296297,0.3393231506439054,0.14329845540607875,0.08999999999999998,7,8,2
0.3541666666666667,0.0002986857825567503,0.0005889281507656067,0.08999999999999998,7,9,4
0.6666666666666666,0.0,0.0,0.08999999999999998,7,9,5
0.345679012345679,0.0005973715651135006,0.0011396011396011395,0.08999999999999998,7,9,3
0.019201228878648235,0.0075075075075075074,0.010794473229706392,0.08999999999999998,7,8,1
0.46551724137931033,0.33662477558348297,0.17236024844720496,0.08999999999999998,7,9,2
0.345679012345679,0.0005973715651135006,0.0011396011396011395,0.08999999999999998,7,10,3
0.6666666666666666,0.0,0.0,0.08999999999999998,7,10,5
0.3541666666666667,0.0002986857825567503,0.0005889281507656067,0.08999999999999998,7,10,4
0.015957446808510637,0.00539568345323741,0.00806451612903226,0.08999999999999998,7,9,1
0.46551724137931033,0.33662477558348297,0.17236024844720496,0.08999999999999998,7,10,2
0.345679012345679,0.0005973715651135006,0.0011396011396011395,0.08999999999999998,7,11,3
0.015957446808510637,0.00539568345323741,0.00806451612903226,0.08999999999999998,7,10,1
0.3541666666666667,0.0002986857825567503,0.0005889281507656067,0.08999999999999998,7,11,4
0.6666666666666666,0.0,0.0,0.08999999999999998,7,11,5
0.46551724137931033,0.33662477558348297,0.17236024844720496,0.08999999999999998,7,11,2
0.3541666666666667,0.0002986857825567503,0.0005889281507656067,0.08999999999999998,8,1,4
0.012195121951219511,0.000896057347670251,0.0016694490818030053,0.08999999999999998,8,1,3
0.6666666666666666,0.0,0.0,0.08999999999999998,8,1,5
0.016052880075542963,0.005095923261390888,0.007736063708759955,0.08999999999999998,7,11,1
0.0978085351787774,0.3414195867026056,0.12394991282295136,0.08999999999999998,8,1,2
0.6666666666666666,0.0,0.0,0.08999999999999998,8,2,5
0.3541666666666667,0.0002986857825567503,0.0005889281507656067,0.08999999999999998,8,2,4
0.012195121951219511,0.000896057347670251,0.0016694490818030053,0.08999999999999998,8,2,3
0.07231040564373897,0.3478920230512587,0.10165044838771227,0.08999999999999998,8,1,1
0.3541666666666667,0.0002986857825567503,0.0005889281507656067,0.08999999999999998,8,3,4
0.0978085351787774,0.3414195867026056,0.12394991282295136,0.08999999999999998,8,2,2
0.012195121951219511,0.000896057347670251,0.0016694490818030053,0.08999999999999998,8,3,3
0.6666666666666666,0.0,0.0,0.08999999999999998,8,3,5
0.0978085351787774,0.3414195867026056,0.12394991282295136,0.08999999999999998,8,3,2
0.6666666666666666,0.0,0.0,0.08999999999999998,8,4,5
0.07231040564373897,0.3478920230512587,0.10165044838771227,0.08999999999999998,8,2,1
0.012195121951219511,0.000896057347670251,0.0016694490818030053,0.08999999999999998,8,4,3
0.3541666666666667,0.0002986857825567503,0.0005889281507656067,0.08999999999999998,8,4,4
0.07550860719874804,0.3435712134899127,0.10877043354655296,0.08999999999999998,8,3,1
0.0978085351787774,0.3414195867026056,0.12394991282295136,0.08999999999999998,8,4,2
0.012195121951219511,0.000896057347670251,0.0016694490818030053,0.08999999999999998,8,5,3
0.6666666666666666,0.0,0.0,0.08999999999999998,8,5,5
0.3541666666666667,0.0002986857825567503,0.0005889281507656067,0.08999999999999998,8,5,4
0.11296296296296297,0.3393231506439054,0.14329845540607875,0.08999999999999998,8,5,2
0.07550860719874804,0.3435712134899127,0.10877043354655296,0.08999999999999998,8,4,1
0.6666666666666666,0.0,0.0,0.08999999999999998,8,6,5
0.3541666666666667,0.0002986857825567503,0.0005889281507656067,0.08999999999999998,8,6,4
0.07313642756680731,0.3408273381294964,0.10574671230408934,0.08999999999999998,8,5,1
0.012195121951219511,0.000896057347670251,0.0016694490818030053,0.08999999999999998,8,6,3
0.11296296296296297,0.3393231506439054,0.14329845540607875,0.08999999999999998,8,6,2
0.3541666666666667,0.0002986857825567503,0.0005889281507656067,0.08999999999999998,8,7,4
0.6666666666666666,0.0,0.0,0.08999999999999998,8,7,5
0.012195121951219511,0.000896057347670251,0.0016694490818030053,0.08999999999999998,8,7,3
0.07313642756680731,0.3408273381294964,0.10574671230408934,0.08999999999999998,8,6,1
0.11296296296296297,0.3393231506439054,0.14329845540607875,0.08999999999999998,8,7,2
0.019201228878648235,0.0075075075075075074,0.010794473229706392,0.08999999999999998,8,7,1
0.012195121951219511,0.000896057347670251,0.0016694490818030053,0.08999999999999998,8,8,3
0.6666666666666666,0.0,0.0,0.08999999999999998,8,8,5
0.3541666666666667,0.0002986857825567503,0.0005889281507656067,0.08999999999999998,8,8,4
0.11296296296296297,0.3393231506439054,0.14329845540607875,0.08999999999999998,8,8,2
0.3541666666666667,0.0002986857825567503,0.0005889281507656067,0.08999999999999998,8,9,4
0.345679012345679,0.0005973715651135006,0.0011396011396011395,0.08999999999999998,8,9,3
0.6666666666666666,0.0,0.0,0.08999999999999998,8,9,5
0.46551724137931033,0.33662477558348297,0.17236024844720496,0.08999999999999998,8,9,2
0.019201228878648235,0.0075075075075075074,0.010794473229706392,0.08999999999999998,8,8,1
0.345679012345679,0.0005973715651135006,0.0011396011396011395,0.08999999999999998,8,10,3
0.3541666666666667,0.0002986857825567503,0.0005889281507656067,0.08999999999999998,8,10,4
0.46551724137931033,0.33662477558348297,0.17236024844720496,0.08999999999999998,8,10,2
0.6666666666666666,0.0,0.0,0.08999999999999998,8,10,5
0.015957446808510637,0.00539568345323741,0.00806451612903226,0.08999999999999998,8,9,1
0.6666666666666666,0.0,0.0,0.08999999999999998,8,11,5
0.345679012345679,0.0005973715651135006,0.0011396011396011395,0.08999999999999998,8,11,3
0.3541666666666667,0.0002986857825567503,0.0005889281507656067,0.08999999999999998,8,11,4
0.015957446808510637,0.00539568345323741,0.00806451612903226,0.08999999999999998,8,10,1
0.46551724137931033,0.33662477558348297,0.17236024844720496,0.08999999999999998,8,11,2
0.016052880075542963,0.005095923261390888,0.007736063708759955,0.08999999999999998,8,11,1
0.6666666666666666,0.0,0.0,0.08999999999999998,9,1,5
0.3541666666666667,0.0002986857825567503,0.0005889281507656067,0.08999999999999998,9,1,4
0.012195121951219511,0.000896057347670251,0.0016694490818030053,0.08999999999999998,9,1,3
0.15647600262984876,0.34022162324049116,0.17862714508580343,0.08999999999999998,9,1,2
0.3541666666666667,0.0002986857825567503,0.0005889281507656067,0.08999999999999998,9,2,4
0.6666666666666666,0.0,0.0,0.08999999999999998,9,2,5
0.1139784946236559,0.3466787989080982,0.13192965854427885,0.08999999999999998,9,1,1
0.012195121951219511,0.000896057347670251,0.0016694490818030053,0.08999999999999998,9,2,3
0.15647600262984876,0.34022162324049116,0.17862714508580343,0.08999999999999998,9,2,2
0.3541666666666667,0.0002986857825567503,0.0005889281507656067,0.08999999999999998,9,3,4
0.012195121951219511,0.000896057347670251,0.0016694490818030053,0.08999999999999998,9,3,3
0.6666666666666666,0.0,0.0,0.08999999999999998,9,3,5
0.1139784946236559,0.3466787989080982,0.13192965854427885,0.08999999999999998,9,2,1
0.15647600262984876,0.34022162324049116,0.17862714508580343,0.08999999999999998,9,3,2
0.1037037037037037,0.34296898524540803,0.12640382317801674,0.08999999999999998,9,3,1
0.6666666666666666,0.0,0.0,0.08999999999999998,9,4,5
0.012195121951219511,0.000896057347670251,0.0016694490818030053,0.08999999999999998,9,4,3
0.3541666666666667,0.0002986857825567503,0.0005889281507656067,0.08999999999999998,9,4,4
0.15647600262984876,0.34022162324049116,0.17862714508580343,0.08999999999999998,9,4,2
0.012195121951219511,0.000896057347670251,0.0016694490818030053,0.08999999999999998,9,5,3
0.15839243498817968,0.3393231506439054,0.17729930887825626,0.08999999999999998,9,5,2
0.1037037037037037,0.34296898524540803,0.12640382317801674,0.08999999999999998,9,4,1
0.6666666666666666,0.0,0.0,0.08999999999999998,9,5,5
0.3541666666666667,0.0002986857825567503,0.0005889281507656067,0.08999999999999998,9,5,4
0.012195121951219511,0.000896057347670251,0.0016694490818030053,0.08999999999999998,9,6,3
0.3541666666666667,0.0002986857825567503,0.0005889281507656067,0.08999999999999998,9,6,4
0.09640644361833954,0.34052757793764993,0.12269691849706332,0.08999999999999998,9,5,1
0.6666666666666666,0.0,0.0,0.08999999999999998,9,6,5
0.15839243498817968,0.3393231506439054,0.17729930887825626,0.08999999999999998,9,6,2
0.012195121951219511,0.000896057347670251,0.0016694490818030053,0.08999999999999998,9,7,3
0.3541666666666667,0.0002986857825567503,0.0005889281507656067,0.08999999999999998,9,7,4
0.6666666666666666,0.0,0.0,0.08999999999999998,9,7,5
0.15839243498817968,0.3393231506439054,0.17729930887825626,0.08999999999999998,9,7,2
0.09640644361833954,0.34052757793764993,0.12269691849706332,0.08999999999999998,9,6,1
0.012195121951219511,0.000896057347670251,0.0016694490818030053,0.08999999999999998,9,8,3
0.031446540880503145,0.0075075075075075074,0.012121212121212121,0.08999999999999998,9,7,1
0.6666666666666666,0.0,0.0,0.08999999999999998,9,8,5
0.3541666666666667,0.0002986857825567503,0.0005889281507656067,0.08999999999999998,9,8,4
0.15839243498817968,0.3393231506439054,0.17729930887825626,0.08999999999999998,9,8,2
0.6666666666666666,0.0,0.0,0.08999999999999998,9,9,5
0.031446540880503145,0.0075075075075075074,0.012121212121212121,0.08999999999999998,9,8,1
0.345679012345679,0.0005973715651135006,0.0011396011396011395,0.08999999999999998,9,9,3
0.3541666666666667,0.0002986857825567503,0.0005889281507656067,0.08999999999999998,9,9,4
0.4777777777777778,0.33662477558348297,0.1726579520697168,0.08999999999999998,9,9,2
0.345679012345679,0.0005973715651135006,0.0011396011396011395,0.08999999999999998,9,10,3
0.6666666666666666,0.0,0.0,0.08999999999999998,9,10,5
0.3541666666666667,0.0002986857825567503,0.0005889281507656067,0.08999999999999998,9,10,4
0.02553191489361702,0.00539568345323741,0.008908685968819599,0.08999999999999998,9,9,1
0.4777777777777778,0.33662477558348297,0.1726579520697168,0.08999999999999998,9,10,2
0.345679012345679,0.0005973715651135006,0.0011396011396011395,0.08999999999999998,9,11,3
0.02553191489361702,0.00539568345323741,0.008908685968819599,0.08999999999999998,9,10,1
0.6666666666666666,0.0,0.0,0.08999999999999998,9,11,5
0.4777777777777778,0.33662477558348297,0.1726579520697168,0.08999999999999998,9,11,2
0.3541666666666667,0.0002986857825567503,0.0005889281507656067,0.08999999999999998,9,11,4
0.012195121951219511,0.000896057347670251,0.0016694490818030053,0.08999999999999998,10,1,3
0.6666666666666666,0.0,0.0,0.08999999999999998,10,1,5
0.3541666666666667,0.0002986857825567503,0.0005889281507656067,0.08999999999999998,10,1,4
0.024963289280469897,0.005095923261390888,0.008464027881503609,0.08999999999999998,9,11,1
0.15647600262984876,0.34022162324049116,0.17862714508580343,0.08999999999999998,10,1,2
0.012195121951219511,0.000896057347670251,0.0016694490818030053,0.08999999999999998,10,2,3
0.1139784946236559,0.3466787989080982,0.13192965854427885,0.08999999999999998,10,1,1
0.6666666666666666,0.0,0.0,0.08999999999999998,10,2,5
0.3541666666666667,0.0002986857825567503,0.0005889281507656067,0.08999999999999998,10,2,4
0.15647600262984876,0.34022162324049116,0.17862714508580343,0.08999999999999998,10,2,2
0.3541666666666667,0.0002986857825567503,0.0005889281507656067,0.08999999999999998,10,3,4
0.012195121951219511,0.000896057347670251,0.0016694490818030053,0.08999999999999998,10,3,3
0.6666666666666666,0.0,0.0,0.08999999999999998,10,3,5
0.1139784946236559,0.3466787989080982,0.13192965854427885,0.08999999999999998,10,2,1
0.15647600262984876,0.34022162324049116,0.17862714508580343,0.08999999999999998,10,3,2
0.012195121951219511,0.000896057347670251,0.0016694490818030053,0.08999999999999998,10,4,3
0.6666666666666666,0.0,0.0,0.08999999999999998,10,4,5
0.3541666666666667,0.0002986857825567503,0.0005889281507656067,0.08999999999999998,10,4,4
0.1037037037037037,0.34296898524540803,0.12640382317801674,0.08999999999999998,10,3,1
0.15647600262984876,0.34022162324049116,0.17862714508580343,0.08999999999999998,10,4,2
0.012195121951219511,0.000896057347670251,0.0016694490818030053,0.08999999999999998,10,5,3
0.3541666666666667,0.0002986857825567503,0.0005889281507656067,0.08999999999999998,10,5,4
0.6666666666666666,0.0,0.0,0.08999999999999998,10,5,5
0.1037037037037037,0.34296898524540803,0.12640382317801674,0.08999999999999998,10,4,1
0.15839243498817968,0.3393231506439054,0.17729930887825626,0.08999999999999998,10,5,2
0.012195121951219511,0.000896057347670251,0.0016694490818030053,0.08999999999999998,10,6,3
0.09640644361833954,0.34052757793764993,0.12269691849706332,0.08999999999999998,10,5,1
0.15839243498817968,0.3393231506439054,0.17729930887825626,0.08999999999999998,10,6,2
0.6666666666666666,0.0,0.0,0.08999999999999998,10,6,5
0.3541666666666667,0.0002986857825567503,0.0005889281507656067,0.08999999999999998,10,6,4
0.012195121951219511,0.000896057347670251,0.0016694490818030053,0.08999999999999998,10,7,3
0.09640644361833954,0.34052757793764993,0.12269691849706332,0.08999999999999998,10,6,1
0.6666666666666666,0.0,0.0,0.08999999999999998,10,7,5
0.15839243498817968,0.3393231506439054,0.17729930887825626,0.08999999999999998,10,7,2
0.3541666666666667,0.0002986857825567503,0.0005889281507656067,0.08999999999999998,10,7,4
0.012195121951219511,0.000896057347670251,0.0016694490818030053,0.08999999999999998,10,8,3
0.6666666666666666,0.0,0.0,0.08999999999999998,10,8,5
0.3541666666666667,0.0002986857825567503,0.0005889281507656067,0.08999999999999998,10,8,4
0.031446540880503145,0.0075075075075075074,0.012121212121212121,0.08999999999999998,10,7,1
0.15839243498817968,0.3393231506439054,0.17729930887825626,0.08999999999999998,10,8,2
0.3541666666666667,0.0002986857825567503,0.0005889281507656067,0.08999999999999998,10,9,4
0.031446540880503145,0.0075075075075075074,0.012121212121212121,0.08999999999999998,10,8,1
0.6666666666666666,0.0,0.0,0.08999999999999998,10,9,5
0.345679012345679,0.0005973715651135006,0.0011396011396011395,0.08999999999999998,10,9,3
0.4777777777777778,0.33662477558348297,0.1726579520697168,0.08999999999999998,10,9,2
0.3541666666666667,0.0002986857825567503,0.0005889281507656067,0.08999999999999998,10,10,4
0.345679012345679,0.0005973715651135006,0.0011396011396011395,0.08999999999999998,10,10,3
0.02553191489361702,0.00539568345323741,0.008908685968819599,0.08999999999999998,10,9,1
0.6666666666666666,0.0,0.0,0.08999999999999998,10,10,5
0.4777777777777778,0.33662477558348297,0.1726579520697168,0.08999999999999998,10,10,2
0.02553191489361702,0.00539568345323741,0.008908685968819599,0.08999999999999998,10,10,1
0.345679012345679,0.0005973715651135006,0.0011396011396011395,0.08999999999999998,10,11,3
0.3541666666666667,0.0002986857825567503,0.0005889281507656067,0.08999999999999998,10,11,4
0.4777777777777778,0.33662477558348297,0.1726579520697168,0.08999999999999998,10,11,2
0.6666666666666666,0.0,0.0,0.08999999999999998,10,11,5
0.012195121951219511,0.000896057347670251,0.0016694490818030053,0.08999999999999998,11,1,3
0.6666666666666666,0.0,0.0,0.08999999999999998,11,1,5
0.3541666666666667,0.0002986857825567503,0.0005889281507656067,0.08999999999999998,11,1,4
0.024963289280469897,0.005095923261390888,0.008464027881503609,0.08999999999999998,10,11,1
0.15647600262984876,0.34022162324049116,0.17862714508580343,0.08999999999999998,11,1,2
0.012195121951219511,0.000896057347670251,0.0016694490818030053,0.08999999999999998,11,2,3
0.6666666666666666,0.0,0.0,0.08999999999999998,11,2,5
0.3541666666666667,0.0002986857825567503,0.0005889281507656067,0.08999999999999998,11,2,4
0.11849234393404005,0.3466787989080982,0.13233638848689502,0.08999999999999998,11,1,1
0.15647600262984876,0.34022162324049116,0.17862714508580343,0.08999999999999998,11,2,2
0.6666666666666666,0.0,0.0,0.08999999999999998,11,3,5
0.3541666666666667,0.0002986857825567503,0.0005889281507656067,0.08999999999999998,11,3,4
0.012195121951219511,0.000896057347670251,0.0016694490818030053,0.08999999999999998,11,3,3
0.15647600262984876,0.34022162324049116,0.17862714508580343,0.08999999999999998,11,3,2
0.11849234393404005,0.3466787989080982,0.13233638848689502,0.08999999999999998,11,2,1
0.012195121951219511,0.000896057347670251,0.0016694490818030053,0.08999999999999998,11,4,3
0.6666666666666666,0.0,0.0,0.08999999999999998,11,4,5
0.3541666666666667,0.0002986857825567503,0.0005889281507656067,0.08999999999999998,11,4,4
0.10479704797047971,0.34266787112315567,0.126108692146428,0.08999999999999998,11,3,1
0.15647600262984876,0.34022162324049116,0.17862714508580343,0.08999999999999998,11,4,2
0.012195121951219511,0.000896057347670251,0.0016694490818030053,0.08999999999999998,11,5,3
0.10479704797047971,0.34266787112315567,0.126108692146428,0.08999999999999998,11,4,1
0.6666666666666666,0.0,0.0,0.08999999999999998,11,5,5
0.3541666666666667,0.0002986857825567503,0.0005889281507656067,0.08999999999999998,11,5,4
0.15839243498817968,0.3393231506439054,0.17729930887825626,0.08999999999999998,11,5,2
0.012195121951219511,0.000896057347670251,0.0016694490818030053,0.08999999999999998,11,6,3
0.3541666666666667,0.0002986857825567503,0.0005889281507656067,0.08999999999999998,11,6,4
0.09853917662682603,0.34052757793764993,0.12284992255645229,0.08999999999999998,11,5,1
0.15839243498817968,0.3393231506439054,0.17729930887825626,0.08999999999999998,11,6,2
0.6666666666666666,0.0,0.0,0.08999999999999998,11,6,5
0.09853917662682603,0.34052757793764993,0.12284992255645229,0.08999999999999998,11,6,1
0.012195121951219511,0.000896057347670251,0.0016694490818030053,0.08999999999999998,11,7,3
0.6666666666666666,0.0,0.0,0.08999999999999998,11,7,5
0.15839243498817968,0.3393231506439054,0.17729930887825626,0.08999999999999998,11,7,2
0.3541666666666667,0.0002986857825567503,0.0005889281507656067,0.08999999999999998,11,7,4
0.3541666666666667,0.0002986857825567503,0.0005889281507656067,0.08999999999999998,11,8,4
0.012195121951219511,0.000896057347670251,0.0016694490818030053,0.08999999999999998,11,8,3
0.6666666666666666,0.0,0.0,0.08999999999999998,11,8,5
0.033738191632928474,0.0075075075075075074,0.012281994595922378,0.08999999999999998,11,7,1
0.15839243498817968,0.3393231506439054,0.17729930887825626,0.08999999999999998,11,8,2
0.3541666666666667,0.0002986857825567503,0.0005889281507656067,0.08999999999999998,11,9,4
0.345679012345679,0.0005973715651135006,0.0011396011396011395,0.08999999999999998,11,9,3
0.033738191632928474,0.0075075075075075074,0.012281994595922378,0.08999999999999998,11,8,1
0.4777777777777778,0.33662477558348297,0.1726579520697168,0.08999999999999998,11,9,2
0.6666666666666666,0.0,0.0,0.08999999999999998,11,9,5
0.345679012345679,0.0005973715651135006,0.0011396011396011395,0.08999999999999998,11,10,3
0.0273972602739726,0.00539568345323741,0.009015777610818933,0.08999999999999998,11,9,1
0.6666666666666666,0.0,0.0,0.08999999999999998,11,10,5
0.3541666666666667,0.0002986857825567503,0.0005889281507656067,0.08999999999999998,11,10,4
0.4777777777777778,0.33662477558348297,0.1726579520697168,0.08999999999999998,11,10,2
0.345679012345679,0.0005973715651135006,0.0011396011396011395,0.08999999999999998,11,11,3
0.0273972602739726,0.00539568345323741,0.009015777610818933,0.08999999999999998,11,10,1
0.6666666666666666,0.0,0.0,0.08999999999999998,11,11,5
0.4777777777777778,0.33662477558348297,0.1726579520697168,0.08999999999999998,11,11,2
0.3541666666666667,0.0002986857825567503,0.0005889281507656067,0.08999999999999998,11,11,4
0.012195121951219511,0.000896057347670251,0.0016694490818030053,0.08999999999999998,12,1,3
0.026604068857589983,0.005095923261390888,0.008553459119496856,0.08999999999999998,11,11,1
0.3541666666666667,0.0002986857825567503,0.0005889281507656067,0.08999999999999998,12,1,4
0.6666666666666666,0.0,0.0,0.08999999999999998,12,1,5
0.15647600262984876,0.34022162324049116,0.17862714508580343,0.08999999999999998,12,1,2
0.012195121951219511,0.000896057347670251,0.0016694490818030053,0.08999999999999998,12,2,3
0.11849234393404005,0.3466787989080982,0.13233638848689502,0.08999999999999998,12,1,1
0.6666666666666666,0.0,0.0,0.08999999999999998,12,2,5
0.3541666666666667,0.0002986857825567503,0.0005889281507656067,0.08999999999999998,12,2,4
0.15647600262984876,0.34022162324049116,0.17862714508580343,0.08999999999999998,12,2,2
0.012195121951219511,0.000896057347670251,0.0016694490818030053,0.08999999999999998,12,3,3
0.6666666666666666,0.0,0.0,0.08999999999999998,12,3,5
0.3541666666666667,0.0002986857825567503,0.0005889281507656067,0.08999999999999998,12,3,4
0.15647600262984876,0.34022162324049116,0.17862714508580343,0.08999999999999998,12,3,2
0.11849234393404005,0.3466787989080982,0.13233638848689502,0.08999999999999998,12,2,1
0.012195121951219511,0.000896057347670251,0.0016694490818030053,0.08999999999999998,12,4,3
0.3541666666666667,0.0002986857825567503,0.0005889281507656067,0.08999999999999998,12,4,4
0.15647600262984876,0.34022162324049116,0.17862714508580343,0.08999999999999998,12,4,2
0.6666666666666666,0.0,0.0,0.08999999999999998,12,4,5
0.10479704797047971,0.34266787112315567,0.126108692146428,0.08999999999999998,12,3,1
0.012195121951219511,0.000896057347670251,0.0016694490818030053,0.08999999999999998,12,5,3
0.6666666666666666,0.0,0.0,0.08999999999999998,12,5,5
0.10479704797047971,0.34266787112315567,0.126108692146428,0.08999999999999998,12,4,1
0.15839243498817968,0.3393231506439054,0.17729930887825626,0.08999999999999998,12,5,2
0.3541666666666667,0.0002986857825567503,0.0005889281507656067,0.08999999999999998,12,5,4
0.3541666666666667,0.0002986857825567503,0.0005889281507656067,0.08999999999999998,12,6,4
0.012195121951219511,0.000896057347670251,0.0016694490818030053,0.08999999999999998,12,6,3
0.09853917662682603,0.34052757793764993,0.12284992255645229,0.08999999999999998,12,5,1
0.6666666666666666,0.0,0.0,0.08999999999999998,12,6,5
0.15839243498817968,0.3393231506439054,0.17729930887825626,0.08999999999999998,12,6,2
0.09853917662682603,0.34052757793764993,0.12284992255645229,0.08999999999999998,12,6,1
0.012195121951219511,0.000896057347670251,0.0016694490818030053,0.08999999999999998,12,7,3
0.3541666666666667,0.0002986857825567503,0.0005889281507656067,0.08999999999999998,12,7,4
0.6666666666666666,0.0,0.0,0.08999999999999998,12,7,5
0.15839243498817968,0.3393231506439054,0.17729930887825626,0.08999999999999998,12,7,2
0.012195121951219511,0.000896057347670251,0.0016694490818030053,0.08999999999999998,12,8,3
0.3541666666666667,0.0002986857825567503,0.0005889281507656067,0.08999999999999998,12,8,4
0.6666666666666666,0.0,0.0,0.08999999999999998,12,8,5
0.15839243498817968,0.3393231506439054,0.17729930887825626,0.08999999999999998,12,8,2
0.033738191632928474,0.0075075075075075074,0.012281994595922378,0.08999999999999998,12,7,1
0.345679012345679,0.0005973715651135006,0.0011396011396011395,0.08999999999999998,12,9,3
0.3541666666666667,0.0002986857825567503,0.0005889281507656067,0.08999999999999998,12,9,4
0.033738191632928474,0.0075075075075075074,0.012281994595922378,0.08999999999999998,12,8,1
0.6666666666666666,0.0,0.0,0.08999999999999998,12,9,5
0.4777777777777778,0.33662477558348297,0.1726579520697168,0.08999999999999998,12,9,2
0.345679012345679,0.0005973715651135006,0.0011396011396011395,0.08999999999999998,12,10,3
0.0273972602739726,0.00539568345323741,0.009015777610818933,0.08999999999999998,12,9,1
0.4777777777777778,0.33662477558348297,0.1726579520697168,0.08999999999999998,12,10,2
0.6666666666666666,0.0,0.0,0.08999999999999998,12,10,5
0.3541666666666667,0.0002986857825567503,0.0005889281507656067,0.08999999999999998,12,10,4
0.345679012345679,0.0005973715651135006,0.0011396011396011395,0.08999999999999998,12,11,3
0.0273972602739726,0.00539568345323741,0.009015777610818933,0.08999999999999998,12,10,1
0.3541666666666667,0.0002986857825567503,0.0005889281507656067,0.08999999999999998,12,11,4
0.4777777777777778,0.33662477558348297,0.1726579520697168,0.08999999999999998,12,11,2
0.6666666666666666,0.0,0.0,0.08999999999999998,12,11,5
0.026604068857589983,0.005095923261390888,0.008553459119496856,0.08999999999999998,12,11,1
0.012195121951219511,0.000896057347670251,0.0016694490818030053,0.08999999999999998,13,1,3
0.3541666666666667,0.0002986857825567503,0.0005889281507656067,0.08999999999999998,13,1,4
0.15757575757575756,0.34022162324049116,0.17866458007303077,0.08999999999999998,13,1,2
0.6666666666666666,0.0,0.0,0.08999999999999998,13,1,5
0.012195121951219511,0.000896057347670251,0.0016694490818030053,0.08999999999999998,13,2,3
0.6666666666666666,0.0,0.0,0.08999999999999998,13,2,5
0.13863976083707027,0.3445149592021759,0.15193564605329313,0.08999999999999998,13,1,1
0.3541666666666667,0.0002986857825567503,0.0005889281507656067,0.08999999999999998,13,2,4
0.15757575757575756,0.34022162324049116,0.17866458007303077,0.08999999999999998,13,2,2
0.012195121951219511,0.000896057347670251,0.0016694490818030053,0.08999999999999998,13,3,3
0.3541666666666667,0.0002986857825567503,0.0005889281507656067,0.08999999999999998,13,3,4
0.6666666666666666,0.0,0.0,0.08999999999999998,13,3,5
0.13863976083707027,0.3445149592021759,0.15193564605329313,0.08999999999999998,13,2,1
0.15757575757575756,0.34022162324049116,0.17866458007303077,0.08999999999999998,13,3,2
0.012195121951219511,0.000896057347670251,0.0016694490818030053,0.08999999999999998,13,4,3
0.12480063795853269,0.34114114114114114,0.1464746019711903,0.08999999999999998,13,3,1
0.3541666666666667,0.0002986857825567503,0.0005889281507656067,0.08999999999999998,13,4,4
0.6666666666666666,0.0,0.0,0.08999999999999998,13,4,5
0.15757575757575756,0.34022162324049116,0.17866458007303077,0.08999999999999998,13,4,2
0.012195121951219511,0.000896057347670251,0.0016694490818030053,0.08999999999999998,13,5,3
0.12480063795853269,0.34114114114114114,0.1464746019711903,0.08999999999999998,13,4,1
0.3541666666666667,0.0002986857825567503,0.0005889281507656067,0.08999999999999998,13,5,4
0.15873015873015872,0.3393231506439054,0.17730779462623036,0.08999999999999998,13,5,2
0.6666666666666666,0.0,0.0,0.08999999999999998,13,5,5
0.10297029702970296,0.3399280575539569,0.12227295788939625,0.08999999999999998,13,5,1
0.012195121951219511,0.000896057347670251,0.0016694490818030053,0.08999999999999998,13,6,3
0.3541666666666667,0.0002986857825567503,0.0005889281507656067,0.08999999999999998,13,6,4
0.6666666666666666,0.0,0.0,0.08999999999999998,13,6,5
0.15873015873015872,0.3393231506439054,0.17730779462623036,0.08999999999999998,13,6,2
0.012195121951219511,0.000896057347670251,0.0016694490818030053,0.08999999999999998,13,7,3
0.3541666666666667,0.0002986857825567503,0.0005889281507656067,0.08999999999999998,13,7,4
0.6666666666666666,0.0,0.0,0.08999999999999998,13,7,5
0.10297029702970296,0.3399280575539569,0.12227295788939625,0.08999999999999998,13,6,1
0.15873015873015872,0.3393231506439054,0.17730779462623036,0.08999999999999998,13,7,2
0.012195121951219511,0.000896057347670251,0.0016694490818030053,0.08999999999999998,13,8,3
0.037606837606837605,0.006606606606606606,0.01123882503192848,0.08999999999999998,13,7,1
0.6666666666666666,0.0,0.0,0.08999999999999998,13,8,5
0.3541666666666667,0.0002986857825567503,0.0005889281507656067,0.08999999999999998,13,8,4
0.15873015873015872,0.3393231506439054,0.17730779462623036,0.08999999999999998,13,8,2
0.037606837606837605,0.006606606606606606,0.01123882503192848,0.08999999999999998,13,8,1
0.3541666666666667,0.0002986857825567503,0.0005889281507656067,0.08999999999999998,13,9,4
0.345679012345679,0.0005973715651135006,0.0011396011396011395,0.08999999999999998,13,9,3
0.6666666666666666,0.0,0.0,0.08999999999999998,13,9,5
0.4777777777777778,0.33662477558348297,0.1726579520697168,0.08999999999999998,13,9,2
0.345679012345679,0.0005973715651135006,0.0011396011396011395,0.08999999999999998,13,10,3
0.03148148148148148,0.005095923261390888,0.008771929824561405,0.08999999999999998,13,9,1
0.4777777777777778,0.33662477558348297,0.1726579520697168,0.08999999999999998,13,10,2
0.6666666666666666,0.0,0.0,0.08999999999999998,13,10,5
0.3541666666666667,0.0002986857825567503,0.0005889281507656067,0.08999999999999998,13,10,4
0.345679012345679,0.0005973715651135006,0.0011396011396011395,0.08999999999999998,13,11,3
0.03148148148148148,0.005095923261390888,0.008771929824561405,0.08999999999999998,13,10,1
0.6666666666666666,0.0,0.0,0.08999999999999998,13,11,5
0.3541666666666667,0.0002986857825567503,0.0005889281507656067,0.08999999999999998,13,11,4
0.4777777777777778,0.33662477558348297,0.1726579520697168,0.08999999999999998,13,11,2
0.031189083820662766,0.004796163069544365,0.00831384775266303,0.08999999999999998,13,11,1
0.012195121951219511,0.000896057347670251,0.0016694490818030053,0.08999999999999998,14,1,3
0.6666666666666666,0.0,0.0,0.08999999999999998,14,1,5
0.3541666666666667,0.0002986857825567503,0.0005889281507656067,0.08999999999999998,14,1,4
0.15757575757575756,0.34022162324049116,0.17866458007303077,0.08999999999999998,14,1,2
0.012195121951219511,0.000896057347670251,0.0016694490818030053,0.08999999999999998,14,2,3
0.3541666666666667,0.0002986857825567503,0.0005889281507656067,0.08999999999999998,14,2,4
0.13863976083707027,0.3445149592021759,0.15193564605329313,0.08999999999999998,14,1,1
0.6666666666666666,0.0,0.0,0.08999999999999998,14,2,5
0.012195121951219511,0.000896057347670251,0.0016694490818030053,0.08999999999999998,14,3,3
0.15757575757575756,0.34022162324049116,0.17866458007303077,0.08999999999999998,14,2,2
0.6666666666666666,0.0,0.0,0.08999999999999998,14,3,5
0.15757575757575756,0.34022162324049116,0.17866458007303077,0.08999999999999998,14,3,2
0.3541666666666667,0.0002986857825567503,0.0005889281507656067,0.08999999999999998,14,3,4
0.13863976083707027,0.3445149592021759,0.15193564605329313,0.08999999999999998,14,2,1
0.012195121951219511,0.000896057347670251,0.0016694490818030053,0.08999999999999998,14,4,3
0.3541666666666667,0.0002986857825567503,0.0005889281507656067,0.08999999999999998,14,4,4
0.6666666666666666,0.0,0.0,0.08999999999999998,14,4,5
0.12480063795853269,0.34114114114114114,0.1464746019711903,0.08999999999999998,14,3,1
0.15757575757575756,0.34022162324049116,0.17866458007303077,0.08999999999999998,14,4,2
0.012195121951219511,0.000896057347670251,0.0016694490818030053,0.08999999999999998,14,5,3
0.12480063795853269,0.34114114114114114,0.1464746019711903,0.08999999999999998,14,4,1
0.3541666666666667,0.0002986857825567503,0.0005889281507656067,0.08999999999999998,14,5,4
0.15873015873015872,0.3393231506439054,0.17730779462623036,0.08999999999999998,14,5,2
0.6666666666666666,0.0,0.0,0.08999999999999998,14,5,5
0.012195121951219511,0.000896057347670251,0.0016694490818030053,0.08999999999999998,14,6,3
0.3541666666666667,0.0002986857825567503,0.0005889281507656067,0.08999999999999998,14,6,4
0.10297029702970296,0.3399280575539569,0.12227295788939625,0.08999999999999998,14,5,1
0.6666666666666666,0.0,0.0,0.08999999999999998,14,6,5
0.6666666666666666,0.0,0.0,0.08999999999999998,14,7,5
0.10297029702970296,0.3399280575539569,0.12227295788939625,0.08999999999999998,14,6,1
0.3541666666666667,0.0002986857825567503,0.0005889281507656067,0.08999999999999998,14,7,4
0.15873015873015872,0.3393231506439054,0.17730779462623036,0.08999999999999998,14,6,2
0.012195121951219511,0.000896057347670251,0.0016694490818030053,0.08999999999999998,14,7,3
0.6666666666666666,0.0,0.0,0.08999999999999998,14,8,5
0.15873015873015872,0.3393231506439054,0.17730779462623036,0.08999999999999998,14,7,2
0.3541666666666667,0.0002986857825567503,0.0005889281507656067,0.08999999999999998,14,8,4
0.15873015873015872,0.3393231506439054,0.17730779462623036,0.08999999999999998,14,8,2
0.037606837606837605,0.006606606606606606,0.01123882503192848,0.08999999999999998,14,7,1
0.037606837606837605,0.006606606606606606,0.01123882503192848,0.08999999999999998,14,8,1
0.3541666666666667,0.0002986857825567503,0.0005889281507656067,0.08999999999999998,14,9,4
0.012195121951219511,0.000896057347670251,0.0016694490818030053,0.08999999999999998,14,8,3
0.345679012345679,0.0005973715651135006,0.0011396011396011395,0.08999999999999998,14,9,3
0.4777777777777778,0.33662477558348297,0.1726579520697168,0.08999999999999998,14,9,2
0.345679012345679,0.0005973715651135006,0.0011396011396011395,0.08999999999999998,14,10,3
0.4777777777777778,0.33662477558348297,0.1726579520697168,0.08999999999999998,14,10,2
0.6666666666666666,0.0,0.0,0.08999999999999998,14,9,5
0.6666666666666666,0.0,0.0,0.08999999999999998,14,10,5
0.3541666666666667,0.0002986857825567503,0.0005889281507656067,0.08999999999999998,14,10,4
0.345679012345679,0.0005973715651135006,0.0011396011396011395,0.08999999999999998,14,11,3
0.6666666666666666,0.0,0.0,0.08999999999999998,14,11,5
0.4777777777777778,0.33662477558348297,0.1726579520697168,0.08999999999999998,14,11,2
0.3541666666666667,0.0002986857825567503,0.0005889281507656067,0.08999999999999998,14,11,4
0.03148148148148148,0.005095923261390888,0.008771929824561405,0.08999999999999998,14,9,1
0.6666666666666666,0.0,0.0,0.08999999999999998,15,1,5
0.03148148148148148,0.005095923261390888,0.008771929824561405,0.08999999999999998,14,10,1
0.012195121951219511,0.000896057347670251,0.0016694490818030053,0.08999999999999998,15,1,3
0.031189083820662766,0.004796163069544365,0.00831384775266303,0.08999999999999998,14,11,1
0.3541666666666667,0.0002986857825567503,0.0005889281507656067,0.08999999999999998,15,1,4
0.15757575757575756,0.34022162324049116,0.17866458007303077,0.08999999999999998,15,1,2
0.3541666666666667,0.0002986857825567503,0.0005889281507656067,0.08999999999999998,15,2,4
0.012195121951219511,0.000896057347670251,0.0016694490818030053,0.08999999999999998,15,2,3
0.6666666666666666,0.0,0.0,0.08999999999999998,15,2,5
0.14215686274509806,0.3442127530976126,0.15169599591940833,0.08999999999999998,15,1,1
0.3541666666666667,0.0002986857825567503,0.0005889281507656067,0.08999999999999998,15,3,4
0.15757575757575756,0.34022162324049116,0.17866458007303077,0.08999999999999998,15,2,2
0.14215686274509806,0.3442127530976126,0.15169599591940833,0.08999999999999998,15,2,1
0.6666666666666666,0.0,0.0,0.08999999999999998,15,3,5
0.012195121951219511,0.000896057347670251,0.0016694490818030053,0.08999999999999998,15,3,3
0.15757575757575756,0.34022162324049116,0.17866458007303077,0.08999999999999998,15,3,2
0.12628865979381443,0.3408408408408408,0.14611451942740286,0.08999999999999998,15,3,1
0.15757575757575756,0.34022162324049116,0.17866458007303077,0.08999999999999998,15,4,2
0.6666666666666666,0.0,0.0,0.08999999999999998,15,4,5
0.012195121951219511,0.000896057347670251,0.0016694490818030053,0.08999999999999998,15,4,3
0.3541666666666667,0.0002986857825567503,0.0005889281507656067,0.08999999999999998,15,4,4
0.6666666666666666,0.0,0.0,0.08999999999999998,15,5,5
0.12628865979381443,0.3408408408408408,0.14611451942740286,0.08999999999999998,15,4,1
0.3541666666666667,0.0002986857825567503,0.0005889281507656067,0.08999999999999998,15,5,4
0.012195121951219511,0.000896057347670251,0.0016694490818030053,0.08999999999999998,15,5,3
0.15873015873015872,0.3393231506439054,0.17730779462623036,0.08999999999999998,15,5,2
0.012195121951219511,0.000896057347670251,0.0016694490818030053,0.08999999999999998,15,6,3
0.15873015873015872,0.3393231506439054,0.17730779462623036,0.08999999999999998,15,6,2
0.10506108202443282,0.3399280575539569,0.12236718683380234,0.08999999999999998,15,5,1
0.6666666666666666,0.0,0.0,0.08999999999999998,15,6,5
0.3541666666666667,0.0002986857825567503,0.0005889281507656067,0.08999999999999998,15,6,4
0.10506108202443282,0.3399280575539569,0.12236718683380234,0.08999999999999998,15,6,1
0.6666666666666666,0.0,0.0,0.08999999999999998,15,7,5
0.3541666666666667,0.0002986857825567503,0.0005889281507656067,0.08999999999999998,15,7,4
0.012195121951219511,0.000896057347670251,0.0016694490818030053,0.08999999999999998,15,7,3
0.15873015873015872,0.3393231506439054,0.17730779462623036,0.08999999999999998,15,7,2
0.3541666666666667,0.0002986857825567503,0.0005889281507656067,0.08999999999999998,15,8,4
0.15873015873015872,0.3393231506439054,0.17730779462623036,0.08999999999999998,15,8,2
0.039426523297491044,0.006606606606606606,0.011316872427983541,0.08999999999999998,15,7,1
0.012195121951219511,0.000896057347670251,0.0016694490818030053,0.08999999999999998,15,8,3
0.6666666666666666,0.0,0.0,0.08999999999999998,15,8,5
0.6666666666666666,0.0,0.0,0.08999999999999998,15,9,5
0.3541666666666667,0.0002986857825567503,0.0005889281507656067,0.08999999999999998,15,9,4
0.039426523297491044,0.006606606606606606,0.011316872427983541,0.08999999999999998,15,8,1
0.345679012345679,0.0005973715651135006,0.0011396011396011395,0.08999999999999998,15,9,3
0.4777777777777778,0.33662477558348297,0.1726579520697168,0.08999999999999998,15,9,2
0.3541666666666667,0.0002986857825567503,0.0005889281507656067,0.08999999999999998,15,10,4
0.03275529865125241,0.005095923261390888,0.008819714656290533,0.08999999999999998,15,9,1
0.4777777777777778,0.33662477558348297,0.1726579520697168,0.08999999999999998,15,10,2
0.345679012345679,0.0005973715651135006,0.0011396011396011395,0.08999999999999998,15,10,3
0.6666666666666666,0.0,0.0,0.08999999999999998,15,10,5
0.345679012345679,0.0005973715651135006,0.0011396011396011395,0.08999999999999998,15,11,3
0.03275529865125241,0.005095923261390888,0.008819714656290533,0.08999999999999998,15,10,1
0.3541666666666667,0.0002986857825567503,0.0005889281507656067,0.08999999999999998,15,11,4
0.6666666666666666,0.0,0.0,0.08999999999999998,15,11,5
0.4777777777777778,0.33662477558348297,0.1726579520697168,0.08999999999999998,15,11,2
0.032128514056224904,0.004796163069544365,0.008346374543557642,0.08999999999999998,15,11,1
0.3541666666666667,0.0002986857825567503,0.0005889281507656067,0.08999999999999998,16,1,4
0.6666666666666666,0.0,0.0,0.08999999999999998,16,1,5
0.15757575757575756,0.34022162324049116,0.17866458007303077,0.08999999999999998,16,1,2
0.012195121951219511,0.000896057347670251,0.0016694490818030053,0.08999999999999998,16,1,3
0.012195121951219511,0.000896057347670251,0.0016694490818030053,0.08999999999999998,16,2,3
0.14215686274509806,0.3442127530976126,0.15169599591940833,0.08999999999999998,16,1,1
0.6666666666666666,0.0,0.0,0.08999999999999998,16,2,5
0.3541666666666667,0.0002986857825567503,0.0005889281507656067,0.08999999999999998,16,2,4
0.15757575757575756,0.34022162324049116,0.17866458007303077,0.08999999999999998,16,2,2
0.14215686274509806,0.3442127530976126,0.15169599591940833,0.08999999999999998,16,2,1
0.6666666666666666,0.0,0.0,0.08999999999999998,16,3,5
0.15757575757575756,0.34022162324049116,0.17866458007303077,0.08999999999999998,16,3,2
0.012195121951219511,0.000896057347670251,0.0016694490818030053,0.08999999999999998,16,3,3
0.3541666666666667,0.0002986857825567503,0.0005889281507656067,0.08999999999999998,16,3,4
0.12628865979381443,0.3408408408408408,0.14611451942740286,0.08999999999999998,16,3,1
0.012195121951219511,0.000896057347670251,0.0016694490818030053,0.08999999999999998,16,4,3
0.6666666666666666,0.0,0.0,0.08999999999999998,16,4,5
0.3541666666666667,0.0002986857825567503,0.0005889281507656067,0.08999999999999998,16,4,4
0.15757575757575756,0.34022162324049116,0.17866458007303077,0.08999999999999998,16,4,2
0.12628865979381443,0.3408408408408408,0.14611451942740286,0.08999999999999998,16,4,1
0.012195121951219511,0.000896057347670251,0.0016694490818030053,0.08999999999999998,16,5,3
0.6666666666666666,0.0,0.0,0.08999999999999998,16,5,5
0.3541666666666667,0.0002986857825567503,0.0005889281507656067,0.08999999999999998,16,5,4
0.15873015873015872,0.3393231506439054,0.17730779462623036,0.08999999999999998,16,5,2
0.10506108202443282,0.3399280575539569,0.12236718683380234,0.08999999999999998,16,5,1
0.3541666666666667,0.0002986857825567503,0.0005889281507656067,0.08999999999999998,16,6,4
0.012195121951219511,0.000896057347670251,0.0016694490818030053,0.08999999999999998,16,6,3
0.6666666666666666,0.0,0.0,0.08999999999999998,16,6,5
0.15873015873015872,0.3393231506439054,0.17730779462623036,0.08999999999999998,16,6,2
0.012195121951219511,0.000896057347670251,0.0016694490818030053,0.08999999999999998,16,7,3
0.6666666666666666,0.0,0.0,0.08999999999999998,16,7,5
0.3541666666666667,0.0002986857825567503,0.0005889281507656067,0.08999999999999998,16,7,4
0.15873015873015872,0.3393231506439054,0.17730779462623036,0.08999999999999998,16,7,2
0.10506108202443282,0.3399280575539569,0.12236718683380234,0.08999999999999998,16,6,1
0.012195121951219511,0.000896057347670251,0.0016694490818030053,0.08999999999999998,16,8,3
0.3541666666666667,0.0002986857825567503,0.0005889281507656067,0.08999999999999998,16,8,4
0.6666666666666666,0.0,0.0,0.08999999999999998,16,8,5
0.039426523297491044,0.006606606606606606,0.011316872427983541,0.08999999999999998,16,7,1
0.15873015873015872,0.3393231506439054,0.17730779462623036,0.08999999999999998,16,8,2
0.345679012345679,0.0005973715651135006,0.0011396011396011395,0.08999999999999998,16,9,3
0.039426523297491044,0.006606606606606606,0.011316872427983541,0.08999999999999998,16,8,1
0.6666666666666666,0.0,0.0,0.08999999999999998,16,9,5
0.3541666666666667,0.0002986857825567503,0.0005889281507656067,0.08999999999999998,16,9,4
0.4777777777777778,0.33662477558348297,0.1726579520697168,0.08999999999999998,16,9,2
0.345679012345679,0.0005973715651135006,0.0011396011396011395,0.08999999999999998,16,10,3
0.03275529865125241,0.005095923261390888,0.008819714656290533,0.08999999999999998,16,9,1
0.3541666666666667,0.0002986857825567503,0.0005889281507656067,0.08999999999999998,16,10,4
0.6666666666666666,0.0,0.0,0.08999999999999998,16,10,5
0.4777777777777778,0.33662477558348297,0.1726579520697168,0.08999999999999998,16,10,2
0.345679012345679,0.0005973715651135006,0.0011396011396011395,0.08999999999999998,16,11,3
0.03275529865125241,0.005095923261390888,0.008819714656290533,0.08999999999999998,16,10,1
0.4777777777777778,0.33662477558348297,0.1726579520697168,0.08999999999999998,16,11,2
0.6666666666666666,0.0,0.0,0.08999999999999998,16,11,5
0.3541666666666667,0.0002986857825567503,0.0005889281507656067,0.08999999999999998,16,11,4
0.015873015873015872,0.0005973715651135006,0.0011514104778353482,0.08999999999999998,17,1,3
0.032128514056224904,0.004796163069544365,0.008346374543557642,0.08999999999999998,16,11,1
0.6666666666666666,0.0,0.0,0.08999999999999998,17,1,5
0.3541666666666667,0.0002986857825567503,0.0005889281507656067,0.08999999999999998,17,1,4
0.5574712643678161,0.3378256963162623,0.23055555555555554,0.08999999999999998,17,1,2
0.015873015873015872,0.0005973715651135006,0.0011514104778353482,0.08999999999999998,17,2,3
0.1476608187134503,0.3432971014492754,0.15058823529411766,0.08999999999999998,17,1,1
0.5574712643678161,0.3378256963162623,0.23055555555555554,0.08999999999999998,17,2,2
0.3541666666666667,0.0002986857825567503,0.0005889281507656067,0.08999999999999998,17,2,4
0.6666666666666666,0.0,0.0,0.08999999999999998,17,2,5
0.1476608187134503,0.3432971014492754,0.15058823529411766,0.08999999999999998,17,2,1
0.015873015873015872,0.0005973715651135006,0.0011514104778353482,0.08999999999999998,17,3,3
0.3541666666666667,0.0002986857825567503,0.0005889281507656067,0.08999999999999998,17,3,4
0.6666666666666666,0.0,0.0,0.08999999999999998,17,3,5
0.5574712643678161,0.3378256963162623,0.23055555555555554,0.08999999999999998,17,3,2
0.015873015873015872,0.0005973715651135006,0.0011514104778353482,0.08999999999999998,17,4,3
0.6666666666666666,0.0,0.0,0.08999999999999998,17,4,5
0.5574712643678161,0.3378256963162623,0.23055555555555554,0.08999999999999998,17,4,2
0.3541666666666667,0.0002986857825567503,0.0005889281507656067,0.08999999999999998,17,4,4
0.1297979797979798,0.34024024024024024,0.145359477124183,0.08999999999999998,17,3,1
0.1297979797979798,0.34024024024024024,0.145359477124183,0.08999999999999998,17,4,1
0.015873015873015872,0.0005973715651135006,0.0011514104778353482,0.08999999999999998,17,5,3
0.3541666666666667,0.0002986857825567503,0.0005889281507656067,0.08999999999999998,17,5,4
0.6666666666666666,0.0,0.0,0.08999999999999998,17,5,5
0.5595238095238095,0.3378256963162623,0.23057644110275688,0.08999999999999998,17,5,2
0.015873015873015872,0.0005973715651135006,0.0011514104778353482,0.08999999999999998,17,6,3
0.5595238095238095,0.3378256963162623,0.23057644110275688,0.08999999999999998,17,6,2
0.3541666666666667,0.0002986857825567503,0.0005889281507656067,0.08999999999999998,17,6,4
0.10934959349593497,0.3396282973621103,0.12208289794496692,0.08999999999999998,17,5,1
0.6666666666666666,0.0,0.0,0.08999999999999998,17,6,5
0.10934959349593497,0.3396282973621103,0.12208289794496692,0.08999999999999998,17,6,1
0.015873015873015872,0.0005973715651135006,0.0011514104778353482,0.08999999999999998,17,7,3
0.6666666666666666,0.0,0.0,0.08999999999999998,17,7,5
0.3541666666666667,0.0002986857825567503,0.0005889281507656067,0.08999999999999998,17,7,4
0.5595238095238095,0.3378256963162623,0.23057644110275688,0.08999999999999998,17,7,2
0.015873015873015872,0.0005973715651135006,0.0011514104778353482,0.08999999999999998,17,8,3
0.04516129032258065,0.006306306306306307,0.011067193675889328,0.08999999999999998,17,7,1
0.6666666666666666,0.0,0.0,0.08999999999999998,17,8,5
0.5595238095238095,0.3378256963162623,0.23057644110275688,0.08999999999999998,17,8,2
0.3541666666666667,0.0002986857825567503,0.0005889281507656067,0.08999999999999998,17,8,4
0.35802469135802467,0.0005973715651135006,0.0011665208515602215,0.08999999999999998,17,9,3
0.5444444444444444,0.33632555356074206,0.22782917484347256,0.08999999999999998,17,9,2
0.04516129032258065,0.006306306306306307,0.011067193675889328,0.08999999999999998,17,8,1
0.3541666666666667,0.0002986857825567503,0.0005889281507656067,0.08999999999999998,17,9,4
0.6666666666666666,0.0,0.0,0.08999999999999998,17,9,5
0.35802469135802467,0.0005973715651135006,0.0011665208515602215,0.08999999999999998,17,10,3
0.3541666666666667,0.0002986857825567503,0.0005889281507656067,0.08999999999999998,17,10,4
0.03828828828828829,0.005095923261390888,0.008994708994708995,0.08999999999999998,17,9,1
0.5444444444444444,0.33632555356074206,0.22782917484347256,0.08999999999999998,17,10,2
0.6666666666666666,0.0,0.0,0.08999999999999998,17,10,5
0.35802469135802467,0.0005973715651135006,0.0011665208515602215,0.08999999999999998,17,11,3
0.03828828828828829,0.005095923261390888,0.008994708994708995,0.08999999999999998,17,10,1
0.5444444444444444,0.33632555356074206,0.22782917484347256,0.08999999999999998,17,11,2
0.3541666666666667,0.0002986857825567503,0.0005889281507656067,0.08999999999999998,17,11,4
0.6666666666666666,0.0,0.0,0.08999999999999998,17,11,5
0.015873015873015872,0.0005973715651135006,0.0011514104778353482,0.08999999999999998,18,1,3
0.03864734299516908,0.004796163069544365,0.008533333333333334,0.08999999999999998,17,11,1
0.6666666666666666,0.0,0.0,0.08999999999999998,18,1,5
0.3541666666666667,0.0002986857825567503,0.0005889281507656067,0.08999999999999998,18,1,4
0.5574712643678161,0.3378256963162623,0.23055555555555554,0.08999999999999998,18,1,2
0.015873015873015872,0.0005973715651135006,0.0011514104778353482,0.08999999999999998,18,2,3
0.1476608187134503,0.3432971014492754,0.15058823529411766,0.08999999999999998,18,1,1
0.6666666666666666,0.0,0.0,0.08999999999999998,18,2,5
0.5574712643678161,0.3378256963162623,0.23055555555555554,0.08999999999999998,18,2,2
0.3541666666666667,0.0002986857825567503,0.0005889281507656067,0.08999999999999998,18,2,4
0.015873015873015872,0.0005973715651135006,0.0011514104778353482,0.08999999999999998,18,3,3
0.3541666666666667,0.0002986857825567503,0.0005889281507656067,0.08999999999999998,18,3,4
0.5574712643678161,0.3378256963162623,0.23055555555555554,0.08999999999999998,18,3,2
0.6666666666666666,0.0,0.0,0.08999999999999998,18,3,5
0.1476608187134503,0.3432971014492754,0.15058823529411766,0.08999999999999998,18,2,1
0.015873015873015872,0.0005973715651135006,0.0011514104778353482,0.08999999999999998,18,4,3
0.3541666666666667,0.0002986857825567503,0.0005889281507656067,0.08999999999999998,18,4,4
0.5574712643678161,0.3378256963162623,0.23055555555555554,0.08999999999999998,18,4,2
0.6666666666666666,0.0,0.0,0.08999999999999998,18,4,5
0.1297979797979798,0.34024024024024024,0.145359477124183,0.08999999999999998,18,3,1
0.1297979797979798,0.34024024024024024,0.145359477124183,0.08999999999999998,18,4,1
0.015873015873015872,0.0005973715651135006,0.0011514104778353482,0.08999999999999998,18,5,3
0.6666666666666666,0.0,0.0,0.08999999999999998,18,5,5
0.5595238095238095,0.3378256963162623,0.23057644110275688,0.08999999999999998,18,5,2
0.3541666666666667,0.0002986857825567503,0.0005889281507656067,0.08999999999999998,18,5,4
0.015873015873015872,0.0005973715651135006,0.0011514104778353482,0.08999999999999998,18,6,3
0.10934959349593497,0.3396282973621103,0.12208289794496692,0.08999999999999998,18,5,1
0.5595238095238095,0.3378256963162623,0.23057644110275688,0.08999999999999998,18,6,2
0.6666666666666666,0.0,0.0,0.08999999999999998,18,6,5
0.3541666666666667,0.0002986857825567503,0.0005889281507656067,0.08999999999999998,18,6,4
0.015873015873015872,0.0005973715651135006,0.0011514104778353482,0.08999999999999998,18,7,3
0.6666666666666666,0.0,0.0,0.08999999999999998,18,7,5
0.10934959349593497,0.3396282973621103,0.12208289794496692,0.08999999999999998,18,6,1
0.3541666666666667,0.0002986857825567503,0.0005889281507656067,0.08999999999999998,18,7,4
0.5595238095238095,0.3378256963162623,0.23057644110275688,0.08999999999999998,18,7,2
0.015873015873015872,0.0005973715651135006,0.0011514104778353482,0.08999999999999998,18,8,3
0.3541666666666667,0.0002986857825567503,0.0005889281507656067,0.08999999999999998,18,8,4
0.6666666666666666,0.0,0.0,0.08999999999999998,18,8,5
0.04516129032258065,0.006306306306306307,0.011067193675889328,0.08999999999999998,18,7,1
0.5595238095238095,0.3378256963162623,0.23057644110275688,0.08999999999999998,18,8,2
0.35802469135802467,0.0005973715651135006,0.0011665208515602215,0.08999999999999998,18,9,3
0.04516129032258065,0.006306306306306307,0.011067193675889328,0.08999999999999998,18,8,1
0.6666666666666666,0.0,0.0,0.08999999999999998,18,9,5
0.3541666666666667,0.0002986857825567503,0.0005889281507656067,0.08999999999999998,18,9,4
0.5444444444444444,0.33632555356074206,0.22782917484347256,0.08999999999999998,18,9,2
0.35802469135802467,0.0005973715651135006,0.0011665208515602215,0.08999999999999998,18,10,3
0.03828828828828829,0.005095923261390888,0.008994708994708995,0.08999999999999998,18,9,1
0.5444444444444444,0.33632555356074206,0.22782917484347256,0.08999999999999998,18,10,2
0.6666666666666666,0.0,0.0,0.08999999999999998,18,10,5
0.3541666666666667,0.0002986857825567503,0.0005889281507656067,0.08999999999999998,18,10,4
0.35802469135802467,0.0005973715651135006,0.0011665208515602215,0.08999999999999998,18,11,3
0.03828828828828829,0.005095923261390888,0.008994708994708995,0.08999999999999998,18,10,1
0.5444444444444444,0.33632555356074206,0.22782917484347256,0.08999999999999998,18,11,2
0.3541666666666667,0.0002986857825567503,0.0005889281507656067,0.08999999999999998,18,11,4
0.6666666666666666,0.0,0.0,0.08999999999999998,18,11,5
0.6666666666666666,0.0,0.0,0.08999999999999998,19,1,5
0.015873015873015872,0.0005973715651135006,0.0011514104778353482,0.08999999999999998,19,1,3
0.3541666666666667,0.0002986857825567503,0.0005889281507656067,0.08999999999999998,19,1,4
0.03864734299516908,0.004796163069544365,0.008533333333333334,0.08999999999999998,18,11,1
0.5574712643678161,0.3378256963162623,0.23055555555555554,0.08999999999999998,19,1,2
0.015873015873015872,0.0005973715651135006,0.0011514104778353482,0.08999999999999998,19,2,3
0.5574712643678161,0.3378256963162623,0.23055555555555554,0.08999999999999998,19,2,2
0.3541666666666667,0.0002986857825567503,0.0005889281507656067,0.08999999999999998,19,2,4
0.07459207459207459,0.00966183574879227,0.01710772520716386,0.08999999999999998,19,1,1
0.6666666666666666,0.0,0.0,0.08999999999999998,19,2,5
0.07459207459207459,0.00966183574879227,0.01710772520716386,0.08999999999999998,19,2,1
0.015873015873015872,0.0005973715651135006,0.0011514104778353482,0.08999999999999998,19,3,3
0.3541666666666667,0.0002986857825567503,0.0005889281507656067,0.08999999999999998,19,3,4
0.6666666666666666,0.0,0.0,0.08999999999999998,19,3,5
0.5574712643678161,0.3378256963162623,0.23055555555555554,0.08999999999999998,19,3,2
0.015873015873015872,0.0005973715651135006,0.0011514104778353482,0.08999999999999998,19,4,3
0.5574712643678161,0.3378256963162623,0.23055555555555554,0.08999999999999998,19,4,2
0.05392156862745098,0.006606606606606606,0.011771000535045479,0.08999999999999998,19,3,1
0.6666666666666666,0.0,0.0,0.08999999999999998,19,4,5
0.3541666666666667,0.0002986857825567503,0.0005889281507656067,0.08999999999999998,19,4,4
0.05392156862745098,0.006606606606606606,0.011771000535045479,0.08999999999999998,19,4,1
0.015873015873015872,0.0005973715651135006,0.0011514104778353482,0.08999999999999998,19,5,3
0.6666666666666666,0.0,0.0,0.08999999999999998,19,5,5
0.3541666666666667,0.0002986857825567503,0.0005889281507656067,0.08999999999999998,19,5,4
0.5595238095238095,0.3378256963162623,0.23057644110275688,0.08999999999999998,19,5,2
0.04938271604938271,0.005995203836930456,0.010692328254477412,0.08999999999999998,19,5,1
0.015873015873015872,0.0005973715651135006,0.0011514104778353482,0.08999999999999998,19,6,3
0.6666666666666666,0.0,0.0,0.08999999999999998,19,6,5
0.5595238095238095,0.3378256963162623,0.23057644110275688,0.08999999999999998,19,6,2
0.3541666666666667,0.0002986857825567503,0.0005889281507656067,0.08999999999999998,19,6,4
0.015873015873015872,0.0005973715651135006,0.0011514104778353482,0.08999999999999998,19,7,3
0.04938271604938271,0.005995203836930456,0.010692328254477412,0.08999999999999998,19,6,1
0.3541666666666667,0.0002986857825567503,0.0005889281507656067,0.08999999999999998,19,7,4
0.6666666666666666,0.0,0.0,0.08999999999999998,19,7,5
0.5595238095238095,0.3378256963162623,0.23057644110275688,0.08999999999999998,19,7,2
0.015873015873015872,0.0005973715651135006,0.0011514104778353482,0.08999999999999998,19,8,3
0.5595238095238095,0.3378256963162623,0.23057644110275688,0.08999999999999998,19,8,2
0.04938271604938271,0.006006006006006006,0.0107095046854083,0.08999999999999998,19,7,1
0.3541666666666667,0.0002986857825567503,0.0005889281507656067,0.08999999999999998,19,8,4
0.6666666666666666,0.0,0.0,0.08999999999999998,19,8,5
0.35802469135802467,0.0005973715651135006,0.0011665208515602215,0.08999999999999998,19,9,3
0.04938271604938271,0.006006006006006006,0.0107095046854083,0.08999999999999998,19,8,1
0.3541666666666667,0.0002986857825567503,0.0005889281507656067,0.08999999999999998,19,9,4
0.6666666666666666,0.0,0.0,0.08999999999999998,19,9,5
0.5444444444444444,0.33632555356074206,0.22782917484347256,0.08999999999999998,19,9,2
0.35802469135802467,0.0005973715651135006,0.0011665208515602215,0.08999999999999998,19,10,3
0.04040404040404041,0.004796163069544365,0.008574490889603431,0.08999999999999998,19,9,1
0.5444444444444444,0.33632555356074206,0.22782917484347256,0.08999999999999998,19,10,2
0.3541666666666667,0.0002986857825567503,0.0005889281507656067,0.08999999999999998,19,10,4
0.6666666666666666,0.0,0.0,0.08999999999999998,19,10,5
0.35802469135802467,0.0005973715651135006,0.0011665208515602215,0.08999999999999998,19,11,3
0.3541666666666667,0.0002986857825567503,0.0005889281507656067,0.08999999999999998,19,11,4
0.6666666666666666,0.0,0.0,0.08999999999999998,19,11,5
0.04040404040404041,0.004796163069544365,0.008574490889603431,0.08999999999999998,19,10,1
0.5444444444444444,0.33632555356074206,0.22782917484347256,0.08999999999999998,19,11,2
0.015873015873015872,0.0005973715651135006,0.0011514104778353482,0.08999999999999998,20,1,3
0.04,0.0044964028776978415,0.008084074373484235,0.08999999999999998,19,11,1
0.3541666666666667,0.0002986857825567503,0.0005889281507656067,0.08999999999999998,20,1,4
0.6666666666666666,0.0,0.0,0.08999999999999998,20,1,5
0.5574712643678161,0.3378256963162623,0.23055555555555554,0.08999999999999998,20,1,2
0.015873015873015872,0.0005973715651135006,0.0011514104778353482,0.08999999999999998,20,2,3
0.6666666666666666,0.0,0.0,0.08999999999999998,20,2,5
0.07459207459207459,0.00966183574879227,0.01710772520716386,0.08999999999999998,20,1,1
0.3541666666666667,0.0002986857825567503,0.0005889281507656067,0.08999999999999998,20,2,4
0.5574712643678161,0.3378256963162623,0.23055555555555554,0.08999999999999998,20,2,2
0.015873015873015872,0.0005973715651135006,0.0011514104778353482,0.08999999999999998,20,3,3
0.07459207459207459,0.00966183574879227,0.01710772520716386,0.08999999999999998,20,2,1
0.3541666666666667,0.0002986857825567503,0.0005889281507656067,0.08999999999999998,20,3,4
0.6666666666666666,0.0,0.0,0.08999999999999998,20,3,5
0.5574712643678161,0.3378256963162623,0.23055555555555554,0.08999999999999998,20,3,2
0.015873015873015872,0.0005973715651135006,0.0011514104778353482,0.08999999999999998,20,4,3
0.05392156862745098,0.006606606606606606,0.011771000535045479,0.08999999999999998,20,3,1
0.6666666666666666,0.0,0.0,0.08999999999999998,20,4,5
0.3541666666666667,0.0002986857825567503,0.0005889281507656067,0.08999999999999998,20,4,4
0.5574712643678161,0.3378256963162623,0.23055555555555554,0.08999999999999998,20,4,2
0.015873015873015872,0.0005973715651135006,0.0011514104778353482,0.08999999999999998,20,5,3
0.05392156862745098,0.006606606606606606,0.011771000535045479,0.08999999999999998,20,4,1
0.6666666666666666,0.0,0.0,0.08999999999999998,20,5,5
0.3541666666666667,0.0002986857825567503,0.0005889281507656067,0.08999999999999998,20,5,4
0.5595238095238095,0.3378256963162623,0.23057644110275688,0.08999999999999998,20,5,2
0.015873015873015872,0.0005973715651135006,0.0011514104778353482,0.08999999999999998,20,6,3
0.6666666666666666,0.0,0.0,0.08999999999999998,20,6,5
0.3541666666666667,0.0002986857825567503,0.0005889281507656067,0.08999999999999998,20,6,4
0.5595238095238095,0.3378256963162623,0.23057644110275688,0.08999999999999998,20,6,2
0.04938271604938271,0.005995203836930456,0.010692328254477412,0.08999999999999998,20,5,1
0.04938271604938271,0.005995203836930456,0.010692328254477412,0.08999999999999998,20,6,1
0.5595238095238095,0.3378256963162623,0.23057644110275688,0.08999999999999998,20,7,2
0.015873015873015872,0.0005973715651135006,0.0011514104778353482,0.08999999999999998,20,7,3
0.6666666666666666,0.0,0.0,0.08999999999999998,20,7,5
0.3541666666666667,0.0002986857825567503,0.0005889281507656067,0.08999999999999998,20,7,4
0.04938271604938271,0.006006006006006006,0.0107095046854083,0.08999999999999998,20,7,1
0.015873015873015872,0.0005973715651135006,0.0011514104778353482,0.08999999999999998,20,8,3
0.3541666666666667,0.0002986857825567503,0.0005889281507656067,0.08999999999999998,20,8,4
0.6666666666666666,0.0,0.0,0.08999999999999998,20,8,5
0.5595238095238095,0.3378256963162623,0.23057644110275688,0.08999999999999998,20,8,2
0.35802469135802467,0.0005973715651135006,0.0011665208515602215,0.08999999999999998,20,9,3
0.04938271604938271,0.006006006006006006,0.0107095046854083,0.08999999999999998,20,8,1
0.6666666666666666,0.0,0.0,0.08999999999999998,20,9,5
0.3541666666666667,0.0002986857825567503,0.0005889281507656067,0.08999999999999998,20,9,4
0.5444444444444444,0.33632555356074206,0.22782917484347256,0.08999999999999998,20,9,2
0.04040404040404041,0.004796163069544365,0.008574490889603431,0.08999999999999998,20,9,1
0.3541666666666667,0.0002986857825567503,0.0005889281507656067,0.08999999999999998,20,10,4
0.6666666666666666,0.0,0.0,0.08999999999999998,20,10,5
0.5444444444444444,0.33632555356074206,0.22782917484347256,0.08999999999999998,20,10,2
0.35802469135802467,0.0005973715651135006,0.0011665208515602215,0.08999999999999998,20,10,3
0.04040404040404041,0.004796163069544365,0.008574490889603431,0.08999999999999998,20,10,1
0.35802469135802467,0.0005973715651135006,0.0011665208515602215,0.08999999999999998,20,11,3
0.6666666666666666,0.0,0.0,0.08999999999999998,20,11,5
0.5444444444444444,0.33632555356074206,0.22782917484347256,0.08999999999999998,20,11,2
0.3541666666666667,0.0002986857825567503,0.0005889281507656067,0.08999999999999998,20,11,4
0.04,0.0044964028776978415,0.008084074373484235,0.08999999999999998,20,11,1
0.015873015873015872,0.0005973715651135006,0.0011514104778353482,0.08999999999999998,21,1,3
0.6666666666666666,0.0,0.0,0.08999999999999998,21,1,5
0.559071729957806,0.33752620545073375,0.23005219985085756,0.08999999999999998,21,1,2
0.3541666666666667,0.0002986857825567503,0.0005889281507656067,0.08999999999999998,21,1,4
0.08757062146892657,0.009342977697408076,0.016884531590413945,0.08999999999999998,21,1,1
0.015873015873015872,0.0005973715651135006,0.0011514104778353482,0.08999999999999998,21,2,3
0.3541666666666667,0.0002986857825567503,0.0005889281507656067,0.08999999999999998,21,2,4
0.6666666666666666,0.0,0.0,0.08999999999999998,21,2,5
0.559071729957806,0.33752620545073375,0.23005219985085756,0.08999999999999998,21,2,2
0.015873015873015872,0.0005973715651135006,0.0011514104778353482,0.08999999999999998,21,3,3
0.559071729957806,0.33752620545073375,0.23005219985085756,0.08999999999999998,21,3,2
0.6666666666666666,0.0,0.0,0.08999999999999998,21,3,5
0.08757062146892657,0.009342977697408076,0.016884531590413945,0.08999999999999998,21,2,1
0.3541666666666667,0.0002986857825567503,0.0005889281507656067,0.08999999999999998,21,3,4
0.015873015873015872,0.0005973715651135006,0.0011514104778353482,0.08999999999999998,21,4,3
0.06376811594202898,0.006606606606606606,0.01197278911564626,0.08999999999999998,21,3,1
0.6666666666666666,0.0,0.0,0.08999999999999998,21,4,5
0.559071729957806,0.33752620545073375,0.23005219985085756,0.08999999999999998,21,4,2
0.3541666666666667,0.0002986857825567503,0.0005889281507656067,0.08999999999999998,21,4,4
0.015873015873015872,0.0005973715651135006,0.0011514104778353482,0.08999999999999998,21,5,3
0.06376811594202898,0.006606606606606606,0.01197278911564626,0.08999999999999998,21,4,1
0.6666666666666666,0.0,0.0,0.08999999999999998,21,5,5
0.3541666666666667,0.0002986857825567503,0.0005889281507656067,0.08999999999999998,21,5,4
0.564935064935065,0.3378256963162623,0.23062558356676002,0.08999999999999998,21,5,2
0.058997050147492625,0.005995203836930456,0.010884353741496598,0.08999999999999998,21,5,1
0.015873015873015872,0.0005973715651135006,0.0011514104778353482,0.08999999999999998,21,6,3
0.564935064935065,0.3378256963162623,0.23062558356676002,0.08999999999999998,21,6,2
0.6666666666666666,0.0,0.0,0.08999999999999998,21,6,5
0.3541666666666667,0.0002986857825567503,0.0005889281507656067,0.08999999999999998,21,6,4
0.015873015873015872,0.0005973715651135006,0.0011514104778353482,0.08999999999999998,21,7,3
0.3541666666666667,0.0002986857825567503,0.0005889281507656067,0.08999999999999998,21,7,4
0.564935064935065,0.3378256963162623,0.23062558356676002,0.08999999999999998,21,7,2
0.058997050147492625,0.005995203836930456,0.010884353741496598,0.08999999999999998,21,6,1
0.6666666666666666,0.0,0.0,0.08999999999999998,21,7,5
0.6666666666666666,0.0,0.0,0.08999999999999998,21,8,5
0.015873015873015872,0.0005973715651135006,0.0011514104778353482,0.08999999999999998,21,8,3
0.0574712643678161,0.006006006006006006,0.01087547580206634,0.08999999999999998,21,7,1
0.564935064935065,0.3378256963162623,0.23062558356676002,0.08999999999999998,21,8,2
0.3541666666666667,0.0002986857825567503,0.0005889281507656067,0.08999999999999998,21,8,4
0.35802469135802467,0.0005973715651135006,0.0011665208515602215,0.08999999999999998,21,9,3
0.3541666666666667,0.0002986857825567503,0.0005889281507656067,0.08999999999999998,21,9,4
0.5490196078431372,0.33632555356074206,0.2278623801466441,0.08999999999999998,21,9,2
0.6666666666666666,0.0,0.0,0.08999999999999998,21,9,5
0.0574712643678161,0.006006006006006006,0.01087547580206634,0.08999999999999998,21,8,1
0.04804804804804805,0.004796163069544365,0.00872172254020169,0.08999999999999998,21,9,1
0.35802469135802467,0.0005973715651135006,0.0011665208515602215,0.08999999999999998,21,10,3
0.3541666666666667,0.0002986857825567503,0.0005889281507656067,0.08999999999999998,21,10,4
0.5490196078431372,0.33632555356074206,0.2278623801466441,0.08999999999999998,21,10,2
0.6666666666666666,0.0,0.0,0.08999999999999998,21,10,5
0.35802469135802467,0.0005973715651135006,0.0011665208515602215,0.08999999999999998,21,11,3
0.04804804804804805,0.004796163069544365,0.00872172254020169,0.08999999999999998,21,10,1
0.5490196078431372,0.33632555356074206,0.2278623801466441,0.08999999999999998,21,11,2
0.3541666666666667,0.0002986857825567503,0.0005889281507656067,0.08999999999999998,21,11,4
0.6666666666666666,0.0,0.0,0.08999999999999998,21,11,5
0.04672897196261682,0.0044964028776978415,0.008203445447087777,0.08999999999999998,21,11,1
0.6666666666666666,0.0,0.0,0.08999999999999998,22,1,5
0.3541666666666667,0.0002986857825567503,0.0005889281507656067,0.08999999999999998,22,1,4
0.559071729957806,0.33752620545073375,0.23005219985085756,0.08999999999999998,22,1,2
0.015873015873015872,0.0005973715651135006,0.0011514104778353482,0.08999999999999998,22,1,3
0.3541666666666667,0.0002986857825567503,0.0005889281507656067,0.08999999999999998,22,2,4
0.08757062146892657,0.009342977697408076,0.016884531590413945,0.08999999999999998,22,1,1
0.6666666666666666,0.0,0.0,0.08999999999999998,22,2,5
0.015873015873015872,0.0005973715651135006,0.0011514104778353482,0.08999999999999998,22,2,3
0.559071729957806,0.33752620545073375,0.23005219985085756,0.08999999999999998,22,2,2
0.015873015873015872,0.0005973715651135006,0.0011514104778353482,0.08999999999999998,22,3,3
0.559071729957806,0.33752620545073375,0.23005219985085756,0.08999999999999998,22,3,2
0.3541666666666667,0.0002986857825567503,0.0005889281507656067,0.08999999999999998,22,3,4
0.6666666666666666,0.0,0.0,0.08999999999999998,22,3,5
0.08757062146892657,0.009342977697408076,0.016884531590413945,0.08999999999999998,22,2,1
0.06376811594202898,0.006606606606606606,0.01197278911564626,0.08999999999999998,22,3,1
0.3541666666666667,0.0002986857825567503,0.0005889281507656067,0.08999999999999998,22,4,4
0.015873015873015872,0.0005973715651135006,0.0011514104778353482,0.08999999999999998,22,4,3
0.6666666666666666,0.0,0.0,0.08999999999999998,22,4,5
0.559071729957806,0.33752620545073375,0.23005219985085756,0.08999999999999998,22,4,2
0.015873015873015872,0.0005973715651135006,0.0011514104778353482,0.08999999999999998,22,5,3
0.06376811594202898,0.006606606606606606,0.01197278911564626,0.08999999999999998,22,4,1
0.3541666666666667,0.0002986857825567503,0.0005889281507656067,0.08999999999999998,22,5,4
0.564935064935065,0.3378256963162623,0.23062558356676002,0.08999999999999998,22,5,2
0.6666666666666666,0.0,0.0,0.08999999999999998,22,5,5
0.015873015873015872,0.0005973715651135006,0.0011514104778353482,0.08999999999999998,22,6,3
0.6666666666666666,0.0,0.0,0.08999999999999998,22,6,5
0.3541666666666667,0.0002986857825567503,0.0005889281507656067,0.08999999999999998,22,6,4
0.058997050147492625,0.005995203836930456,0.010884353741496598,0.08999999999999998,22,5,1
0.564935064935065,0.3378256963162623,0.23062558356676002,0.08999999999999998,22,6,2
0.3541666666666667,0.0002986857825567503,0.0005889281507656067,0.08999999999999998,22,7,4
0.564935064935065,0.3378256963162623,0.23062558356676002,0.08999999999999998,22,7,2
0.015873015873015872,0.0005973715651135006,0.0011514104778353482,0.08999999999999998,22,7,3
0.058997050147492625,0.005995203836930456,0.010884353741496598,0.08999999999999998,22,6,1
0.6666666666666666,0.0,0.0,0.08999999999999998,22,7,5
0.015873015873015872,0.0005973715651135006,0.0011514104778353482,0.08999999999999998,22,8,3
0.0574712643678161,0.006006006006006006,0.01087547580206634,0.08999999999999998,22,7,1
0.6666666666666666,0.0,0.0,0.08999999999999998,22,8,5
0.3541666666666667,0.0002986857825567503,0.0005889281507656067,0.08999999999999998,22,8,4
0.564935064935065,0.3378256963162623,0.23062558356676002,0.08999999999999998,22,8,2
0.35802469135802467,0.0005973715651135006,0.0011665208515602215,0.08999999999999998,22,9,3
0.5490196078431372,0.33632555356074206,0.2278623801466441,0.08999999999999998,22,9,2
0.0574712643678161,0.006006006006006006,0.01087547580206634,0.08999999999999998,22,8,1
0.6666666666666666,0.0,0.0,0.08999999999999998,22,9,5
0.3541666666666667,0.0002986857825567503,0.0005889281507656067,0.08999999999999998,22,9,4
0.04804804804804805,0.004796163069544365,0.00872172254020169,0.08999999999999998,22,9,1
0.35802469135802467,0.0005973715651135006,0.0011665208515602215,0.08999999999999998,22,10,3
0.3541666666666667,0.0002986857825567503,0.0005889281507656067,0.08999999999999998,22,10,4
0.6666666666666666,0.0,0.0,0.08999999999999998,22,10,5
0.5490196078431372,0.33632555356074206,0.2278623801466441,0.08999999999999998,22,10,2
0.35802469135802467,0.0005973715651135006,0.0011665208515602215,0.08999999999999998,22,11,3
0.6666666666666666,0.0,0.0,0.08999999999999998,22,11,5
0.3541666666666667,0.0002986857825567503,0.0005889281507656067,0.08999999999999998,22,11,4
0.04804804804804805,0.004796163069544365,0.00872172254020169,0.08999999999999998,22,10,1
0.5490196078431372,0.33632555356074206,0.2278623801466441,0.08999999999999998,22,11,2
0.3541666666666667,0.0002986857825567503,0.0005889281507656067,0.08999999999999998,23,1,4
0.015873015873015872,0.0005973715651135006,0.0011514104778353482,0.08999999999999998,23,1,3
0.04672897196261682,0.0044964028776978415,0.008203445447087777,0.08999999999999998,22,11,1
0.6666666666666666,0.0,0.0,0.08999999999999998,23,1,5
0.559071729957806,0.33752620545073375,0.23005219985085756,0.08999999999999998,23,1,2
0.015873015873015872,0.0005973715651135006,0.0011514104778353482,0.08999999999999998,23,2,3
0.09034267912772585,0.008732309545317675,0.015925315760571115,0.08999999999999998,23,1,1
0.3541666666666667,0.0002986857825567503,0.0005889281507656067,0.08999999999999998,23,2,4
0.6666666666666666,0.0,0.0,0.08999999999999998,23,2,5
0.559071729957806,0.33752620545073375,0.23005219985085756,0.08999999999999998,23,2,2
0.09034267912772585,0.008732309545317675,0.015925315760571115,0.08999999999999998,23,2,1
0.559071729957806,0.33752620545073375,0.23005219985085756,0.08999999999999998,23,3,2
0.015873015873015872,0.0005973715651135006,0.0011514104778353482,0.08999999999999998,23,3,3
0.6666666666666666,0.0,0.0,0.08999999999999998,23,3,5
0.3541666666666667,0.0002986857825567503,0.0005889281507656067,0.08999999999999998,23,3,4
0.07189542483660132,0.006606606606606606,0.012101210121012099,0.08999999999999998,23,3,1
0.3541666666666667,0.0002986857825567503,0.0005889281507656067,0.08999999999999998,23,4,4
0.015873015873015872,0.0005973715651135006,0.0011514104778353482,0.08999999999999998,23,4,3
0.6666666666666666,0.0,0.0,0.08999999999999998,23,4,5
0.559071729957806,0.33752620545073375,0.23005219985085756,0.08999999999999998,23,4,2
0.07189542483660132,0.006606606606606606,0.012101210121012099,0.08999999999999998,23,4,1
0.015873015873015872,0.0005973715651135006,0.0011514104778353482,0.08999999999999998,23,5,3
0.3541666666666667,0.0002986857825567503,0.0005889281507656067,0.08999999999999998,23,5,4
0.6666666666666666,0.0,0.0,0.08999999999999998,23,5,5
0.564935064935065,0.3378256963162623,0.23062558356676002,0.08999999999999998,23,5,2
0.3541666666666667,0.0002986857825567503,0.0005889281507656067,0.08999999999999998,23,6,4
0.015873015873015872,0.0005973715651135006,0.0011514104778353482,0.08999999999999998,23,6,3
0.6666666666666666,0.0,0.0,0.08999999999999998,23,6,5
0.06666666666666667,0.005995203836930456,0.011001100110011,0.08999999999999998,23,5,1
0.564935064935065,0.3378256963162623,0.23062558356676002,0.08999999999999998,23,6,2
0.015873015873015872,0.0005973715651135006,0.0011514104778353482,0.08999999999999998,23,7,3
0.06666666666666667,0.005995203836930456,0.011001100110011,0.08999999999999998,23,6,1
0.3541666666666667,0.0002986857825567503,0.0005889281507656067,0.08999999999999998,23,7,4
0.6666666666666666,0.0,0.0,0.08999999999999998,23,7,5
0.564935064935065,0.3378256963162623,0.23062558356676002,0.08999999999999998,23,7,2
0.06349206349206349,0.006006006006006006,0.010973936899862825,0.08999999999999998,23,7,1
0.015873015873015872,0.0005973715651135006,0.0011514104778353482,0.08999999999999998,23,8,3
0.6666666666666666,0.0,0.0,0.08999999999999998,23,8,5
0.564935064935065,0.3378256963162623,0.23062558356676002,0.08999999999999998,23,8,2
0.3541666666666667,0.0002986857825567503,0.0005889281507656067,0.08999999999999998,23,8,4
0.35802469135802467,0.0005973715651135006,0.0011665208515602215,0.08999999999999998,23,9,3
0.06349206349206349,0.006006006006006006,0.010973936899862825,0.08999999999999998,23,8,1
0.3541666666666667,0.0002986857825567503,0.0005889281507656067,0.08999999999999998,23,9,4
0.5490196078431372,0.33632555356074206,0.2278623801466441,0.08999999999999998,23,9,2
0.6666666666666666,0.0,0.0,0.08999999999999998,23,9,5
0.35802469135802467,0.0005973715651135006,0.0011665208515602215,0.08999999999999998,23,10,3
0.6666666666666666,0.0,0.0,0.08999999999999998,23,10,5
0.05387205387205388,0.004796163069544365,0.008808147536471236,0.08999999999999998,23,9,1
0.3541666666666667,0.0002986857825567503,0.0005889281507656067,0.08999999999999998,23,10,4
0.5490196078431372,0.33632555356074206,0.2278623801466441,0.08999999999999998,23,10,2
0.3541666666666667,0.0002986857825567503,0.0005889281507656067,0.08999999999999998,23,11,4
0.35802469135802467,0.0005973715651135006,0.0011665208515602215,0.08999999999999998,23,11,3
0.05387205387205388,0.004796163069544365,0.008808147536471236,0.08999999999999998,23,10,1
0.6666666666666666,0.0,0.0,0.08999999999999998,23,11,5
0.5490196078431372,0.33632555356074206,0.2278623801466441,0.08999999999999998,23,11,2
0.015873015873015872,0.0005973715651135006,0.0011514104778353482,0.08999999999999998,24,1,3
0.05102040816326531,0.0044964028776978415,0.008264462809917356,0.08999999999999998,23,11,1
0.6666666666666666,0.0,0.0,0.08999999999999998,24,1,5
0.3541666666666667,0.0002986857825567503,0.0005889281507656067,0.08999999999999998,24,1,4
0.559071729957806,0.33752620545073375,0.23005219985085756,0.08999999999999998,24,1,2
0.015873015873015872,0.0005973715651135006,0.0011514104778353482,0.08999999999999998,24,2,3
0.09034267912772585,0.008732309545317675,0.015925315760571115,0.08999999999999998,24,1,1
0.559071729957806,0.33752620545073375,0.23005219985085756,0.08999999999999998,24,2,2
0.6666666666666666,0.0,0.0,0.08999999999999998,24,2,5
0.3541666666666667,0.0002986857825567503,0.0005889281507656067,0.08999999999999998,24,2,4
0.015873015873015872,0.0005973715651135006,0.0011514104778353482,0.08999999999999998,24,3,3
0.09034267912772585,0.008732309545317675,0.015925315760571115,0.08999999999999998,24,2,1
0.559071729957806,0.33752620545073375,0.23005219985085756,0.08999999999999998,24,3,2
0.6666666666666666,0.0,0.0,0.08999999999999998,24,3,5
0.3541666666666667,0.0002986857825567503,0.0005889281507656067,0.08999999999999998,24,3,4
0.015873015873015872,0.0005973715651135006,0.0011514104778353482,0.08999999999999998,24,4,3
0.559071729957806,0.33752620545073375,0.23005219985085756,0.08999999999999998,24,4,2
0.3541666666666667,0.0002986857825567503,0.0005889281507656067,0.08999999999999998,24,4,4
0.6666666666666666,0.0,0.0,0.08999999999999998,24,4,5
0.07189542483660132,0.006606606606606606,0.012101210121012099,0.08999999999999998,24,3,1
0.015873015873015872,0.0005973715651135006,0.0011514104778353482,0.08999999999999998,24,5,3
0.07189542483660132,0.006606606606606606,0.012101210121012099,0.08999999999999998,24,4,1
0.564935064935065,0.3378256963162623,0.23062558356676002,0.08999999999999998,24,5,2
0.3541666666666667,0.0002986857825567503,0.0005889281507656067,0.08999999999999998,24,5,4
0.6666666666666666,0.0,0.0,0.08999999999999998,24,5,5
0.015873015873015872,0.0005973715651135006,0.0011514104778353482,0.08999999999999998,24,6,3
0.06666666666666667,0.005995203836930456,0.011001100110011,0.08999999999999998,24,5,1
0.6666666666666666,0.0,0.0,0.08999999999999998,24,6,5
0.564935064935065,0.3378256963162623,0.23062558356676002,0.08999999999999998,24,6,2
0.3541666666666667,0.0002986857825567503,0.0005889281507656067,0.08999999999999998,24,6,4
0.015873015873015872,0.0005973715651135006,0.0011514104778353482,0.08999999999999998,24,7,3
0.06666666666666667,0.005995203836930456,0.011001100110011,0.08999999999999998,24,6,1
0.6666666666666666,0.0,0.0,0.08999999999999998,24,7,5
0.3541666666666667,0.0002986857825567503,0.0005889281507656067,0.08999999999999998,24,7,4
0.564935064935065,0.3378256963162623,0.23062558356676002,0.08999999999999998,24,7,2
0.015873015873015872,0.0005973715651135006,0.0011514104778353482,0.08999999999999998,24,8,3
0.3541666666666667,0.0002986857825567503,0.0005889281507656067,0.08999999999999998,24,8,4
0.564935064935065,0.3378256963162623,0.23062558356676002,0.08999999999999998,24,8,2
0.6666666666666666,0.0,0.0,0.08999999999999998,24,8,5
0.06349206349206349,0.006006006006006006,0.010973936899862825,0.08999999999999998,24,7,1
0.35802469135802467,0.0005973715651135006,0.0011665208515602215,0.08999999999999998,24,9,3
0.06349206349206349,0.006006006006006006,0.010973936899862825,0.08999999999999998,24,8,1
0.3541666666666667,0.0002986857825567503,0.0005889281507656067,0.08999999999999998,24,9,4
0.5490196078431372,0.33632555356074206,0.2278623801466441,0.08999999999999998,24,9,2
0.6666666666666666,0.0,0.0,0.08999999999999998,24,9,5
0.35802469135802467,0.0005973715651135006,0.0011665208515602215,0.08999999999999998,24,10,3
0.6666666666666666,0.0,0.0,0.08999999999999998,24,10,5
0.3541666666666667,0.0002986857825567503,0.0005889281507656067,0.08999999999999998,24,10,4
0.05387205387205388,0.004796163069544365,0.008808147536471236,0.08999999999999998,24,9,1
0.5490196078431372,0.33632555356074206,0.2278623801466441,0.08999999999999998,24,10,2
0.35802469135802467,0.0005973715651135006,0.0011665208515602215,0.08999999999999998,24,11,3
0.05387205387205388,0.004796163069544365,0.008808147536471236,0.08999999999999998,24,10,1
0.5490196078431372,0.33632555356074206,0.2278623801466441,0.08999999999999998,24,11,2
0.6666666666666666,0.0,0.0,0.08999999999999998,24,11,5
0.3541666666666667,0.0002986857825567503,0.0005889281507656067,0.08999999999999998,24,11,4
0.05102040816326531,0.0044964028776978415,0.008264462809917356,0.08999999999999998,24,11,1
0.012345679012345678,0.0002981514609421586,0.0005822416302765648,0.11666666666666665,1,1,4
0.0032051282051282055,0.0002984183825723665,0.000546000546000546,0.11666666666666665,1,1,3
0.012345679012345678,0.0002981514609421586,0.0005822416302765648,0.11666666666666665,1,2,4
0.7000000000000001,0.00029895366218236175,0.0005925925925925926,0.11666666666666665,1,1,5
0.7000000000000001,0.00029895366218236175,0.0005925925925925926,0.11666666666666665,1,2,5
0.0032051282051282055,0.0002984183825723665,0.000546000546000546,0.11666666666666665,1,2,3
0.09504504504504503,0.3372127723067741,0.13916162295449452,0.11666666666666665,1,1,2
0.0032051282051282055,0.0002984183825723665,0.000546000546000546,0.11666666666666665,1,3,3
0.012345679012345678,0.0002981514609421586,0.0005822416302765648,0.11666666666666665,1,3,4
0.09504504504504503,0.3372127723067741,0.13916162295449452,0.11666666666666665,1,2,2
0.09504504504504503,0.3372127723067741,0.13916162295449452,0.11666666666666665,1,3,2
0.7000000000000001,0.00029895366218236175,0.0005925925925925926,0.11666666666666665,1,4,5
0.012345679012345678,0.0002981514609421586,0.0005822416302765648,0.11666666666666665,1,4,4
0.7000000000000001,0.00029895366218236175,0.0005925925925925926,0.11666666666666665,1,3,5
0.0032051282051282055,0.0002984183825723665,0.000546000546000546,0.11666666666666665,1,4,3
0.03601079286010793,0.34081388390185513,0.062030562030562036,0.11666666666666665,1,1,1
0.0032051282051282055,0.0002984183825723665,0.000546000546000546,0.11666666666666665,1,5,3
0.012345679012345678,0.0002981514609421586,0.0005822416302765648,0.11666666666666665,1,5,4
0.03601079286010793,0.34081388390185513,0.062030562030562036,0.11666666666666665,1,2,1
0.09504504504504503,0.3372127723067741,0.13916162295449452,0.11666666666666665,1,4,2
0.7000000000000001,0.00029895366218236175,0.0005925925925925926,0.11666666666666665,1,5,5
0.12190247801758593,0.33602150537634407,0.1709708273553324,0.11666666666666665,1,5,2
0.012345679012345678,0.0002981514609421586,0.0005822416302765648,0.11666666666666665,1,6,4
0.7000000000000001,0.00029895366218236175,0.0005925925925925926,0.11666666666666665,1,6,5
0.0032051282051282055,0.0002984183825723665,0.000546000546000546,0.11666666666666665,1,6,3
0.12190247801758593,0.33602150537634407,0.1709708273553324,0.11666666666666665,1,6,2
0.038700564971751415,0.3390134529147982,0.06612530534099162,0.11666666666666665,1,4,1
0.012345679012345678,0.0002981514609421586,0.0005822416302765648,0.11666666666666665,1,7,4
0.038700564971751415,0.3390134529147982,0.06612530534099162,0.11666666666666665,1,3,1
0.0032051282051282055,0.0002984183825723665,0.000546000546000546,0.11666666666666665,1,7,3
0.7000000000000001,0.00029895366218236175,0.0005925925925925926,0.11666666666666665,1,7,5
0.12190247801758593,0.33602150537634407,0.1709708273553324,0.11666666666666665,1,7,2
0.012345679012345678,0.0002981514609421586,0.0005822416302765648,0.11666666666666665,1,8,4
0.03795309168443497,0.3372127723067741,0.06482341664823417,0.11666666666666665,1,5,1
0.7000000000000001,0.00029895366218236175,0.0005925925925925926,0.11666666666666665,1,8,5
0.012345679012345678,0.0002981514609421586,0.0005822416302765648,0.11666666666666665,1,9,4
0.0045662100456621,0.0002984183825723665,0.0005602240896358543,0.11666666666666665,1,9,3
0.12190247801758593,0.33602150537634407,0.1709708273553324,0.11666666666666665,1,8,2
0.0032051282051282055,0.0002984183825723665,0.000546000546000546,0.11666666666666665,1,8,3
0.003911342894393742,0.0026857654431512983,0.003184713375796179,0.11666666666666665,1,7,1
0.0075075075075075074,0.0014920919128618322,0.0024894199651481204,0.11666666666666665,1,9,2
0.7000000000000001,0.00029895366218236175,0.0005925925925925926,0.11666666666666665,1,9,5
0.03795309168443497,0.3372127723067741,0.06482341664823417,0.11666666666666665,1,6,1
0.003911342894393742,0.0026857654431512983,0.003184713375796179,0.11666666666666665,1,8,1
0.7000000000000001,0.00029895366218236175,0.0005925925925925926,0.11666666666666665,1,10,5
0.012345679012345678,0.0002981514609421586,0.0005822416302765648,0.11666666666666665,1,10,4
0.0045662100456621,0.0002984183825723665,0.0005602240896358543,0.11666666666666665,1,10,3
0.0075075075075075074,0.0014920919128618322,0.0024894199651481204,0.11666666666666665,1,10,2
0.0031999999999999997,0.0017889087656529515,0.0022948938611589216,0.11666666666666665,1,9,1
0.7000000000000001,0.00029895366218236175,0.0005925925925925926,0.11666666666666665,1,11,5
0.0031999999999999997,0.0017889087656529515,0.0022948938611589216,0.11666666666666665,1,10,1
0.012345679012345678,0.0002981514609421586,0.0005822416302765648,0.11666666666666665,1,11,4
0.0075075075075075074,0.0014920919128618322,0.0024894199651481204,0.11666666666666665,1,11,2
0.0045662100456621,0.0002984183825723665,0.0005602240896358543,0.11666666666666665,1,11,3
0.012345679012345678,0.0002981514609421586,0.0005822416302765648,0.11666666666666665,2,1,4
0.004057971014492754,0.0020870602265951103,0.002756448119708604,0.11666666666666665,1,11,1
0.7000000000000001,0.00029895366218236175,0.0005925925925925926,0.11666666666666665,2,1,5
0.0032051282051282055,0.0002984183825723665,0.000546000546000546,0.11666666666666665,2,1,3
0.7000000000000001,0.00029895366218236175,0.0005925925925925926,0.11666666666666665,2,2,5
0.09504504504504503,0.3372127723067741,0.13916162295449452,0.11666666666666665,2,1,2
0.012345679012345678,0.0002981514609421586,0.0005822416302765648,0.11666666666666665,2,2,4
0.0032051282051282055,0.0002984183825723665,0.000546000546000546,0.11666666666666665,2,2,3
0.7000000000000001,0.00029895366218236175,0.0005925925925925926,0.11666666666666665,2,3,5
0.012345679012345678,0.0002981514609421586,0.0005822416302765648,0.11666666666666665,2,3,4
0.0032051282051282055,0.0002984183825723665,0.000546000546000546,0.11666666666666665,2,3,3
0.09504504504504503,0.3372127723067741,0.13916162295449452,0.11666666666666665,2,2,2
0.7000000000000001,0.00029895366218236175,0.0005925925925925926,0.11666666666666665,2,4,5
0.09504504504504503,0.3372127723067741,0.13916162295449452,0.11666666666666665,2,3,2
0.0032051282051282055,0.0002984183825723665,0.000546000546000546,0.11666666666666665,2,4,3
0.012345679012345678,0.0002981514609421586,0.0005822416302765648,0.11666666666666665,2,4,4
0.09504504504504503,0.3372127723067741,0.13916162295449452,0.11666666666666665,2,4,2
0.03601079286010793,0.34081388390185513,0.062030562030562036,0.11666666666666665,2,1,1
0.0032051282051282055,0.0002984183825723665,0.000546000546000546,0.11666666666666665,2,5,3
0.7000000000000001,0.00029895366218236175,0.0005925925925925926,0.11666666666666665,2,5,5
0.012345679012345678,0.0002981514609421586,0.0005822416302765648,0.11666666666666665,2,5,4
0.03601079286010793,0.34081388390185513,0.062030562030562036,0.11666666666666665,2,2,1
0.12190247801758593,0.33602150537634407,0.1709708273553324,0.11666666666666665,2,5,2
0.038700564971751415,0.3390134529147982,0.06612530534099162,0.11666666666666665,2,3,1
0.012345679012345678,0.0002981514609421586,0.0005822416302765648,0.11666666666666665,2,6,4
0.7000000000000001,0.00029895366218236175,0.0005925925925925926,0.11666666666666665,2,6,5
0.038700564971751415,0.3390134529147982,0.06612530534099162,0.11666666666666665,2,4,1
0.0032051282051282055,0.0002984183825723665,0.000546000546000546,0.11666666666666665,2,6,3
0.12190247801758593,0.33602150537634407,0.1709708273553324,0.11666666666666665,2,6,2
0.03795309168443497,0.3372127723067741,0.06482341664823417,0.11666666666666665,2,5,1
0.012345679012345678,0.0002981514609421586,0.0005822416302765648,0.11666666666666665,2,7,4
0.7000000000000001,0.00029895366218236175,0.0005925925925925926,0.11666666666666665,2,7,5
0.0032051282051282055,0.0002984183825723665,0.000546000546000546,0.11666666666666665,2,7,3
0.12190247801758593,0.33602150537634407,0.1709708273553324,0.11666666666666665,2,7,2
0.7000000000000001,0.00029895366218236175,0.0005925925925925926,0.11666666666666665,2,8,5
0.012345679012345678,0.0002981514609421586,0.0005822416302765648,0.11666666666666665,2,8,4
0.03795309168443497,0.3372127723067741,0.06482341664823417,0.11666666666666665,2,6,1
0.0032051282051282055,0.0002984183825723665,0.000546000546000546,0.11666666666666665,2,8,3
0.7000000000000001,0.00029895366218236175,0.0005925925925925926,0.11666666666666665,2,9,5
0.12190247801758593,0.33602150537634407,0.1709708273553324,0.11666666666666665,2,8,2
0.012345679012345678,0.0002981514609421586,0.0005822416302765648,0.11666666666666665,2,9,4
0.003911342894393742,0.0026857654431512983,0.003184713375796179,0.11666666666666665,2,7,1
0.0045662100456621,0.0002984183825723665,0.0005602240896358543,0.11666666666666665,2,9,3
0.0075075075075075074,0.0014920919128618322,0.0024894199651481204,0.11666666666666665,2,9,2
0.7000000000000001,0.00029895366218236175,0.0005925925925925926,0.11666666666666665,2,10,5
0.003911342894393742,0.0026857654431512983,0.003184713375796179,0.11666666666666665,2,8,1
0.012345679012345678,0.0002981514609421586,0.0005822416302765648,0.11666666666666665,2,10,4
0.0045662100456621,0.0002984183825723665,0.0005602240896358543,0.11666666666666665,2,10,3
0.0031999999999999997,0.0017889087656529515,0.0022948938611589216,0.11666666666666665,2,9,1
0.0075075075075075074,0.0014920919128618322,0.0024894199651481204,0.11666666666666665,2,10,2
0.012345679012345678,0.0002981514609421586,0.0005822416302765648,0.11666666666666665,2,11,4
0.7000000000000001,0.00029895366218236175,0.0005925925925925926,0.11666666666666665,2,11,5
0.0045662100456621,0.0002984183825723665,0.0005602240896358543,0.11666666666666665,2,11,3
0.0031999999999999997,0.0017889087656529515,0.0022948938611589216,0.11666666666666665,2,10,1
0.0075075075075075074,0.0014920919128618322,0.0024894199651481204,0.11666666666666665,2,11,2
0.012345679012345678,0.0002981514609421586,0.0005822416302765648,0.11666666666666665,3,1,4
0.7000000000000001,0.00029895366218236175,0.0005925925925925926,0.11666666666666665,3,1,5
0.0032051282051282055,0.0002984183825723665,0.000546000546000546,0.11666666666666665,3,1,3
0.004057971014492754,0.0020870602265951103,0.002756448119708604,0.11666666666666665,2,11,1
0.012345679012345678,0.0002981514609421586,0.0005822416302765648,0.11666666666666665,3,2,4
0.7000000000000001,0.00029895366218236175,0.0005925925925925926,0.11666666666666665,3,2,5
0.09504504504504503,0.3372127723067741,0.13916162295449452,0.11666666666666665,3,1,2
0.0032051282051282055,0.0002984183825723665,0.000546000546000546,0.11666666666666665,3,2,3
0.7000000000000001,0.00029895366218236175,0.0005925925925925926,0.11666666666666665,3,3,5
0.012345679012345678,0.0002981514609421586,0.0005822416302765648,0.11666666666666665,3,3,4
0.09504504504504503,0.3372127723067741,0.13916162295449452,0.11666666666666665,3,2,2
0.0032051282051282055,0.0002984183825723665,0.000546000546000546,0.11666666666666665,3,3,3
0.7000000000000001,0.00029895366218236175,0.0005925925925925926,0.11666666666666665,3,4,5
0.012345679012345678,0.0002981514609421586,0.0005822416302765648,0.11666666666666665,3,4,4
0.03601079286010793,0.34081388390185513,0.062030562030562036,0.11666666666666665,3,1,1
0.0032051282051282055,0.0002984183825723665,0.000546000546000546,0.11666666666666665,3,4,3
0.09504504504504503,0.3372127723067741,0.13916162295449452,0.11666666666666665,3,3,2
0.7000000000000001,0.00029895366218236175,0.0005925925925925926,0.11666666666666665,3,5,5
0.09504504504504503,0.3372127723067741,0.13916162295449452,0.11666666666666665,3,4,2
0.012345679012345678,0.0002981514609421586,0.0005822416302765648,0.11666666666666665,3,5,4
0.03601079286010793,0.34081388390185513,0.062030562030562036,0.11666666666666665,3,2,1
0.0032051282051282055,0.0002984183825723665,0.000546000546000546,0.11666666666666665,3,5,3
0.038700564971751415,0.3390134529147982,0.06612530534099162,0.11666666666666665,3,3,1
0.12190247801758593,0.33602150537634407,0.1709708273553324,0.11666666666666665,3,5,2
0.7000000000000001,0.00029895366218236175,0.0005925925925925926,0.11666666666666665,3,6,5
0.012345679012345678,0.0002981514609421586,0.0005822416302765648,0.11666666666666665,3,6,4
0.038700564971751415,0.3390134529147982,0.06612530534099162,0.11666666666666665,3,4,1
0.0032051282051282055,0.0002984183825723665,0.000546000546000546,0.11666666666666665,3,6,3
0.12190247801758593,0.33602150537634407,0.1709708273553324,0.11666666666666665,3,6,2
0.03795309168443497,0.3372127723067741,0.06482341664823417,0.11666666666666665,3,5,1
0.012345679012345678,0.0002981514609421586,0.0005822416302765648,0.11666666666666665,3,7,4
0.7000000000000001,0.00029895366218236175,0.0005925925925925926,0.11666666666666665,3,7,5
0.0032051282051282055,0.0002984183825723665,0.000546000546000546,0.11666666666666665,3,7,3
0.03795309168443497,0.3372127723067741,0.06482341664823417,0.11666666666666665,3,6,1
0.012345679012345678,0.0002981514609421586,0.0005822416302765648,0.11666666666666665,3,8,4
0.7000000000000001,0.00029895366218236175,0.0005925925925925926,0.11666666666666665,3,8,5
0.12190247801758593,0.33602150537634407,0.1709708273553324,0.11666666666666665,3,7,2
0.0032051282051282055,0.0002984183825723665,0.000546000546000546,0.11666666666666665,3,8,3
0.003911342894393742,0.0026857654431512983,0.003184713375796179,0.11666666666666665,3,7,1
0.12190247801758593,0.33602150537634407,0.1709708273553324,0.11666666666666665,3,8,2
0.7000000000000001,0.00029895366218236175,0.0005925925925925926,0.11666666666666665,3,9,5
0.012345679012345678,0.0002981514609421586,0.0005822416302765648,0.11666666666666665,3,9,4
0.0045662100456621,0.0002984183825723665,0.0005602240896358543,0.11666666666666665,3,9,3
0.0075075075075075074,0.0014920919128618322,0.0024894199651481204,0.11666666666666665,3,9,2
0.003911342894393742,0.0026857654431512983,0.003184713375796179,0.11666666666666665,3,8,1
0.012345679012345678,0.0002981514609421586,0.0005822416302765648,0.11666666666666665,3,10,4
0.7000000000000001,0.00029895366218236175,0.0005925925925925926,0.11666666666666665,3,10,5
0.0045662100456621,0.0002984183825723665,0.0005602240896358543,0.11666666666666665,3,10,3
0.0075075075075075074,0.0014920919128618322,0.0024894199651481204,0.11666666666666665,3,10,2
0.012345679012345678,0.0002981514609421586,0.0005822416302765648,0.11666666666666665,3,11,4
0.7000000000000001,0.00029895366218236175,0.0005925925925925926,0.11666666666666665,3,11,5
0.0031999999999999997,0.0017889087656529515,0.0022948938611589216,0.11666666666666665,3,9,1
0.0045662100456621,0.0002984183825723665,0.0005602240896358543,0.11666666666666665,3,11,3
0.0075075075075075074,0.0014920919128618322,0.0024894199651481204,0.11666666666666665,3,11,2
0.0031999999999999997,0.0017889087656529515,0.0022948938611589216,0.11666666666666665,3,10,1
0.7000000000000001,0.00029895366218236175,0.0005925925925925926,0.11666666666666665,4,1,5
0.012345679012345678,0.0002981514609421586,0.0005822416302765648,0.11666666666666665,4,1,4
0.0032051282051282055,0.0002984183825723665,0.000546000546000546,0.11666666666666665,4,1,3
0.012345679012345678,0.0002981514609421586,0.0005822416302765648,0.11666666666666665,4,2,4
0.7000000000000001,0.00029895366218236175,0.0005925925925925926,0.11666666666666665,4,2,5
0.004057971014492754,0.0020870602265951103,0.002756448119708604,0.11666666666666665,3,11,1
0.09504504504504503,0.3372127723067741,0.13916162295449452,0.11666666666666665,4,1,2
0.0032051282051282055,0.0002984183825723665,0.000546000546000546,0.11666666666666665,4,2,3
0.7000000000000001,0.00029895366218236175,0.0005925925925925926,0.11666666666666665,4,3,5
0.09504504504504503,0.3372127723067741,0.13916162295449452,0.11666666666666665,4,2,2
0.012345679012345678,0.0002981514609421586,0.0005822416302765648,0.11666666666666665,4,3,4
0.0032051282051282055,0.0002984183825723665,0.000546000546000546,0.11666666666666665,4,3,3
0.7000000000000001,0.00029895366218236175,0.0005925925925925926,0.11666666666666665,4,4,5
0.03601079286010793,0.34081388390185513,0.062030562030562036,0.11666666666666665,4,1,1
0.012345679012345678,0.0002981514609421586,0.0005822416302765648,0.11666666666666665,4,4,4
0.09504504504504503,0.3372127723067741,0.13916162295449452,0.11666666666666665,4,3,2
0.0032051282051282055,0.0002984183825723665,0.000546000546000546,0.11666666666666665,4,4,3
0.09504504504504503,0.3372127723067741,0.13916162295449452,0.11666666666666665,4,4,2
0.012345679012345678,0.0002981514609421586,0.0005822416302765648,0.11666666666666665,4,5,4
0.03601079286010793,0.34081388390185513,0.062030562030562036,0.11666666666666665,4,2,1
0.7000000000000001,0.00029895366218236175,0.0005925925925925926,0.11666666666666665,4,5,5
0.038700564971751415,0.3390134529147982,0.06612530534099162,0.11666666666666665,4,3,1
0.0032051282051282055,0.0002984183825723665,0.000546000546000546,0.11666666666666665,4,5,3
0.12190247801758593,0.33602150537634407,0.1709708273553324,0.11666666666666665,4,5,2
0.7000000000000001,0.00029895366218236175,0.0005925925925925926,0.11666666666666665,4,6,5
0.012345679012345678,0.0002981514609421586,0.0005822416302765648,0.11666666666666665,4,6,4
0.0032051282051282055,0.0002984183825723665,0.000546000546000546,0.11666666666666665,4,6,3
0.038700564971751415,0.3390134529147982,0.06612530534099162,0.11666666666666665,4,4,1
0.12190247801758593,0.33602150537634407,0.1709708273553324,0.11666666666666665,4,6,2
0.7000000000000001,0.00029895366218236175,0.0005925925925925926,0.11666666666666665,4,7,5
0.012345679012345678,0.0002981514609421586,0.0005822416302765648,0.11666666666666665,4,7,4
0.03795309168443497,0.3372127723067741,0.06482341664823417,0.11666666666666665,4,5,1
0.0032051282051282055,0.0002984183825723665,0.000546000546000546,0.11666666666666665,4,7,3
0.12190247801758593,0.33602150537634407,0.1709708273553324,0.11666666666666665,4,7,2
0.012345679012345678,0.0002981514609421586,0.0005822416302765648,0.11666666666666665,4,8,4
0.03795309168443497,0.3372127723067741,0.06482341664823417,0.11666666666666665,4,6,1
0.0032051282051282055,0.0002984183825723665,0.000546000546000546,0.11666666666666665,4,8,3
0.7000000000000001,0.00029895366218236175,0.0005925925925925926,0.11666666666666665,4,8,5
0.003911342894393742,0.0026857654431512983,0.003184713375796179,0.11666666666666665,4,7,1
0.7000000000000001,0.00029895366218236175,0.0005925925925925926,0.11666666666666665,4,9,5
0.012345679012345678,0.0002981514609421586,0.0005822416302765648,0.11666666666666665,4,9,4
0.12190247801758593,0.33602150537634407,0.1709708273553324,0.11666666666666665,4,8,2
0.0045662100456621,0.0002984183825723665,0.0005602240896358543,0.11666666666666665,4,9,3
0.0075075075075075074,0.0014920919128618322,0.0024894199651481204,0.11666666666666665,4,9,2
0.012345679012345678,0.0002981514609421586,0.0005822416302765648,0.11666666666666665,4,10,4
0.7000000000000001,0.00029895366218236175,0.0005925925925925926,0.11666666666666665,4,10,5
0.0045662100456621,0.0002984183825723665,0.0005602240896358543,0.11666666666666665,4,10,3
0.003911342894393742,0.0026857654431512983,0.003184713375796179,0.11666666666666665,4,8,1
0.0075075075075075074,0.0014920919128618322,0.0024894199651481204,0.11666666666666665,4,10,2
0.7000000000000001,0.00029895366218236175,0.0005925925925925926,0.11666666666666665,4,11,5
0.0031999999999999997,0.0017889087656529515,0.0022948938611589216,0.11666666666666665,4,9,1
0.012345679012345678,0.0002981514609421586,0.0005822416302765648,0.11666666666666665,4,11,4
0.0045662100456621,0.0002984183825723665,0.0005602240896358543,0.11666666666666665,4,11,3
0.0031999999999999997,0.0017889087656529515,0.0022948938611589216,0.11666666666666665,4,10,1
0.0075075075075075074,0.0014920919128618322,0.0024894199651481204,0.11666666666666665,4,11,2
0.7000000000000001,0.00029895366218236175,0.0005925925925925926,0.11666666666666665,5,1,5
0.012345679012345678,0.0002981514609421586,0.0005822416302765648,0.11666666666666665,5,1,4
0.0032051282051282055,0.0002984183825723665,0.000546000546000546,0.11666666666666665,5,1,3
0.004057971014492754,0.0020870602265951103,0.002756448119708604,0.11666666666666665,4,11,1
0.7000000000000001,0.00029895366218236175,0.0005925925925925926,0.11666666666666665,5,2,5
0.012345679012345678,0.0002981514609421586,0.0005822416302765648,0.11666666666666665,5,2,4
0.0032051282051282055,0.0002984183825723665,0.000546000546000546,0.11666666666666665,5,2,3
0.09504504504504503,0.3372127723067741,0.13916162295449452,0.11666666666666665,5,1,2
0.7000000000000001,0.00029895366218236175,0.0005925925925925926,0.11666666666666665,5,3,5
0.09504504504504503,0.3372127723067741,0.13916162295449452,0.11666666666666665,5,2,2
0.04223300970873786,0.3399103139013453,0.06817009705096348,0.11666666666666665,5,1,1
0.012345679012345678,0.0002981514609421586,0.0005822416302765648,0.11666666666666665,5,3,4
0.0032051282051282055,0.0002984183825723665,0.000546000546000546,0.11666666666666665,5,3,3
0.7000000000000001,0.00029895366218236175,0.0005925925925925926,0.11666666666666665,5,4,5
0.04223300970873786,0.3399103139013453,0.06817009705096348,0.11666666666666665,5,2,1
0.012345679012345678,0.0002981514609421586,0.0005822416302765648,0.11666666666666665,5,4,4
0.09504504504504503,0.3372127723067741,0.13916162295449452,0.11666666666666665,5,3,2
0.0032051282051282055,0.0002984183825723665,0.000546000546000546,0.11666666666666665,5,4,3
0.09504504504504503,0.3372127723067741,0.13916162295449452,0.11666666666666665,5,4,2
0.05022522522522523,0.3390134529147982,0.08090246580812618,0.11666666666666665,5,3,1
0.0032051282051282055,0.0002984183825723665,0.000546000546000546,0.11666666666666665,5,5,3
0.7000000000000001,0.00029895366218236175,0.0005925925925925926,0.11666666666666665,5,5,5
0.012345679012345678,0.0002981514609421586,0.0005822416302765648,0.11666666666666665,5,5,4
0.12190247801758593,0.33602150537634407,0.1709708273553324,0.11666666666666665,5,5,2
0.012345679012345678,0.0002981514609421586,0.0005822416302765648,0.11666666666666665,5,6,4
0.05022522522522523,0.3390134529147982,0.08090246580812618,0.11666666666666665,5,4,1
0.7000000000000001,0.00029895366218236175,0.0005925925925925926,0.11666666666666665,5,6,5
0.04899887196841512,0.3372127723067741,0.07914823488593979,0.11666666666666665,5,5,1
0.0032051282051282055,0.0002984183825723665,0.000546000546000546,0.11666666666666665,5,6,3
0.012345679012345678,0.0002981514609421586,0.0005822416302765648,0.11666666666666665,5,7,4
0.12190247801758593,0.33602150537634407,0.1709708273553324,0.11666666666666665,5,6,2
0.7000000000000001,0.00029895366218236175,0.0005925925925925926,0.11666666666666665,5,7,5
0.0032051282051282055,0.0002984183825723665,0.000546000546000546,0.11666666666666665,5,7,3
0.04899887196841512,0.3372127723067741,0.07914823488593979,0.11666666666666665,5,6,1
0.7000000000000001,0.00029895366218236175,0.0005925925925925926,0.11666666666666665,5,8,5
0.12190247801758593,0.33602150537634407,0.1709708273553324,0.11666666666666665,5,7,2
0.012345679012345678,0.0002981514609421586,0.0005822416302765648,0.11666666666666665,5,8,4
0.005988023952095808,0.0026857654431512983,0.003708281829419036,0.11666666666666665,5,7,1
0.0032051282051282055,0.0002984183825723665,0.000546000546000546,0.11666666666666665,5,8,3
0.7000000000000001,0.00029895366218236175,0.0005925925925925926,0.11666666666666665,5,9,5
0.012345679012345678,0.0002981514609421586,0.0005822416302765648,0.11666666666666665,5,9,4
0.12190247801758593,0.33602150537634407,0.1709708273553324,0.11666666666666665,5,8,2
0.0045662100456621,0.0002984183825723665,0.0005602240896358543,0.11666666666666665,5,9,3
0.005988023952095808,0.0026857654431512983,0.003708281829419036,0.11666666666666665,5,8,1
0.012345679012345678,0.0002981514609421586,0.0005822416302765648,0.11666666666666665,5,10,4
0.0075075075075075074,0.0014920919128618322,0.0024894199651481204,0.11666666666666665,5,9,2
0.7000000000000001,0.00029895366218236175,0.0005925925925925926,0.11666666666666665,5,10,5
0.0045662100456621,0.0002984183825723665,0.0005602240896358543,0.11666666666666665,5,10,3
0.00477326968973747,0.0017889087656529515,0.002602472348731295,0.11666666666666665,5,9,1
0.0075075075075075074,0.0014920919128618322,0.0024894199651481204,0.11666666666666665,5,10,2
0.00477326968973747,0.0017889087656529515,0.002602472348731295,0.11666666666666665,5,10,1
0.7000000000000001,0.00029895366218236175,0.0005925925925925926,0.11666666666666665,5,11,5
0.012345679012345678,0.0002981514609421586,0.0005822416302765648,0.11666666666666665,5,11,4
0.0045662100456621,0.0002984183825723665,0.0005602240896358543,0.11666666666666665,5,11,3
0.0075075075075075074,0.0014920919128618322,0.0024894199651481204,0.11666666666666665,5,11,2
0.7000000000000001,0.00029895366218236175,0.0005925925925925926,0.11666666666666665,6,1,5
0.012345679012345678,0.0002981514609421586,0.0005822416302765648,0.11666666666666665,6,1,4
0.005952380952380952,0.0020870602265951103,0.003090507726269316,0.11666666666666665,5,11,1
0.0032051282051282055,0.0002984183825723665,0.000546000546000546,0.11666666666666665,6,1,3
0.09504504504504503,0.3372127723067741,0.13916162295449452,0.11666666666666665,6,1,2
0.7000000000000001,0.00029895366218236175,0.0005925925925925926,0.11666666666666665,6,2,5
0.012345679012345678,0.0002981514609421586,0.0005822416302765648,0.11666666666666665,6,2,4
0.0032051282051282055,0.0002984183825723665,0.000546000546000546,0.11666666666666665,6,2,3
0.7000000000000001,0.00029895366218236175,0.0005925925925925926,0.11666666666666665,6,3,5
0.04223300970873786,0.3399103139013453,0.06817009705096348,0.11666666666666665,6,1,1
0.09504504504504503,0.3372127723067741,0.13916162295449452,0.11666666666666665,6,2,2
0.012345679012345678,0.0002981514609421586,0.0005822416302765648,0.11666666666666665,6,3,4
0.0032051282051282055,0.0002984183825723665,0.000546000546000546,0.11666666666666665,6,3,3
0.09504504504504503,0.3372127723067741,0.13916162295449452,0.11666666666666665,6,3,2
0.04223300970873786,0.3399103139013453,0.06817009705096348,0.11666666666666665,6,2,1
0.7000000000000001,0.00029895366218236175,0.0005925925925925926,0.11666666666666665,6,4,5
0.012345679012345678,0.0002981514609421586,0.0005822416302765648,0.11666666666666665,6,4,4
0.0032051282051282055,0.0002984183825723665,0.000546000546000546,0.11666666666666665,6,4,3
0.7000000000000001,0.00029895366218236175,0.0005925925925925926,0.11666666666666665,6,5,5
0.012345679012345678,0.0002981514609421586,0.0005822416302765648,0.11666666666666665,6,5,4
0.05022522522522523,0.3390134529147982,0.08090246580812618,0.11666666666666665,6,3,1
0.09504504504504503,0.3372127723067741,0.13916162295449452,0.11666666666666665,6,4,2
0.0032051282051282055,0.0002984183825723665,0.000546000546000546,0.11666666666666665,6,5,3
0.12190247801758593,0.33602150537634407,0.1709708273553324,0.11666666666666665,6,5,2
0.7000000000000001,0.00029895366218236175,0.0005925925925925926,0.11666666666666665,6,6,5
0.05022522522522523,0.3390134529147982,0.08090246580812618,0.11666666666666665,6,4,1
0.012345679012345678,0.0002981514609421586,0.0005822416302765648,0.11666666666666665,6,6,4
0.0032051282051282055,0.0002984183825723665,0.000546000546000546,0.11666666666666665,6,6,3
0.04899887196841512,0.3372127723067741,0.07914823488593979,0.11666666666666665,6,5,1
0.12190247801758593,0.33602150537634407,0.1709708273553324,0.11666666666666665,6,6,2
0.7000000000000001,0.00029895366218236175,0.0005925925925925926,0.11666666666666665,6,7,5
0.012345679012345678,0.0002981514609421586,0.0005822416302765648,0.11666666666666665,6,7,4
0.0032051282051282055,0.0002984183825723665,0.000546000546000546,0.11666666666666665,6,7,3
0.04899887196841512,0.3372127723067741,0.07914823488593979,0.11666666666666665,6,6,1
0.12190247801758593,0.33602150537634407,0.1709708273553324,0.11666666666666665,6,7,2
0.012345679012345678,0.0002981514609421586,0.0005822416302765648,0.11666666666666665,6,8,4
0.7000000000000001,0.00029895366218236175,0.0005925925925925926,0.11666666666666665,6,8,5
0.0032051282051282055,0.0002984183825723665,0.000546000546000546,0.11666666666666665,6,8,3
0.005988023952095808,0.0026857654431512983,0.003708281829419036,0.11666666666666665,6,7,1
0.7000000000000001,0.00029895366218236175,0.0005925925925925926,0.11666666666666665,6,9,5
0.012345679012345678,0.0002981514609421586,0.0005822416302765648,0.11666666666666665,6,9,4
0.12190247801758593,0.33602150537634407,0.1709708273553324,0.11666666666666665,6,8,2
0.0045662100456621,0.0002984183825723665,0.0005602240896358543,0.11666666666666665,6,9,3
0.005988023952095808,0.0026857654431512983,0.003708281829419036,0.11666666666666665,6,8,1
0.0075075075075075074,0.0014920919128618322,0.0024894199651481204,0.11666666666666665,6,9,2
0.7000000000000001,0.00029895366218236175,0.0005925925925925926,0.11666666666666665,6,10,5
0.012345679012345678,0.0002981514609421586,0.0005822416302765648,0.11666666666666665,6,10,4
0.0045662100456621,0.0002984183825723665,0.0005602240896358543,0.11666666666666665,6,10,3
0.0075075075075075074,0.0014920919128618322,0.0024894199651481204,0.11666666666666665,6,10,2
0.00477326968973747,0.0017889087656529515,0.002602472348731295,0.11666666666666665,6,9,1
0.7000000000000001,0.00029895366218236175,0.0005925925925925926,0.11666666666666665,6,11,5
0.0045662100456621,0.0002984183825723665,0.0005602240896358543,0.11666666666666665,6,11,3
0.012345679012345678,0.0002981514609421586,0.0005822416302765648,0.11666666666666665,6,11,4
0.00477326968973747,0.0017889087656529515,0.002602472348731295,0.11666666666666665,6,10,1
0.0075075075075075074,0.0014920919128618322,0.0024894199651481204,0.11666666666666665,6,11,2
0.005952380952380952,0.0020870602265951103,0.003090507726269316,0.11666666666666665,6,11,1
0.7000000000000001,0.00029895366218236175,0.0005925925925925926,0.11666666666666665,7,1,5
0.012345679012345678,0.0002981514609421586,0.0005822416302765648,0.11666666666666665,7,1,4
0.0032051282051282055,0.0002984183825723665,0.000546000546000546,0.11666666666666665,7,1,3
0.09504504504504503,0.3372127723067741,0.13916162295449452,0.11666666666666665,7,1,2
0.012345679012345678,0.0002981514609421586,0.0005822416302765648,0.11666666666666665,7,2,4
0.7000000000000001,0.00029895366218236175,0.0005925925925925926,0.11666666666666665,7,2,5
0.0032051282051282055,0.0002984183825723665,0.000546000546000546,0.11666666666666665,7,2,3
0.09504504504504503,0.3372127723067741,0.13916162295449452,0.11666666666666665,7,2,2
0.7000000000000001,0.00029895366218236175,0.0005925925925925926,0.11666666666666665,7,3,5
0.04242048740190004,0.3399103139013453,0.0682370005991234,0.11666666666666665,7,1,1
0.012345679012345678,0.0002981514609421586,0.0005822416302765648,0.11666666666666665,7,3,4
0.0032051282051282055,0.0002984183825723665,0.000546000546000546,0.11666666666666665,7,3,3
0.09504504504504503,0.3372127723067741,0.13916162295449452,0.11666666666666665,7,3,2
0.7000000000000001,0.00029895366218236175,0.0005925925925925926,0.11666666666666665,7,4,5
0.0032051282051282055,0.0002984183825723665,0.000546000546000546,0.11666666666666665,7,4,3
0.012345679012345678,0.0002981514609421586,0.0005822416302765648,0.11666666666666665,7,4,4
0.04242048740190004,0.3399103139013453,0.0682370005991234,0.11666666666666665,7,2,1
0.05034246575342466,0.3390134529147982,0.08093947606142728,0.11666666666666665,7,3,1
0.09504504504504503,0.3372127723067741,0.13916162295449452,0.11666666666666665,7,4,2
0.0032051282051282055,0.0002984183825723665,0.000546000546000546,0.11666666666666665,7,5,3
0.012345679012345678,0.0002981514609421586,0.0005822416302765648,0.11666666666666665,7,5,4
0.7000000000000001,0.00029895366218236175,0.0005925925925925926,0.11666666666666665,7,5,5
0.12190247801758593,0.33602150537634407,0.1709708273553324,0.11666666666666665,7,5,2
0.05034246575342466,0.3390134529147982,0.08093947606142728,0.11666666666666665,7,4,1
0.012345679012345678,0.0002981514609421586,0.0005822416302765648,0.11666666666666665,7,6,4
0.7000000000000001,0.00029895366218236175,0.0005925925925925926,0.11666666666666665,7,6,5
0.0032051282051282055,0.0002984183825723665,0.000546000546000546,0.11666666666666665,7,6,3
0.04909948542024014,0.3372127723067741,0.07917211328976034,0.11666666666666665,7,5,1
0.12190247801758593,0.33602150537634407,0.1709708273553324,0.11666666666666665,7,6,2
0.7000000000000001,0.00029895366218236175,0.0005925925925925926,0.11666666666666665,7,7,5
0.012345679012345678,0.0002981514609421586,0.0005822416302765648,0.11666666666666665,7,7,4
0.0032051282051282055,0.0002984183825723665,0.000546000546000546,0.11666666666666665,7,7,3
0.04909948542024014,0.3372127723067741,0.07917211328976034,0.11666666666666665,7,6,1
0.7000000000000001,0.00029895366218236175,0.0005925925925925926,0.11666666666666665,7,8,5
0.012345679012345678,0.0002981514609421586,0.0005822416302765648,0.11666666666666665,7,8,4
0.12190247801758593,0.33602150537634407,0.1709708273553324,0.11666666666666665,7,7,2
0.0032051282051282055,0.0002984183825723665,0.000546000546000546,0.11666666666666665,7,8,3
0.12190247801758593,0.33602150537634407,0.1709708273553324,0.11666666666666665,7,8,2
0.006048387096774194,0.0026857654431512983,0.003719776813391196,0.11666666666666665,7,7,1
0.012345679012345678,0.0002981514609421586,0.0005822416302765648,0.11666666666666665,7,9,4
0.7000000000000001,0.00029895366218236175,0.0005925925925925926,0.11666666666666665,7,9,5
0.0045662100456621,0.0002984183825723665,0.0005602240896358543,0.11666666666666665,7,9,3
0.006048387096774194,0.0026857654431512983,0.003719776813391196,0.11666666666666665,7,8,1
0.0075075075075075074,0.0014920919128618322,0.0024894199651481204,0.11666666666666665,7,9,2
0.012345679012345678,0.0002981514609421586,0.0005822416302765648,0.11666666666666665,7,10,4
0.7000000000000001,0.00029895366218236175,0.0005925925925925926,0.11666666666666665,7,10,5
0.0045662100456621,0.0002984183825723665,0.0005602240896358543,0.11666666666666665,7,10,3
0.0075075075075075074,0.0014920919128618322,0.0024894199651481204,0.11666666666666665,7,10,2
0.004830917874396135,0.0017889087656529515,0.002610966057441253,0.11666666666666665,7,9,1
0.0045662100456621,0.0002984183825723665,0.0005602240896358543,0.11666666666666665,7,11,3
0.012345679012345678,0.0002981514609421586,0.0005822416302765648,0.11666666666666665,7,11,4
0.004830917874396135,0.0017889087656529515,0.002610966057441253,0.11666666666666665,7,10,1
0.7000000000000001,0.00029895366218236175,0.0005925925925925926,0.11666666666666665,7,11,5
0.0075075075075075074,0.0014920919128618322,0.0024894199651481204,0.11666666666666665,7,11,2
0.012345679012345678,0.0002981514609421586,0.0005822416302765648,0.11666666666666665,8,1,4
0.7000000000000001,0.00029895366218236175,0.0005925925925925926,0.11666666666666665,8,1,5
0.0032051282051282055,0.0002984183825723665,0.000546000546000546,0.11666666666666665,8,1,3
0.00602928509905254,0.0020870602265951103,0.0031007751937984496,0.11666666666666665,7,11,1
0.7000000000000001,0.00029895366218236175,0.0005925925925925926,0.11666666666666665,8,2,5
0.012345679012345678,0.0002981514609421586,0.0005822416302765648,0.11666666666666665,8,2,4
0.0032051282051282055,0.0002984183825723665,0.000546000546000546,0.11666666666666665,8,2,3
0.09504504504504503,0.3372127723067741,0.13916162295449452,0.11666666666666665,8,1,2
0.7000000000000001,0.00029895366218236175,0.0005925925925925926,0.11666666666666665,8,3,5
0.09504504504504503,0.3372127723067741,0.13916162295449452,0.11666666666666665,8,2,2
0.0032051282051282055,0.0002984183825723665,0.000546000546000546,0.11666666666666665,8,3,3
0.012345679012345678,0.0002981514609421586,0.0005822416302765648,0.11666666666666665,8,3,4
0.04242048740190004,0.3399103139013453,0.0682370005991234,0.11666666666666665,8,1,1
0.09504504504504503,0.3372127723067741,0.13916162295449452,0.11666666666666665,8,3,2
0.012345679012345678,0.0002981514609421586,0.0005822416302765648,0.11666666666666665,8,4,4
0.04242048740190004,0.3399103139013453,0.0682370005991234,0.11666666666666665,8,2,1
0.0032051282051282055,0.0002984183825723665,0.000546000546000546,0.11666666666666665,8,4,3
0.7000000000000001,0.00029895366218236175,0.0005925925925925926,0.11666666666666665,8,4,5
0.09504504504504503,0.3372127723067741,0.13916162295449452,0.11666666666666665,8,4,2
0.05034246575342466,0.3390134529147982,0.08093947606142728,0.11666666666666665,8,3,1
0.012345679012345678,0.0002981514609421586,0.0005822416302765648,0.11666666666666665,8,5,4
0.0032051282051282055,0.0002984183825723665,0.000546000546000546,0.11666666666666665,8,5,3
0.7000000000000001,0.00029895366218236175,0.0005925925925925926,0.11666666666666665,8,5,5
0.12190247801758593,0.33602150537634407,0.1709708273553324,0.11666666666666665,8,5,2
0.05034246575342466,0.3390134529147982,0.08093947606142728,0.11666666666666665,8,4,1
0.7000000000000001,0.00029895366218236175,0.0005925925925925926,0.11666666666666665,8,6,5
0.012345679012345678,0.0002981514609421586,0.0005822416302765648,0.11666666666666665,8,6,4
0.04909948542024014,0.3372127723067741,0.07917211328976034,0.11666666666666665,8,5,1
0.0032051282051282055,0.0002984183825723665,0.000546000546000546,0.11666666666666665,8,6,3
0.12190247801758593,0.33602150537634407,0.1709708273553324,0.11666666666666665,8,6,2
0.7000000000000001,0.00029895366218236175,0.0005925925925925926,0.11666666666666665,8,7,5
0.012345679012345678,0.0002981514609421586,0.0005822416302765648,0.11666666666666665,8,7,4
0.0032051282051282055,0.0002984183825723665,0.000546000546000546,0.11666666666666665,8,7,3
0.04909948542024014,0.3372127723067741,0.07917211328976034,0.11666666666666665,8,6,1
0.7000000000000001,0.00029895366218236175,0.0005925925925925926,0.11666666666666665,8,8,5
0.012345679012345678,0.0002981514609421586,0.0005822416302765648,0.11666666666666665,8,8,4
0.12190247801758593,0.33602150537634407,0.1709708273553324,0.11666666666666665,8,7,2
0.0032051282051282055,0.0002984183825723665,0.000546000546000546,0.11666666666666665,8,8,3
0.006048387096774194,0.0026857654431512983,0.003719776813391196,0.11666666666666665,8,7,1
0.12190247801758593,0.33602150537634407,0.1709708273553324,0.11666666666666665,8,8,2
0.012345679012345678,0.0002981514609421586,0.0005822416302765648,0.11666666666666665,8,9,4
0.7000000000000001,0.00029895366218236175,0.0005925925925925926,0.11666666666666665,8,9,5
0.0045662100456621,0.0002984183825723665,0.0005602240896358543,0.11666666666666665,8,9,3
0.006048387096774194,0.0026857654431512983,0.003719776813391196,0.11666666666666665,8,8,1
0.0075075075075075074,0.0014920919128618322,0.0024894199651481204,0.11666666666666665,8,9,2
0.012345679012345678,0.0002981514609421586,0.0005822416302765648,0.11666666666666665,8,10,4
0.7000000000000001,0.00029895366218236175,0.0005925925925925926,0.11666666666666665,8,10,5
0.0045662100456621,0.0002984183825723665,0.0005602240896358543,0.11666666666666665,8,10,3
0.004830917874396135,0.0017889087656529515,0.002610966057441253,0.11666666666666665,8,9,1
0.0075075075075075074,0.0014920919128618322,0.0024894199651481204,0.11666666666666665,8,10,2
0.7000000000000001,0.00029895366218236175,0.0005925925925925926,0.11666666666666665,8,11,5
0.012345679012345678,0.0002981514609421586,0.0005822416302765648,0.11666666666666665,8,11,4
0.0045662100456621,0.0002984183825723665,0.0005602240896358543,0.11666666666666665,8,11,3
0.004830917874396135,0.0017889087656529515,0.002610966057441253,0.11666666666666665,8,10,1
0.0075075075075075074,0.0014920919128618322,0.0024894199651481204,0.11666666666666665,8,11,2
0.7000000000000001,0.00029895366218236175,0.0005925925925925926,0.11666666666666665,9,1,5
0.012345679012345678,0.0002981514609421586,0.0005822416302765648,0.11666666666666665,9,1,4
0.0032051282051282055,0.0002984183825723665,0.000546000546000546,0.11666666666666665,9,1,3
0.00602928509905254,0.0020870602265951103,0.0031007751937984496,0.11666666666666665,8,11,1
0.5176282051282052,0.3366159355416294,0.22775681341719076,0.11666666666666665,9,1,2
0.7000000000000001,0.00029895366218236175,0.0005925925925925926,0.11666666666666665,9,2,5
0.012345679012345678,0.0002981514609421586,0.0005822416302765648,0.11666666666666665,9,2,4
0.0032051282051282055,0.0002984183825723665,0.000546000546000546,0.11666666666666665,9,2,3
0.07243319268635724,0.3393124065769806,0.10406811731315042,0.11666666666666665,9,1,1
0.5176282051282052,0.3366159355416294,0.22775681341719076,0.11666666666666665,9,2,2
0.012345679012345678,0.0002981514609421586,0.0005822416302765648,0.11666666666666665,9,3,4
0.7000000000000001,0.00029895366218236175,0.0005925925925925926,0.11666666666666665,9,3,5
0.0032051282051282055,0.0002984183825723665,0.000546000546000546,0.11666666666666665,9,3,3
0.07243319268635724,0.3393124065769806,0.10406811731315042,0.11666666666666665,9,2,1
0.5176282051282052,0.3366159355416294,0.22775681341719076,0.11666666666666665,9,3,2
0.012345679012345678,0.0002981514609421586,0.0005822416302765648,0.11666666666666665,9,4,4
0.7000000000000001,0.00029895366218236175,0.0005925925925925926,0.11666666666666665,9,4,5
0.0032051282051282055,0.0002984183825723665,0.000546000546000546,0.11666666666666665,9,4,3
0.09908136482939633,0.3387144992526159,0.1413547237076649,0.11666666666666665,9,3,1
0.5176282051282052,0.3366159355416294,0.22775681341719076,0.11666666666666665,9,4,2
0.7000000000000001,0.00029895366218236175,0.0005925925925925926,0.11666666666666665,9,5,5
0.012345679012345678,0.0002981514609421586,0.0005822416302765648,0.11666666666666665,9,5,4
0.0032051282051282055,0.0002984183825723665,0.000546000546000546,0.11666666666666665,9,5,3
0.5149812734082397,0.33572281959378736,0.2263438090331444,0.11666666666666665,9,5,2
0.09908136482939633,0.3387144992526159,0.1413547237076649,0.11666666666666665,9,4,1
0.7000000000000001,0.00029895366218236175,0.0005925925925925926,0.11666666666666665,9,6,5
0.0786427145708583,0.3369143539242017,0.1166245501186921,0.11666666666666665,9,5,1
0.012345679012345678,0.0002981514609421586,0.0005822416302765648,0.11666666666666665,9,6,4
0.0032051282051282055,0.0002984183825723665,0.000546000546000546,0.11666666666666665,9,6,3
0.5149812734082397,0.33572281959378736,0.2263438090331444,0.11666666666666665,9,6,2
0.0032051282051282055,0.0002984183825723665,0.000546000546000546,0.11666666666666665,9,7,3
0.012345679012345678,0.0002981514609421586,0.0005822416302765648,0.11666666666666665,9,7,4
0.5149812734082397,0.33572281959378736,0.2263438090331444,0.11666666666666665,9,7,2
0.7000000000000001,0.00029895366218236175,0.0005925925925925926,0.11666666666666665,9,7,5
0.0786427145708583,0.3369143539242017,0.1166245501186921,0.11666666666666665,9,6,1
0.012345679012345678,0.0002981514609421586,0.0005822416302765648,0.11666666666666665,9,8,4
0.00974025974025974,0.0026857654431512983,0.0042105263157894745,0.11666666666666665,9,7,1
0.5149812734082397,0.33572281959378736,0.2263438090331444,0.11666666666666665,9,8,2
0.0032051282051282055,0.0002984183825723665,0.000546000546000546,0.11666666666666665,9,8,3
0.7000000000000001,0.00029895366218236175,0.0005925925925925926,0.11666666666666665,9,8,5
0.012345679012345678,0.0002981514609421586,0.0005822416302765648,0.11666666666666665,9,9,4
0.0045662100456621,0.0002984183825723665,0.0005602240896358543,0.11666666666666665,9,9,3
0.7000000000000001,0.00029895366218236175,0.0005925925925925926,0.11666666666666665,9,9,5
0.00974025974025974,0.0026857654431512983,0.0042105263157894745,0.11666666666666665,9,8,1
0.34252873563218394,0.001193673530289466,0.002113048071843634,0.11666666666666665,9,9,2
0.012345679012345678,0.0002981514609421586,0.0005822416302765648,0.11666666666666665,9,10,4
0.7000000000000001,0.00029895366218236175,0.0005925925925925926,0.11666666666666665,9,10,5
0.007407407407407408,0.0017889087656529515,0.002881844380403458,0.11666666666666665,9,9,1
0.0045662100456621,0.0002984183825723665,0.0005602240896358543,0.11666666666666665,9,10,3
0.34252873563218394,0.001193673530289466,0.002113048071843634,0.11666666666666665,9,10,2
0.7000000000000001,0.00029895366218236175,0.0005925925925925926,0.11666666666666665,9,11,5
0.012345679012345678,0.0002981514609421586,0.0005822416302765648,0.11666666666666665,9,11,4
0.0045662100456621,0.0002984183825723665,0.0005602240896358543,0.11666666666666665,9,11,3
0.007407407407407408,0.0017889087656529515,0.002881844380403458,0.11666666666666665,9,10,1
0.34252873563218394,0.001193673530289466,0.002113048071843634,0.11666666666666665,9,11,2
0.012345679012345678,0.0002981514609421586,0.0005822416302765648,0.11666666666666665,10,1,4
0.7000000000000001,0.00029895366218236175,0.0005925925925925926,0.11666666666666665,10,1,5
0.0032051282051282055,0.0002984183825723665,0.000546000546000546,0.11666666666666665,10,1,3
0.009150326797385621,0.0020870602265951103,0.0033988832240835153,0.11666666666666665,9,11,1
0.5176282051282052,0.3366159355416294,0.22775681341719076,0.11666666666666665,10,1,2
0.7000000000000001,0.00029895366218236175,0.0005925925925925926,0.11666666666666665,10,2,5
0.012345679012345678,0.0002981514609421586,0.0005822416302765648,0.11666666666666665,10,2,4
0.0032051282051282055,0.0002984183825723665,0.000546000546000546,0.11666666666666665,10,2,3
0.07243319268635724,0.3393124065769806,0.10406811731315042,0.11666666666666665,10,1,1
0.5176282051282052,0.3366159355416294,0.22775681341719076,0.11666666666666665,10,2,2
0.0032051282051282055,0.0002984183825723665,0.000546000546000546,0.11666666666666665,10,3,3
0.7000000000000001,0.00029895366218236175,0.0005925925925925926,0.11666666666666665,10,3,5
0.012345679012345678,0.0002981514609421586,0.0005822416302765648,0.11666666666666665,10,3,4
0.5176282051282052,0.3366159355416294,0.22775681341719076,0.11666666666666665,10,3,2
0.07243319268635724,0.3393124065769806,0.10406811731315042,0.11666666666666665,10,2,1
0.7000000000000001,0.00029895366218236175,0.0005925925925925926,0.11666666666666665,10,4,5
0.012345679012345678,0.0002981514609421586,0.0005822416302765648,0.11666666666666665,10,4,4
0.0032051282051282055,0.0002984183825723665,0.000546000546000546,0.11666666666666665,10,4,3
0.09908136482939633,0.3387144992526159,0.1413547237076649,0.11666666666666665,10,3,1
0.5176282051282052,0.3366159355416294,0.22775681341719076,0.11666666666666665,10,4,2
0.7000000000000001,0.00029895366218236175,0.0005925925925925926,0.11666666666666665,10,5,5
0.012345679012345678,0.0002981514609421586,0.0005822416302765648,0.11666666666666665,10,5,4
0.0032051282051282055,0.0002984183825723665,0.000546000546000546,0.11666666666666665,10,5,3
0.5149812734082397,0.33572281959378736,0.2263438090331444,0.11666666666666665,10,5,2
0.09908136482939633,0.3387144992526159,0.1413547237076649,0.11666666666666665,10,4,1
0.7000000000000001,0.00029895366218236175,0.0005925925925925926,0.11666666666666665,10,6,5
0.012345679012345678,0.0002981514609421586,0.0005822416302765648,0.11666666666666665,10,6,4
0.0032051282051282055,0.0002984183825723665,0.000546000546000546,0.11666666666666665,10,6,3
0.0786427145708583,0.3369143539242017,0.1166245501186921,0.11666666666666665,10,5,1
0.5149812734082397,0.33572281959378736,0.2263438090331444,0.11666666666666665,10,6,2
0.7000000000000001,0.00029895366218236175,0.0005925925925925926,0.11666666666666665,10,7,5
0.012345679012345678,0.0002981514609421586,0.0005822416302765648,0.11666666666666665,10,7,4
0.0032051282051282055,0.0002984183825723665,0.000546000546000546,0.11666666666666665,10,7,3
0.0786427145708583,0.3369143539242017,0.1166245501186921,0.11666666666666665,10,6,1
0.5149812734082397,0.33572281959378736,0.2263438090331444,0.11666666666666665,10,7,2
0.0032051282051282055,0.0002984183825723665,0.000546000546000546,0.11666666666666665,10,8,3
0.7000000000000001,0.00029895366218236175,0.0005925925925925926,0.11666666666666665,10,8,5
0.012345679012345678,0.0002981514609421586,0.0005822416302765648,0.11666666666666665,10,8,4
0.00974025974025974,0.0026857654431512983,0.0042105263157894745,0.11666666666666665,10,7,1
0.5149812734082397,0.33572281959378736,0.2263438090331444,0.11666666666666665,10,8,2
0.7000000000000001,0.00029895366218236175,0.0005925925925925926,0.11666666666666665,10,9,5
0.0045662100456621,0.0002984183825723665,0.0005602240896358543,0.11666666666666665,10,9,3
0.012345679012345678,0.0002981514609421586,0.0005822416302765648,0.11666666666666665,10,9,4
0.00974025974025974,0.0026857654431512983,0.0042105263157894745,0.11666666666666665,10,8,1
0.34252873563218394,0.001193673530289466,0.002113048071843634,0.11666666666666665,10,9,2
0.0045662100456621,0.0002984183825723665,0.0005602240896358543,0.11666666666666665,10,10,3
0.7000000000000001,0.00029895366218236175,0.0005925925925925926,0.11666666666666665,10,10,5
0.007407407407407408,0.0017889087656529515,0.002881844380403458,0.11666666666666665,10,9,1
0.012345679012345678,0.0002981514609421586,0.0005822416302765648,0.11666666666666665,10,10,4
0.34252873563218394,0.001193673530289466,0.002113048071843634,0.11666666666666665,10,10,2
0.0045662100456621,0.0002984183825723665,0.0005602240896358543,0.11666666666666665,10,11,3
0.012345679012345678,0.0002981514609421586,0.0005822416302765648,0.11666666666666665,10,11,4
0.7000000000000001,0.00029895366218236175,0.0005925925925925926,0.11666666666666665,10,11,5
0.007407407407407408,0.0017889087656529515,0.002881844380403458,0.11666666666666665,10,10,1
0.34252873563218394,0.001193673530289466,0.002113048071843634,0.11666666666666665,10,11,2
0.0032051282051282055,0.0002984183825723665,0.000546000546000546,0.11666666666666665,11,1,3
0.012345679012345678,0.0002981514609421586,0.0005822416302765648,0.11666666666666665,11,1,4
0.7000000000000001,0.00029895366218236175,0.0005925925925925926,0.11666666666666665,11,1,5
0.009150326797385621,0.0020870602265951103,0.0033988832240835153,0.11666666666666665,10,11,1
0.5176282051282052,0.3366159355416294,0.22775681341719076,0.11666666666666665,11,1,2
0.0032051282051282055,0.0002984183825723665,0.000546000546000546,0.11666666666666665,11,2,3
0.7000000000000001,0.00029895366218236175,0.0005925925925925926,0.11666666666666665,11,2,5
0.012345679012345678,0.0002981514609421586,0.0005822416302765648,0.11666666666666665,11,2,4
0.0748792270531401,0.3393124065769806,0.10437051532941943,0.11666666666666665,11,1,1
0.5176282051282052,0.3366159355416294,0.22775681341719076,0.11666666666666665,11,2,2
0.0032051282051282055,0.0002984183825723665,0.000546000546000546,0.11666666666666665,11,3,3
0.012345679012345678,0.0002981514609421586,0.0005822416302765648,0.11666666666666665,11,3,4
0.0748792270531401,0.3393124065769806,0.10437051532941943,0.11666666666666665,11,2,1
0.7000000000000001,0.00029895366218236175,0.0005925925925925926,0.11666666666666665,11,3,5
0.5176282051282052,0.3366159355416294,0.22775681341719076,0.11666666666666665,11,3,2
0.0032051282051282055,0.0002984183825723665,0.000546000546000546,0.11666666666666665,11,4,3
0.7000000000000001,0.00029895366218236175,0.0005925925925925926,0.11666666666666665,11,4,5
0.012345679012345678,0.0002981514609421586,0.0005822416302765648,0.11666666666666665,11,4,4
0.10140562248995984,0.3387144992526159,0.14162635337479842,0.11666666666666665,11,3,1
0.5176282051282052,0.3366159355416294,0.22775681341719076,0.11666666666666665,11,4,2
0.7000000000000001,0.00029895366218236175,0.0005925925925925926,0.11666666666666665,11,5,5
0.0032051282051282055,0.0002984183825723665,0.000546000546000546,0.11666666666666665,11,5,3
0.012345679012345678,0.0002981514609421586,0.0005822416302765648,0.11666666666666665,11,5,4
0.10140562248995984,0.3387144992526159,0.14162635337479842,0.11666666666666665,11,4,1
0.5149812734082397,0.33572281959378736,0.2263438090331444,0.11666666666666665,11,5,2
0.7000000000000001,0.00029895366218236175,0.0005925925925925926,0.11666666666666665,11,6,5
0.012345679012345678,0.0002981514609421586,0.0005822416302765648,0.11666666666666665,11,6,4
0.0032051282051282055,0.0002984183825723665,0.000546000546000546,0.11666666666666665,11,6,3
0.08031854379977248,0.3369143539242017,0.11678486997635935,0.11666666666666665,11,5,1
0.5149812734082397,0.33572281959378736,0.2263438090331444,0.11666666666666665,11,6,2
0.0032051282051282055,0.0002984183825723665,0.000546000546000546,0.11666666666666665,11,7,3
0.7000000000000001,0.00029895366218236175,0.0005925925925925926,0.11666666666666665,11,7,5
0.08031854379977248,0.3369143539242017,0.11678486997635935,0.11666666666666665,11,6,1
0.012345679012345678,0.0002981514609421586,0.0005822416302765648,0.11666666666666665,11,7,4
0.5149812734082397,0.33572281959378736,0.2263438090331444,0.11666666666666665,11,7,2
0.0032051282051282055,0.0002984183825723665,0.000546000546000546,0.11666666666666665,11,8,3
0.7000000000000001,0.00029895366218236175,0.0005925925925925926,0.11666666666666665,11,8,5
0.010948905109489052,0.0026857654431512983,0.004313443565780015,0.11666666666666665,11,7,1
0.012345679012345678,0.0002981514609421586,0.0005822416302765648,0.11666666666666665,11,8,4
0.5149812734082397,0.33572281959378736,0.2263438090331444,0.11666666666666665,11,8,2
0.0045662100456621,0.0002984183825723665,0.0005602240896358543,0.11666666666666665,11,9,3
0.7000000000000001,0.00029895366218236175,0.0005925925925925926,0.11666666666666665,11,9,5
0.012345679012345678,0.0002981514609421586,0.0005822416302765648,0.11666666666666665,11,9,4
0.010948905109489052,0.0026857654431512983,0.004313443565780015,0.11666666666666665,11,8,1
0.34252873563218394,0.001193673530289466,0.002113048071843634,0.11666666666666665,11,9,2
0.0045662100456621,0.0002984183825723665,0.0005602240896358543,0.11666666666666665,11,10,3
0.7000000000000001,0.00029895366218236175,0.0005925925925925926,0.11666666666666665,11,10,5
0.012345679012345678,0.0002981514609421586,0.0005822416302765648,0.11666666666666665,11,10,4
0.00819672131147541,0.0017889087656529515,0.002936857562408223,0.11666666666666665,11,9,1
0.34252873563218394,0.001193673530289466,0.002113048071843634,0.11666666666666665,11,10,2
0.0045662100456621,0.0002984183825723665,0.0005602240896358543,0.11666666666666665,11,11,3
0.012345679012345678,0.0002981514609421586,0.0005822416302765648,0.11666666666666665,11,11,4
0.00819672131147541,0.0017889087656529515,0.002936857562408223,0.11666666666666665,11,10,1
0.7000000000000001,0.00029895366218236175,0.0005925925925925926,0.11666666666666665,11,11,5
0.34252873563218394,0.001193673530289466,0.002113048071843634,0.11666666666666665,11,11,2
0.0032051282051282055,0.0002984183825723665,0.000546000546000546,0.11666666666666665,12,1,3
0.009971509971509971,0.0020870602265951103,0.0034516765285996054,0.11666666666666665,11,11,1
0.7000000000000001,0.00029895366218236175,0.0005925925925925926,0.11666666666666665,12,1,5
0.012345679012345678,0.0002981514609421586,0.0005822416302765648,0.11666666666666665,12,1,4
0.5176282051282052,0.3366159355416294,0.22775681341719076,0.11666666666666665,12,1,2
0.012345679012345678,0.0002981514609421586,0.0005822416302765648,0.11666666666666665,12,2,4
0.7000000000000001,0.00029895366218236175,0.0005925925925925926,0.11666666666666665,12,2,5
0.0032051282051282055,0.0002984183825723665,0.000546000546000546,0.11666666666666665,12,2,3
0.0748792270531401,0.3393124065769806,0.10437051532941943,0.11666666666666665,12,1,1
0.5176282051282052,0.3366159355416294,0.22775681341719076,0.11666666666666665,12,2,2
0.0032051282051282055,0.0002984183825723665,0.000546000546000546,0.11666666666666665,12,3,3
0.7000000000000001,0.00029895366218236175,0.0005925925925925926,0.11666666666666665,12,3,5
0.012345679012345678,0.0002981514609421586,0.0005822416302765648,0.11666666666666665,12,3,4
0.0748792270531401,0.3393124065769806,0.10437051532941943,0.11666666666666665,12,2,1
0.5176282051282052,0.3366159355416294,0.22775681341719076,0.11666666666666665,12,3,2
0.7000000000000001,0.00029895366218236175,0.0005925925925925926,0.11666666666666665,12,4,5
0.012345679012345678,0.0002981514609421586,0.0005822416302765648,0.11666666666666665,12,4,4
0.0032051282051282055,0.0002984183825723665,0.000546000546000546,0.11666666666666665,12,4,3
0.10140562248995984,0.3387144992526159,0.14162635337479842,0.11666666666666665,12,3,1
0.5176282051282052,0.3366159355416294,0.22775681341719076,0.11666666666666665,12,4,2
0.7000000000000001,0.00029895366218236175,0.0005925925925925926,0.11666666666666665,12,5,5
0.0032051282051282055,0.0002984183825723665,0.000546000546000546,0.11666666666666665,12,5,3
0.10140562248995984,0.3387144992526159,0.14162635337479842,0.11666666666666665,12,4,1
0.012345679012345678,0.0002981514609421586,0.0005822416302765648,0.11666666666666665,12,5,4
0.5149812734082397,0.33572281959378736,0.2263438090331444,0.11666666666666665,12,5,2
0.012345679012345678,0.0002981514609421586,0.0005822416302765648,0.11666666666666665,12,6,4
0.08031854379977248,0.3369143539242017,0.11678486997635935,0.11666666666666665,12,5,1
0.0032051282051282055,0.0002984183825723665,0.000546000546000546,0.11666666666666665,12,6,3
0.7000000000000001,0.00029895366218236175,0.0005925925925925926,0.11666666666666665,12,6,5
0.5149812734082397,0.33572281959378736,0.2263438090331444,0.11666666666666665,12,6,2
0.0032051282051282055,0.0002984183825723665,0.000546000546000546,0.11666666666666665,12,7,3
0.012345679012345678,0.0002981514609421586,0.0005822416302765648,0.11666666666666665,12,7,4
0.7000000000000001,0.00029895366218236175,0.0005925925925925926,0.11666666666666665,12,7,5
0.08031854379977248,0.3369143539242017,0.11678486997635935,0.11666666666666665,12,6,1
0.5149812734082397,0.33572281959378736,0.2263438090331444,0.11666666666666665,12,7,2
0.0032051282051282055,0.0002984183825723665,0.000546000546000546,0.11666666666666665,12,8,3
0.7000000000000001,0.00029895366218236175,0.0005925925925925926,0.11666666666666665,12,8,5
0.012345679012345678,0.0002981514609421586,0.0005822416302765648,0.11666666666666665,12,8,4
0.5149812734082397,0.33572281959378736,0.2263438090331444,0.11666666666666665,12,8,2
0.010948905109489052,0.0026857654431512983,0.004313443565780015,0.11666666666666665,12,7,1
0.0045662100456621,0.0002984183825723665,0.0005602240896358543,0.11666666666666665,12,9,3
0.7000000000000001,0.00029895366218236175,0.0005925925925925926,0.11666666666666665,12,9,5
0.012345679012345678,0.0002981514609421586,0.0005822416302765648,0.11666666666666665,12,9,4
0.34252873563218394,0.001193673530289466,0.002113048071843634,0.11666666666666665,12,9,2
0.010948905109489052,0.0026857654431512983,0.004313443565780015,0.11666666666666665,12,8,1
0.0045662100456621,0.0002984183825723665,0.0005602240896358543,0.11666666666666665,12,10,3
0.7000000000000001,0.00029895366218236175,0.0005925925925925926,0.11666666666666665,12,10,5
0.34252873563218394,0.001193673530289466,0.002113048071843634,0.11666666666666665,12,10,2
0.00819672131147541,0.0017889087656529515,0.002936857562408223,0.11666666666666665,12,9,1
0.012345679012345678,0.0002981514609421586,0.0005822416302765648,0.11666666666666665,12,10,4
0.7000000000000001,0.00029895366218236175,0.0005925925925925926,0.11666666666666665,12,11,5
0.00819672131147541,0.0017889087656529515,0.002936857562408223,0.11666666666666665,12,10,1
0.0045662100456621,0.0002984183825723665,0.0005602240896358543,0.11666666666666665,12,11,3
0.012345679012345678,0.0002981514609421586,0.0005822416302765648,0.11666666666666665,12,11,4
0.34252873563218394,0.001193673530289466,0.002113048071843634,0.11666666666666665,12,11,2
0.7000000000000001,0.00029895366218236175,0.0005925925925925926,0.11666666666666665,13,1,5
0.012345679012345678,0.0002981514609421586,0.0005822416302765648,0.11666666666666665,13,1,4
0.009971509971509971,0.0020870602265951103,0.0034516765285996054,0.11666666666666665,12,11,1
0.0032051282051282055,0.0002984183825723665,0.000546000546000546,0.11666666666666665,13,1,3
0.517799352750809,0.3366159355416294,0.22776518014613253,0.11666666666666665,13,1,2
0.012345679012345678,0.0002981514609421586,0.0005822416302765648,0.11666666666666665,13,2,4
0.10677083333333333,0.3387144992526159,0.14208606856309264,0.11666666666666665,13,1,1
0.0032051282051282055,0.0002984183825723665,0.000546000546000546,0.11666666666666665,13,2,3
0.7000000000000001,0.00029895366218236175,0.0005925925925925926,0.11666666666666665,13,2,5
0.517799352750809,0.3366159355416294,0.22776518014613253,0.11666666666666665,13,2,2
0.012345679012345678,0.0002981514609421586,0.0005822416302765648,0.11666666666666665,13,3,4
0.10677083333333333,0.3387144992526159,0.14208606856309264,0.11666666666666665,13,2,1
0.0032051282051282055,0.0002984183825723665,0.000546000546000546,0.11666666666666665,13,3,3
0.7000000000000001,0.00029895366218236175,0.0005925925925925926,0.11666666666666665,13,3,5
0.517799352750809,0.3366159355416294,0.22776518014613253,0.11666666666666665,13,3,2
0.0032051282051282055,0.0002984183825723665,0.000546000546000546,0.11666666666666665,13,4,3
0.1313131313131313,0.3381165919282511,0.1744017403915881,0.11666666666666665,13,3,1
0.7000000000000001,0.00029895366218236175,0.0005925925925925926,0.11666666666666665,13,4,5
0.012345679012345678,0.0002981514609421586,0.0005822416302765648,0.11666666666666665,13,4,4
0.517799352750809,0.3366159355416294,0.22776518014613253,0.11666666666666665,13,4,2
0.7000000000000001,0.00029895366218236175,0.0005925925925925926,0.11666666666666665,13,5,5
0.0032051282051282055,0.0002984183825723665,0.000546000546000546,0.11666666666666665,13,5,3
0.012345679012345678,0.0002981514609421586,0.0005822416302765648,0.11666666666666665,13,5,4
0.1313131313131313,0.3381165919282511,0.1744017403915881,0.11666666666666665,13,4,1
0.5152380952380953,0.33572281959378736,0.22635338669420776,0.11666666666666665,13,5,2
0.7000000000000001,0.00029895366218236175,0.0005925925925925926,0.11666666666666665,13,6,5
0.09955752212389381,0.3366159355416294,0.13879374534623976,0.11666666666666665,13,5,1
0.012345679012345678,0.0002981514609421586,0.0005822416302765648,0.11666666666666665,13,6,4
0.0032051282051282055,0.0002984183825723665,0.000546000546000546,0.11666666666666665,13,6,3
0.5152380952380953,0.33572281959378736,0.22635338669420776,0.11666666666666665,13,6,2
0.0032051282051282055,0.0002984183825723665,0.000546000546000546,0.11666666666666665,13,7,3
0.5152380952380953,0.33572281959378736,0.22635338669420776,0.11666666666666665,13,7,2
0.012345679012345678,0.0002981514609421586,0.0005822416302765648,0.11666666666666665,13,7,4
0.09955752212389381,0.3366159355416294,0.13879374534623976,0.11666666666666665,13,6,1
0.7000000000000001,0.00029895366218236175,0.0005925925925925926,0.11666666666666665,13,7,5
0.7000000000000001,0.00029895366218236175,0.0005925925925925926,0.11666666666666665,13,8,5
0.012345679012345678,0.0002981514609421586,0.0005822416302765648,0.11666666666666665,13,8,4
0.014285714285714285,0.0026857654431512983,0.00452147701582517,0.11666666666666665,13,7,1
0.5152380952380953,0.33572281959378736,0.22635338669420776,0.11666666666666665,13,8,2
0.0032051282051282055,0.0002984183825723665,0.000546000546000546,0.11666666666666665,13,8,3
0.7000000000000001,0.00029895366218236175,0.0005925925925925926,0.11666666666666665,13,9,5
0.3427230046948357,0.001193673530289466,0.0021180831347630395,0.11666666666666665,13,9,2
0.0045662100456621,0.0002984183825723665,0.0005602240896358543,0.11666666666666665,13,9,3
0.014285714285714285,0.0026857654431512983,0.00452147701582517,0.11666666666666665,13,8,1
0.7000000000000001,0.00029895366218236175,0.0005925925925925926,0.11666666666666665,13,10,5
0.010810810810810811,0.0017889087656529515,0.003069838833461243,0.11666666666666665,13,9,1
0.012345679012345678,0.0002981514609421586,0.0005822416302765648,0.11666666666666665,13,10,4
0.3427230046948357,0.001193673530289466,0.0021180831347630395,0.11666666666666665,13,10,2
0.012345679012345678,0.0002981514609421586,0.0005822416302765648,0.11666666666666665,13,9,4
0.010810810810810811,0.0017889087656529515,0.003069838833461243,0.11666666666666665,13,10,1
0.012345679012345678,0.0002981514609421586,0.0005822416302765648,0.11666666666666665,13,11,4
0.0045662100456621,0.0002984183825723665,0.0005602240896358543,0.11666666666666665,13,10,3
0.0045662100456621,0.0002984183825723665,0.0005602240896358543,0.11666666666666665,13,11,3
0.7000000000000001,0.00029895366218236175,0.0005925925925925926,0.11666666666666665,13,11,5
0.012681159420289856,0.0020870602265951103,0.003584229390681004,0.11666666666666665,13,11,1
0.012345679012345678,0.0002981514609421586,0.0005822416302765648,0.11666666666666665,14,1,4
0.7000000000000001,0.00029895366218236175,0.0005925925925925926,0.11666666666666665,14,1,5
0.3427230046948357,0.001193673530289466,0.0021180831347630395,0.11666666666666665,13,11,2
0.517799352750809,0.3366159355416294,0.22776518014613253,0.11666666666666665,14,1,2
0.10677083333333333,0.3387144992526159,0.14208606856309264,0.11666666666666665,14,1,1
0.0032051282051282055,0.0002984183825723665,0.000546000546000546,0.11666666666666665,14,1,3
0.012345679012345678,0.0002981514609421586,0.0005822416302765648,0.11666666666666665,14,2,4
0.517799352750809,0.3366159355416294,0.22776518014613253,0.11666666666666665,14,2,2
0.7000000000000001,0.00029895366218236175,0.0005925925925925926,0.11666666666666665,14,2,5
0.7000000000000001,0.00029895366218236175,0.0005925925925925926,0.11666666666666665,14,3,5
0.10677083333333333,0.3387144992526159,0.14208606856309264,0.11666666666666665,14,2,1
0.012345679012345678,0.0002981514609421586,0.0005822416302765648,0.11666666666666665,14,3,4
0.0032051282051282055,0.0002984183825723665,0.000546000546000546,0.11666666666666665,14,2,3
0.0032051282051282055,0.0002984183825723665,0.000546000546000546,0.11666666666666665,14,3,3
0.517799352750809,0.3366159355416294,0.22776518014613253,0.11666666666666665,14,3,2
0.012345679012345678,0.0002981514609421586,0.0005822416302765648,0.11666666666666665,14,4,4
0.0032051282051282055,0.0002984183825723665,0.000546000546000546,0.11666666666666665,14,4,3
0.1313131313131313,0.3381165919282511,0.1744017403915881,0.11666666666666665,14,3,1
0.012345679012345678,0.0002981514609421586,0.0005822416302765648,0.11666666666666665,14,5,4
0.7000000000000001,0.00029895366218236175,0.0005925925925925926,0.11666666666666665,14,4,5
0.7000000000000001,0.00029895366218236175,0.0005925925925925926,0.11666666666666665,14,5,5
0.0032051282051282055,0.0002984183825723665,0.000546000546000546,0.11666666666666665,14,5,3
0.1313131313131313,0.3381165919282511,0.1744017403915881,0.11666666666666665,14,4,1
0.5152380952380953,0.33572281959378736,0.22635338669420776,0.11666666666666665,14,5,2
0.517799352750809,0.3366159355416294,0.22776518014613253,0.11666666666666665,14,4,2
0.7000000000000001,0.00029895366218236175,0.0005925925925925926,0.11666666666666665,14,6,5
0.0032051282051282055,0.0002984183825723665,0.000546000546000546,0.11666666666666665,14,6,3
0.09955752212389381,0.3366159355416294,0.13879374534623976,0.11666666666666665,14,5,1
0.012345679012345678,0.0002981514609421586,0.0005822416302765648,0.11666666666666665,14,6,4
0.09955752212389381,0.3366159355416294,0.13879374534623976,0.11666666666666665,14,6,1
0.5152380952380953,0.33572281959378736,0.22635338669420776,0.11666666666666665,14,6,2
0.0032051282051282055,0.0002984183825723665,0.000546000546000546,0.11666666666666665,14,7,3
0.7000000000000001,0.00029895366218236175,0.0005925925925925926,0.11666666666666665,14,7,5
0.012345679012345678,0.0002981514609421586,0.0005822416302765648,0.11666666666666665,14,7,4
0.7000000000000001,0.00029895366218236175,0.0005925925925925926,0.11666666666666665,14,8,5
0.012345679012345678,0.0002981514609421586,0.0005822416302765648,0.11666666666666665,14,8,4
0.014285714285714285,0.0026857654431512983,0.00452147701582517,0.11666666666666665,14,7,1
0.5152380952380953,0.33572281959378736,0.22635338669420776,0.11666666666666665,14,7,2
0.5152380952380953,0.33572281959378736,0.22635338669420776,0.11666666666666665,14,8,2
0.0032051282051282055,0.0002984183825723665,0.000546000546000546,0.11666666666666665,14,8,3
0.0045662100456621,0.0002984183825723665,0.0005602240896358543,0.11666666666666665,14,9,3
0.3427230046948357,0.001193673530289466,0.0021180831347630395,0.11666666666666665,14,9,2
0.012345679012345678,0.0002981514609421586,0.0005822416302765648,0.11666666666666665,14,9,4
0.7000000000000001,0.00029895366218236175,0.0005925925925925926,0.11666666666666665,14,9,5
0.014285714285714285,0.0026857654431512983,0.00452147701582517,0.11666666666666665,14,8,1
0.010810810810810811,0.0017889087656529515,0.003069838833461243,0.11666666666666665,14,9,1
0.7000000000000001,0.00029895366218236175,0.0005925925925925926,0.11666666666666665,14,10,5
0.012345679012345678,0.0002981514609421586,0.0005822416302765648,0.11666666666666665,14,10,4
0.0045662100456621,0.0002984183825723665,0.0005602240896358543,0.11666666666666665,14,10,3
0.3427230046948357,0.001193673530289466,0.0021180831347630395,0.11666666666666665,14,10,2
0.7000000000000001,0.00029895366218236175,0.0005925925925925926,0.11666666666666665,14,11,5
0.012345679012345678,0.0002981514609421586,0.0005822416302765648,0.11666666666666665,14,11,4
0.0045662100456621,0.0002984183825723665,0.0005602240896358543,0.11666666666666665,14,11,3
0.3427230046948357,0.001193673530289466,0.0021180831347630395,0.11666666666666665,14,11,2
0.010810810810810811,0.0017889087656529515,0.003069838833461243,0.11666666666666665,14,10,1
0.7000000000000001,0.00029895366218236175,0.0005925925925925926,0.11666666666666665,15,1,5
0.012345679012345678,0.0002981514609421586,0.0005822416302765648,0.11666666666666665,15,1,4
0.0032051282051282055,0.0002984183825723665,0.000546000546000546,0.11666666666666665,15,1,3
0.012681159420289856,0.0020870602265951103,0.003584229390681004,0.11666666666666665,14,11,1
0.517799352750809,0.3366159355416294,0.22776518014613253,0.11666666666666665,15,1,2
0.13590449954086317,0.3387144992526159,0.17550970277573077,0.11666666666666665,15,1,1
0.012345679012345678,0.0002981514609421586,0.0005822416302765648,0.11666666666666665,15,2,4
0.7000000000000001,0.00029895366218236175,0.0005925925925925926,0.11666666666666665,15,2,5
0.0032051282051282055,0.0002984183825723665,0.000546000546000546,0.11666666666666665,15,2,3
0.517799352750809,0.3366159355416294,0.22776518014613253,0.11666666666666665,15,2,2
0.7000000000000001,0.00029895366218236175,0.0005925925925925926,0.11666666666666665,15,3,5
0.012345679012345678,0.0002981514609421586,0.0005822416302765648,0.11666666666666665,15,3,4
0.13590449954086317,0.3387144992526159,0.17550970277573077,0.11666666666666665,15,2,1
0.0032051282051282055,0.0002984183825723665,0.000546000546000546,0.11666666666666665,15,3,3
0.517799352750809,0.3366159355416294,0.22776518014613253,0.11666666666666665,15,3,2
0.7000000000000001,0.00029895366218236175,0.0005925925925925926,0.11666666666666665,15,4,5
0.0032051282051282055,0.0002984183825723665,0.000546000546000546,0.11666666666666665,15,4,3
0.012345679012345678,0.0002981514609421586,0.0005822416302765648,0.11666666666666665,15,4,4
0.517799352750809,0.3366159355416294,0.22776518014613253,0.11666666666666665,15,4,2
0.13219148001756698,0.3381165919282511,0.17446393762183235,0.11666666666666665,15,3,1
0.7000000000000001,0.00029895366218236175,0.0005925925925925926,0.11666666666666665,15,5,5
0.012345679012345678,0.0002981514609421586,0.0005822416302765648,0.11666666666666665,15,5,4
0.13219148001756698,0.3381165919282511,0.17446393762183235,0.11666666666666665,15,4,1
0.0032051282051282055,0.0002984183825723665,0.000546000546000546,0.11666666666666665,15,5,3
0.5152380952380953,0.33572281959378736,0.22635338669420776,0.11666666666666665,15,5,2
0.0032051282051282055,0.0002984183825723665,0.000546000546000546,0.11666666666666665,15,6,3
0.10015290519877677,0.3366159355416294,0.13882646691635456,0.11666666666666665,15,5,1
0.7000000000000001,0.00029895366218236175,0.0005925925925925926,0.11666666666666665,15,6,5
0.012345679012345678,0.0002981514609421586,0.0005822416302765648,0.11666666666666665,15,6,4
0.5152380952380953,0.33572281959378736,0.22635338669420776,0.11666666666666665,15,6,2
0.7000000000000001,0.00029895366218236175,0.0005925925925925926,0.11666666666666665,15,7,5
0.012345679012345678,0.0002981514609421586,0.0005822416302765648,0.11666666666666665,15,7,4
0.10015290519877677,0.3366159355416294,0.13882646691635456,0.11666666666666665,15,6,1
0.0032051282051282055,0.0002984183825723665,0.000546000546000546,0.11666666666666665,15,7,3
0.5152380952380953,0.33572281959378736,0.22635338669420776,0.11666666666666665,15,7,2
0.7000000000000001,0.00029895366218236175,0.0005925925925925926,0.11666666666666665,15,8,5
0.012345679012345678,0.0002981514609421586,0.0005822416302765648,0.11666666666666665,15,8,4
0.014705882352941178,0.0026857654431512983,0.004542013626040879,0.11666666666666665,15,7,1
0.5152380952380953,0.33572281959378736,0.22635338669420776,0.11666666666666665,15,8,2
0.0032051282051282055,0.0002984183825723665,0.000546000546000546,0.11666666666666665,15,8,3
0.014705882352941178,0.0026857654431512983,0.004542013626040879,0.11666666666666665,15,8,1
0.7000000000000001,0.00029895366218236175,0.0005925925925925926,0.11666666666666665,15,9,5
0.0045662100456621,0.0002984183825723665,0.0005602240896358543,0.11666666666666665,15,9,3
0.012345679012345678,0.0002981514609421586,0.0005822416302765648,0.11666666666666665,15,9,4
0.3427230046948357,0.001193673530289466,0.0021180831347630395,0.11666666666666665,15,9,2
0.7000000000000001,0.00029895366218236175,0.0005925925925925926,0.11666666666666665,15,10,5
0.0111731843575419,0.0017889087656529515,0.0030840400925212026,0.11666666666666665,15,9,1
0.0045662100456621,0.0002984183825723665,0.0005602240896358543,0.11666666666666665,15,10,3
0.012345679012345678,0.0002981514609421586,0.0005822416302765648,0.11666666666666665,15,10,4
0.3427230046948357,0.001193673530289466,0.0021180831347630395,0.11666666666666665,15,10,2
0.7000000000000001,0.00029895366218236175,0.0005925925925925926,0.11666666666666665,15,11,5
0.0045662100456621,0.0002984183825723665,0.0005602240896358543,0.11666666666666665,15,11,3
0.012345679012345678,0.0002981514609421586,0.0005822416302765648,0.11666666666666665,15,11,4
0.3427230046948357,0.001193673530289466,0.0021180831347630395,0.11666666666666665,15,11,2
0.0111731843575419,0.0017889087656529515,0.0030840400925212026,0.11666666666666665,15,10,1
0.013108614232209737,0.0020870602265951103,0.0036008230452674894,0.11666666666666665,15,11,1
0.7000000000000001,0.00029895366218236175,0.0005925925925925926,0.11666666666666665,16,1,5
0.517799352750809,0.3366159355416294,0.22776518014613253,0.11666666666666665,16,1,2
0.012345679012345678,0.0002981514609421586,0.0005822416302765648,0.11666666666666665,16,1,4
0.0032051282051282055,0.0002984183825723665,0.000546000546000546,0.11666666666666665,16,1,3
0.13590449954086317,0.3387144992526159,0.17550970277573077,0.11666666666666665,16,1,1
0.012345679012345678,0.0002981514609421586,0.0005822416302765648,0.11666666666666665,16,2,4
0.7000000000000001,0.00029895366218236175,0.0005925925925925926,0.11666666666666665,16,2,5
0.0032051282051282055,0.0002984183825723665,0.000546000546000546,0.11666666666666665,16,2,3
0.517799352750809,0.3366159355416294,0.22776518014613253,0.11666666666666665,16,2,2
0.7000000000000001,0.00029895366218236175,0.0005925925925925926,0.11666666666666665,16,3,5
0.0032051282051282055,0.0002984183825723665,0.000546000546000546,0.11666666666666665,16,3,3
0.012345679012345678,0.0002981514609421586,0.0005822416302765648,0.11666666666666665,16,3,4
0.13590449954086317,0.3387144992526159,0.17550970277573077,0.11666666666666665,16,2,1
0.517799352750809,0.3366159355416294,0.22776518014613253,0.11666666666666665,16,3,2
0.7000000000000001,0.00029895366218236175,0.0005925925925925926,0.11666666666666665,16,4,5
0.012345679012345678,0.0002981514609421586,0.0005822416302765648,0.11666666666666665,16,4,4
0.13219148001756698,0.3381165919282511,0.17446393762183235,0.11666666666666665,16,3,1
0.517799352750809,0.3366159355416294,0.22776518014613253,0.11666666666666665,16,4,2
0.0032051282051282055,0.0002984183825723665,0.000546000546000546,0.11666666666666665,16,4,3
0.13219148001756698,0.3381165919282511,0.17446393762183235,0.11666666666666665,16,4,1
0.012345679012345678,0.0002981514609421586,0.0005822416302765648,0.11666666666666665,16,5,4
0.7000000000000001,0.00029895366218236175,0.0005925925925925926,0.11666666666666665,16,5,5
0.0032051282051282055,0.0002984183825723665,0.000546000546000546,0.11666666666666665,16,5,3
0.5152380952380953,0.33572281959378736,0.22635338669420776,0.11666666666666665,16,5,2
0.7000000000000001,0.00029895366218236175,0.0005925925925925926,0.11666666666666665,16,6,5
0.012345679012345678,0.0002981514609421586,0.0005822416302765648,0.11666666666666665,16,6,4
0.10015290519877677,0.3366159355416294,0.13882646691635456,0.11666666666666665,16,5,1
0.0032051282051282055,0.0002984183825723665,0.000546000546000546,0.11666666666666665,16,6,3
0.5152380952380953,0.33572281959378736,0.22635338669420776,0.11666666666666665,16,6,2
0.7000000000000001,0.00029895366218236175,0.0005925925925925926,0.11666666666666665,16,7,5
0.012345679012345678,0.0002981514609421586,0.0005822416302765648,0.11666666666666665,16,7,4
0.0032051282051282055,0.0002984183825723665,0.000546000546000546,0.11666666666666665,16,7,3
0.10015290519877677,0.3366159355416294,0.13882646691635456,0.11666666666666665,16,6,1
0.5152380952380953,0.33572281959378736,0.22635338669420776,0.11666666666666665,16,7,2
0.0032051282051282055,0.0002984183825723665,0.000546000546000546,0.11666666666666665,16,8,3
0.014705882352941178,0.0026857654431512983,0.004542013626040879,0.11666666666666665,16,7,1
0.7000000000000001,0.00029895366218236175,0.0005925925925925926,0.11666666666666665,16,8,5
0.012345679012345678,0.0002981514609421586,0.0005822416302765648,0.11666666666666665,16,8,4
0.5152380952380953,0.33572281959378736,0.22635338669420776,0.11666666666666665,16,8,2
0.014705882352941178,0.0026857654431512983,0.004542013626040879,0.11666666666666665,16,8,1
0.7000000000000001,0.00029895366218236175,0.0005925925925925926,0.11666666666666665,16,9,5
0.0045662100456621,0.0002984183825723665,0.0005602240896358543,0.11666666666666665,16,9,3
0.012345679012345678,0.0002981514609421586,0.0005822416302765648,0.11666666666666665,16,9,4
0.3427230046948357,0.001193673530289466,0.0021180831347630395,0.11666666666666665,16,9,2
0.0045662100456621,0.0002984183825723665,0.0005602240896358543,0.11666666666666665,16,10,3
0.7000000000000001,0.00029895366218236175,0.0005925925925925926,0.11666666666666665,16,10,5
0.012345679012345678,0.0002981514609421586,0.0005822416302765648,0.11666666666666665,16,10,4
0.0111731843575419,0.0017889087656529515,0.0030840400925212026,0.11666666666666665,16,9,1
0.3427230046948357,0.001193673530289466,0.0021180831347630395,0.11666666666666665,16,10,2
0.7000000000000001,0.00029895366218236175,0.0005925925925925926,0.11666666666666665,16,11,5
0.0045662100456621,0.0002984183825723665,0.0005602240896358543,0.11666666666666665,16,11,3
0.0111731843575419,0.0017889087656529515,0.0030840400925212026,0.11666666666666665,16,10,1
0.012345679012345678,0.0002981514609421586,0.0005822416302765648,0.11666666666666665,16,11,4
0.3427230046948357,0.001193673530289466,0.0021180831347630395,0.11666666666666665,16,11,2
0.013108614232209737,0.0020870602265951103,0.0036008230452674894,0.11666666666666665,16,11,1
0.006944444444444444,0.0002984183825723665,0.0005722460658082975,0.11666666666666665,17,1,3
0.7000000000000001,0.00029895366218236175,0.0005925925925925926,0.11666666666666665,17,1,5
0.012345679012345678,0.0002981514609421586,0.0005822416302765648,0.11666666666666665,17,1,4
0.6897689768976898,0.3354222620113399,0.3371647509578544,0.11666666666666665,17,1,2
0.006944444444444444,0.0002984183825723665,0.0005722460658082975,0.11666666666666665,17,2,3
0.13409961685823754,0.3375149342891279,0.1737427343947435,0.11666666666666665,17,1,1
0.012345679012345678,0.0002981514609421586,0.0005822416302765648,0.11666666666666665,17,2,4
0.7000000000000001,0.00029895366218236175,0.0005925925925925926,0.11666666666666665,17,2,5
0.6897689768976898,0.3354222620113399,0.3371647509578544,0.11666666666666665,17,2,2
0.13409961685823754,0.3375149342891279,0.1737427343947435,0.11666666666666665,17,2,1
0.7000000000000001,0.00029895366218236175,0.0005925925925925926,0.11666666666666665,17,3,5
0.006944444444444444,0.0002984183825723665,0.0005722460658082975,0.11666666666666665,17,3,3
0.6897689768976898,0.3354222620113399,0.3371647509578544,0.11666666666666665,17,3,2
0.012345679012345678,0.0002981514609421586,0.0005822416302765648,0.11666666666666665,17,3,4
0.006944444444444444,0.0002984183825723665,0.0005722460658082975,0.11666666666666665,17,4,3
0.7000000000000001,0.00029895366218236175,0.0005925925925925926,0.11666666666666665,17,4,5
0.012345679012345678,0.0002981514609421586,0.0005822416302765648,0.11666666666666665,17,4,4
0.18509984639016897,0.33691756272401435,0.22822372259731596,0.11666666666666665,17,3,1
0.6897689768976898,0.3354222620113399,0.3371647509578544,0.11666666666666665,17,4,2
0.006944444444444444,0.0002984183825723665,0.0005722460658082975,0.11666666666666665,17,5,3
0.18509984639016897,0.33691756272401435,0.22822372259731596,0.11666666666666665,17,4,1
0.7000000000000001,0.00029895366218236175,0.0005925925925925926,0.11666666666666665,17,5,5
0.6879432624113475,0.33512544802867383,0.33663911845730027,0.11666666666666665,17,5,2
0.012345679012345678,0.0002981514609421586,0.0005822416302765648,0.11666666666666665,17,5,4
0.006944444444444444,0.0002984183825723665,0.0005722460658082975,0.11666666666666665,17,6,3
0.012345679012345678,0.0002981514609421586,0.0005822416302765648,0.11666666666666665,17,6,4
0.7000000000000001,0.00029895366218236175,0.0005925925925925926,0.11666666666666665,17,6,5
0.09946236559139786,0.3360190987764846,0.1379380915835252,0.11666666666666665,17,5,1
0.6879432624113475,0.33512544802867383,0.33663911845730027,0.11666666666666665,17,6,2
0.006944444444444444,0.0002984183825723665,0.0005722460658082975,0.11666666666666665,17,7,3
0.6879432624113475,0.33512544802867383,0.33663911845730027,0.11666666666666665,17,7,2
0.7000000000000001,0.00029895366218236175,0.0005925925925925926,0.11666666666666665,17,7,5
0.012345679012345678,0.0002981514609421586,0.0005822416302765648,0.11666666666666665,17,7,4
0.09946236559139786,0.3360190987764846,0.1379380915835252,0.11666666666666665,17,6,1
0.013725490196078431,0.0020889286780065653,0.003626003626003626,0.11666666666666665,17,7,1
0.006944444444444444,0.0002984183825723665,0.0005722460658082975,0.11666666666666665,17,8,3
0.7000000000000001,0.00029895366218236175,0.0005925925925925926,0.11666666666666665,17,8,5
0.012345679012345678,0.0002981514609421586,0.0005822416302765648,0.11666666666666665,17,8,4
0.6879432624113475,0.33512544802867383,0.33663911845730027,0.11666666666666665,17,8,2
0.7000000000000001,0.00029895366218236175,0.0005925925925925926,0.11666666666666665,17,9,5
0.0,0.0,0.0,0.11666666666666665,17,9,3
0.6801801801801801,0.0008952551477170995,0.0016792611251049538,0.11666666666666665,17,9,2
0.012345679012345678,0.0002981514609421586,0.0005822416302765648,0.11666666666666665,17,9,4
0.013725490196078431,0.0020889286780065653,0.003626003626003626,0.11666666666666665,17,8,1
0.0,0.0,0.0,0.11666666666666665,17,10,3
0.7000000000000001,0.00029895366218236175,0.0005925925925925926,0.11666666666666665,17,10,5
0.011185682326621925,0.001490757304710793,0.0026308866087871607,0.11666666666666665,17,9,1
0.012345679012345678,0.0002981514609421586,0.0005822416302765648,0.11666666666666665,17,10,4
0.6801801801801801,0.0008952551477170995,0.0016792611251049538,0.11666666666666665,17,10,2
0.0,0.0,0.0,0.11666666666666665,17,11,3
0.7000000000000001,0.00029895366218236175,0.0005925925925925926,0.11666666666666665,17,11,5
0.6801801801801801,0.0008952551477170995,0.0016792611251049538,0.11666666666666665,17,11,2
0.012345679012345678,0.0002981514609421586,0.0005822416302765648,0.11666666666666665,17,11,4
0.011185682326621925,0.001490757304710793,0.0026308866087871607,0.11666666666666665,17,10,1
0.006944444444444444,0.0002984183825723665,0.0005722460658082975,0.11666666666666665,18,1,3
0.013513513513513514,0.0017889087656529515,0.0031595576619273297,0.11666666666666665,17,11,1
0.012345679012345678,0.0002981514609421586,0.0005822416302765648,0.11666666666666665,18,1,4
0.7000000000000001,0.00029895366218236175,0.0005925925925925926,0.11666666666666665,18,1,5
0.6897689768976898,0.3354222620113399,0.3371647509578544,0.11666666666666665,18,1,2
0.006944444444444444,0.0002984183825723665,0.0005722460658082975,0.11666666666666665,18,2,3
0.13409961685823754,0.3375149342891279,0.1737427343947435,0.11666666666666665,18,1,1
0.7000000000000001,0.00029895366218236175,0.0005925925925925926,0.11666666666666665,18,2,5
0.012345679012345678,0.0002981514609421586,0.0005822416302765648,0.11666666666666665,18,2,4
0.6897689768976898,0.3354222620113399,0.3371647509578544,0.11666666666666665,18,2,2
0.006944444444444444,0.0002984183825723665,0.0005722460658082975,0.11666666666666665,18,3,3
0.7000000000000001,0.00029895366218236175,0.0005925925925925926,0.11666666666666665,18,3,5
0.6897689768976898,0.3354222620113399,0.3371647509578544,0.11666666666666665,18,3,2
0.13409961685823754,0.3375149342891279,0.1737427343947435,0.11666666666666665,18,2,1
0.012345679012345678,0.0002981514609421586,0.0005822416302765648,0.11666666666666665,18,3,4
0.006944444444444444,0.0002984183825723665,0.0005722460658082975,0.11666666666666665,18,4,3
0.7000000000000001,0.00029895366218236175,0.0005925925925925926,0.11666666666666665,18,4,5
0.012345679012345678,0.0002981514609421586,0.0005822416302765648,0.11666666666666665,18,4,4
0.6897689768976898,0.3354222620113399,0.3371647509578544,0.11666666666666665,18,4,2
0.18509984639016897,0.33691756272401435,0.22822372259731596,0.11666666666666665,18,3,1
0.006944444444444444,0.0002984183825723665,0.0005722460658082975,0.11666666666666665,18,5,3
0.18509984639016897,0.33691756272401435,0.22822372259731596,0.11666666666666665,18,4,1
0.012345679012345678,0.0002981514609421586,0.0005822416302765648,0.11666666666666665,18,5,4
0.7000000000000001,0.00029895366218236175,0.0005925925925925926,0.11666666666666665,18,5,5
0.6879432624113475,0.33512544802867383,0.33663911845730027,0.11666666666666665,18,5,2
0.006944444444444444,0.0002984183825723665,0.0005722460658082975,0.11666666666666665,18,6,3
0.09946236559139786,0.3360190987764846,0.1379380915835252,0.11666666666666665,18,5,1
0.012345679012345678,0.0002981514609421586,0.0005822416302765648,0.11666666666666665,18,6,4
0.6879432624113475,0.33512544802867383,0.33663911845730027,0.11666666666666665,18,6,2
0.7000000000000001,0.00029895366218236175,0.0005925925925925926,0.11666666666666665,18,6,5
0.006944444444444444,0.0002984183825723665,0.0005722460658082975,0.11666666666666665,18,7,3
0.09946236559139786,0.3360190987764846,0.1379380915835252,0.11666666666666665,18,6,1
0.7000000000000001,0.00029895366218236175,0.0005925925925925926,0.11666666666666665,18,7,5
0.6879432624113475,0.33512544802867383,0.33663911845730027,0.11666666666666665,18,7,2
0.012345679012345678,0.0002981514609421586,0.0005822416302765648,0.11666666666666665,18,7,4
0.006944444444444444,0.0002984183825723665,0.0005722460658082975,0.11666666666666665,18,8,3
0.7000000000000001,0.00029895366218236175,0.0005925925925925926,0.11666666666666665,18,8,5
0.012345679012345678,0.0002981514609421586,0.0005822416302765648,0.11666666666666665,18,8,4
0.6879432624113475,0.33512544802867383,0.33663911845730027,0.11666666666666665,18,8,2
0.013725490196078431,0.0020889286780065653,0.003626003626003626,0.11666666666666665,18,7,1
0.0,0.0,0.0,0.11666666666666665,18,9,3
0.012345679012345678,0.0002981514609421586,0.0005822416302765648,0.11666666666666665,18,9,4
0.7000000000000001,0.00029895366218236175,0.0005925925925925926,0.11666666666666665,18,9,5
0.6801801801801801,0.0008952551477170995,0.0016792611251049538,0.11666666666666665,18,9,2
0.013725490196078431,0.0020889286780065653,0.003626003626003626,0.11666666666666665,18,8,1
0.0,0.0,0.0,0.11666666666666665,18,10,3
0.012345679012345678,0.0002981514609421586,0.0005822416302765648,0.11666666666666665,18,10,4
0.011185682326621925,0.001490757304710793,0.0026308866087871607,0.11666666666666665,18,9,1
0.7000000000000001,0.00029895366218236175,0.0005925925925925926,0.11666666666666665,18,10,5
0.6801801801801801,0.0008952551477170995,0.0016792611251049538,0.11666666666666665,18,10,2
0.0,0.0,0.0,0.11666666666666665,18,11,3
0.011185682326621925,0.001490757304710793,0.0026308866087871607,0.11666666666666665,18,10,1
0.7000000000000001,0.00029895366218236175,0.0005925925925925926,0.11666666666666665,18,11,5
0.6801801801801801,0.0008952551477170995,0.0016792611251049538,0.11666666666666665,18,11,2
0.012345679012345678,0.0002981514609421586,0.0005822416302765648,0.11666666666666665,18,11,4
0.006944444444444444,0.0002984183825723665,0.0005722460658082975,0.11666666666666665,19,1,3
0.013513513513513514,0.0017889087656529515,0.0031595576619273297,0.11666666666666665,18,11,1
0.7000000000000001,0.00029895366218236175,0.0005925925925925926,0.11666666666666665,19,1,5
0.6897689768976898,0.3354222620113399,0.3371647509578544,0.11666666666666665,19,1,2
0.012345679012345678,0.0002981514609421586,0.0005822416302765648,0.11666666666666665,19,1,4
0.006944444444444444,0.0002984183825723665,0.0005722460658082975,0.11666666666666665,19,2,3
0.7000000000000001,0.00029895366218236175,0.0005925925925925926,0.11666666666666665,19,2,5
0.025925925925925925,0.004181600955794504,0.007201646090534979,0.11666666666666665,19,1,1
0.012345679012345678,0.0002981514609421586,0.0005822416302765648,0.11666666666666665,19,2,4
0.6897689768976898,0.3354222620113399,0.3371647509578544,0.11666666666666665,19,2,2
0.006944444444444444,0.0002984183825723665,0.0005722460658082975,0.11666666666666665,19,3,3
0.012345679012345678,0.0002981514609421586,0.0005822416302765648,0.11666666666666665,19,3,4
0.025925925925925925,0.004181600955794504,0.007201646090534979,0.11666666666666665,19,2,1
0.7000000000000001,0.00029895366218236175,0.0005925925925925926,0.11666666666666665,19,3,5
0.6897689768976898,0.3354222620113399,0.3371647509578544,0.11666666666666665,19,3,2
0.006944444444444444,0.0002984183825723665,0.0005722460658082975,0.11666666666666665,19,4,3
0.020100502512562814,0.003584229390681004,0.006083650190114069,0.11666666666666665,19,3,1
0.6897689768976898,0.3354222620113399,0.3371647509578544,0.11666666666666665,19,4,2
0.012345679012345678,0.0002981514609421586,0.0005822416302765648,0.11666666666666665,19,4,4
0.7000000000000001,0.00029895366218236175,0.0005925925925925926,0.11666666666666665,19,4,5
0.006944444444444444,0.0002984183825723665,0.0005722460658082975,0.11666666666666665,19,5,3
0.020100502512562814,0.003584229390681004,0.006083650190114069,0.11666666666666665,19,4,1
0.7000000000000001,0.00029895366218236175,0.0005925925925925926,0.11666666666666665,19,5,5
0.6879432624113475,0.33512544802867383,0.33663911845730027,0.11666666666666665,19,5,2
0.012345679012345678,0.0002981514609421586,0.0005822416302765648,0.11666666666666665,19,5,4
0.7000000000000001,0.00029895366218236175,0.0005925925925925926,0.11666666666666665,19,6,5
0.006944444444444444,0.0002984183825723665,0.0005722460658082975,0.11666666666666665,19,6,3
0.017543859649122806,0.0026857654431512983,0.004658385093167703,0.11666666666666665,19,5,1
0.012345679012345678,0.0002981514609421586,0.0005822416302765648,0.11666666666666665,19,6,4
0.6879432624113475,0.33512544802867383,0.33663911845730027,0.11666666666666665,19,6,2
0.006944444444444444,0.0002984183825723665,0.0005722460658082975,0.11666666666666665,19,7,3
0.012345679012345678,0.0002981514609421586,0.0005822416302765648,0.11666666666666665,19,7,4
0.017543859649122806,0.0026857654431512983,0.004658385093167703,0.11666666666666665,19,6,1
0.7000000000000001,0.00029895366218236175,0.0005925925925925926,0.11666666666666665,19,7,5
0.6879432624113475,0.33512544802867383,0.33663911845730027,0.11666666666666665,19,7,2
0.006944444444444444,0.0002984183825723665,0.0005722460658082975,0.11666666666666665,19,8,3
0.015151515151515152,0.0020889286780065653,0.003671649619722004,0.11666666666666665,19,7,1
0.7000000000000001,0.00029895366218236175,0.0005925925925925926,0.11666666666666665,19,8,5
0.6879432624113475,0.33512544802867383,0.33663911845730027,0.11666666666666665,19,8,2
0.012345679012345678,0.0002981514609421586,0.0005822416302765648,0.11666666666666665,19,8,4
0.0,0.0,0.0,0.11666666666666665,19,9,3
0.7000000000000001,0.00029895366218236175,0.0005925925925925926,0.11666666666666665,19,9,5
0.015151515151515152,0.0020889286780065653,0.003671649619722004,0.11666666666666665,19,8,1
0.6801801801801801,0.0008952551477170995,0.0016792611251049538,0.11666666666666665,19,9,2
0.012345679012345678,0.0002981514609421586,0.0005822416302765648,0.11666666666666665,19,9,4
0.012345679012345678,0.001490757304710793,0.0026602819898909284,0.11666666666666665,19,9,1
0.0,0.0,0.0,0.11666666666666665,19,10,3
0.7000000000000001,0.00029895366218236175,0.0005925925925925926,0.11666666666666665,19,10,5
0.012345679012345678,0.0002981514609421586,0.0005822416302765648,0.11666666666666665,19,10,4
0.6801801801801801,0.0008952551477170995,0.0016792611251049538,0.11666666666666665,19,10,2
0.0,0.0,0.0,0.11666666666666665,19,11,3
0.012345679012345678,0.001490757304710793,0.0026602819898909284,0.11666666666666665,19,10,1
0.7000000000000001,0.00029895366218236175,0.0005925925925925926,0.11666666666666665,19,11,5
0.012345679012345678,0.0002981514609421586,0.0005822416302765648,0.11666666666666665,19,11,4
0.6801801801801801,0.0008952551477170995,0.0016792611251049538,0.11666666666666665,19,11,2
0.006944444444444444,0.0002984183825723665,0.0005722460658082975,0.11666666666666665,20,1,3
0.014814814814814815,0.0017889087656529515,0.0031923383878691143,0.11666666666666665,19,11,1
0.7000000000000001,0.00029895366218236175,0.0005925925925925926,0.11666666666666665,20,1,5
0.012345679012345678,0.0002981514609421586,0.0005822416302765648,0.11666666666666665,20,1,4
0.6897689768976898,0.3354222620113399,0.3371647509578544,0.11666666666666665,20,1,2
0.006944444444444444,0.0002984183825723665,0.0005722460658082975,0.11666666666666665,20,2,3
0.025925925925925925,0.004181600955794504,0.007201646090534979,0.11666666666666665,20,1,1
0.012345679012345678,0.0002981514609421586,0.0005822416302765648,0.11666666666666665,20,2,4
0.6897689768976898,0.3354222620113399,0.3371647509578544,0.11666666666666665,20,2,2
0.7000000000000001,0.00029895366218236175,0.0005925925925925926,0.11666666666666665,20,2,5
0.025925925925925925,0.004181600955794504,0.007201646090534979,0.11666666666666665,20,2,1
0.006944444444444444,0.0002984183825723665,0.0005722460658082975,0.11666666666666665,20,3,3
0.7000000000000001,0.00029895366218236175,0.0005925925925925926,0.11666666666666665,20,3,5
0.6897689768976898,0.3354222620113399,0.3371647509578544,0.11666666666666665,20,3,2
0.012345679012345678,0.0002981514609421586,0.0005822416302765648,0.11666666666666665,20,3,4
0.006944444444444444,0.0002984183825723665,0.0005722460658082975,0.11666666666666665,20,4,3
0.7000000000000001,0.00029895366218236175,0.0005925925925925926,0.11666666666666665,20,4,5
0.020100502512562814,0.003584229390681004,0.006083650190114069,0.11666666666666665,20,3,1
0.6897689768976898,0.3354222620113399,0.3371647509578544,0.11666666666666665,20,4,2
0.012345679012345678,0.0002981514609421586,0.0005822416302765648,0.11666666666666665,20,4,4
0.006944444444444444,0.0002984183825723665,0.0005722460658082975,0.11666666666666665,20,5,3
0.7000000000000001,0.00029895366218236175,0.0005925925925925926,0.11666666666666665,20,5,5
0.012345679012345678,0.0002981514609421586,0.0005822416302765648,0.11666666666666665,20,5,4
0.020100502512562814,0.003584229390681004,0.006083650190114069,0.11666666666666665,20,4,1
0.6879432624113475,0.33512544802867383,0.33663911845730027,0.11666666666666665,20,5,2
0.006944444444444444,0.0002984183825723665,0.0005722460658082975,0.11666666666666665,20,6,3
0.7000000000000001,0.00029895366218236175,0.0005925925925925926,0.11666666666666665,20,6,5
0.012345679012345678,0.0002981514609421586,0.0005822416302765648,0.11666666666666665,20,6,4
0.6879432624113475,0.33512544802867383,0.33663911845730027,0.11666666666666665,20,6,2
0.017543859649122806,0.0026857654431512983,0.004658385093167703,0.11666666666666665,20,5,1
0.006944444444444444,0.0002984183825723665,0.0005722460658082975,0.11666666666666665,20,7,3
0.017543859649122806,0.0026857654431512983,0.004658385093167703,0.11666666666666665,20,6,1
0.6879432624113475,0.33512544802867383,0.33663911845730027,0.11666666666666665,20,7,2
0.7000000000000001,0.00029895366218236175,0.0005925925925925926,0.11666666666666665,20,7,5
0.012345679012345678,0.0002981514609421586,0.0005822416302765648,0.11666666666666665,20,7,4
0.006944444444444444,0.0002984183825723665,0.0005722460658082975,0.11666666666666665,20,8,3
0.015151515151515152,0.0020889286780065653,0.003671649619722004,0.11666666666666665,20,7,1
0.7000000000000001,0.00029895366218236175,0.0005925925925925926,0.11666666666666665,20,8,5
0.6879432624113475,0.33512544802867383,0.33663911845730027,0.11666666666666665,20,8,2
0.012345679012345678,0.0002981514609421586,0.0005822416302765648,0.11666666666666665,20,8,4
0.0,0.0,0.0,0.11666666666666665,20,9,3
0.7000000000000001,0.00029895366218236175,0.0005925925925925926,0.11666666666666665,20,9,5
0.015151515151515152,0.0020889286780065653,0.003671649619722004,0.11666666666666665,20,8,1
0.012345679012345678,0.0002981514609421586,0.0005822416302765648,0.11666666666666665,20,9,4
0.6801801801801801,0.0008952551477170995,0.0016792611251049538,0.11666666666666665,20,9,2
0.0,0.0,0.0,0.11666666666666665,20,10,3
0.012345679012345678,0.0002981514609421586,0.0005822416302765648,0.11666666666666665,20,10,4
0.7000000000000001,0.00029895366218236175,0.0005925925925925926,0.11666666666666665,20,10,5
0.012345679012345678,0.001490757304710793,0.0026602819898909284,0.11666666666666665,20,9,1
0.6801801801801801,0.0008952551477170995,0.0016792611251049538,0.11666666666666665,20,10,2
0.0,0.0,0.0,0.11666666666666665,20,11,3
0.7000000000000001,0.00029895366218236175,0.0005925925925925926,0.11666666666666665,20,11,5
0.6801801801801801,0.0008952551477170995,0.0016792611251049538,0.11666666666666665,20,11,2
0.012345679012345678,0.001490757304710793,0.0026602819898909284,0.11666666666666665,20,10,1
0.012345679012345678,0.0002981514609421586,0.0005822416302765648,0.11666666666666665,20,11,4
0.006944444444444444,0.0002984183825723665,0.0005722460658082975,0.11666666666666665,21,1,3
0.012345679012345678,0.0002981514609421586,0.0005822416302765648,0.11666666666666665,21,1,4
0.014814814814814815,0.0017889087656529515,0.0031923383878691143,0.11666666666666665,20,11,1
0.7000000000000001,0.00029895366218236175,0.0005925925925925926,0.11666666666666665,21,1,5
0.6925925925925925,0.3354222620113399,0.33719966859983425,0.11666666666666665,21,1,2
0.006944444444444444,0.0002984183825723665,0.0005722460658082975,0.11666666666666665,21,2,3
0.012345679012345678,0.0002981514609421586,0.0005822416302765648,0.11666666666666665,21,2,4
0.025974025974025972,0.003584229390681004,0.006299212598425197,0.11666666666666665,21,1,1
0.7000000000000001,0.00029895366218236175,0.0005925925925925926,0.11666666666666665,21,2,5
0.6925925925925925,0.3354222620113399,0.33719966859983425,0.11666666666666665,21,2,2
0.006944444444444444,0.0002984183825723665,0.0005722460658082975,0.11666666666666665,21,3,3
0.025974025974025972,0.003584229390681004,0.006299212598425197,0.11666666666666665,21,2,1
0.7000000000000001,0.00029895366218236175,0.0005925925925925926,0.11666666666666665,21,3,5
0.012345679012345678,0.0002981514609421586,0.0005822416302765648,0.11666666666666665,21,3,4
0.6925925925925925,0.3354222620113399,0.33719966859983425,0.11666666666666665,21,3,2
0.012345679012345678,0.0002981514609421586,0.0005822416302765648,0.11666666666666665,21,4,4
0.006944444444444444,0.0002984183825723665,0.0005722460658082975,0.11666666666666665,21,4,3
0.7000000000000001,0.00029895366218236175,0.0005925925925925926,0.11666666666666665,21,4,5
0.6925925925925925,0.3354222620113399,0.33719966859983425,0.11666666666666665,21,4,2
0.020202020202020204,0.0029868578255675027,0.0052042674993494666,0.11666666666666665,21,3,1
0.006944444444444444,0.0002984183825723665,0.0005722460658082975,0.11666666666666665,21,5,3
0.7000000000000001,0.00029895366218236175,0.0005925925925925926,0.11666666666666665,21,5,5
0.020202020202020204,0.0029868578255675027,0.0052042674993494666,0.11666666666666665,21,4,1
0.012345679012345678,0.0002981514609421586,0.0005822416302765648,0.11666666666666665,21,5,4
0.6907630522088354,0.33512544802867383,0.33666944676118987,0.11666666666666665,21,5,2
0.017094017094017092,0.002387347060578932,0.0041895784236711175,0.11666666666666665,21,5,1
0.006944444444444444,0.0002984183825723665,0.0005722460658082975,0.11666666666666665,21,6,3
0.6907630522088354,0.33512544802867383,0.33666944676118987,0.11666666666666665,21,6,2
0.7000000000000001,0.00029895366218236175,0.0005925925925925926,0.11666666666666665,21,6,5
0.012345679012345678,0.0002981514609421586,0.0005822416302765648,0.11666666666666665,21,6,4
0.006944444444444444,0.0002984183825723665,0.0005722460658082975,0.11666666666666665,21,7,3
0.017094017094017092,0.002387347060578932,0.0041895784236711175,0.11666666666666665,21,6,1
0.7000000000000001,0.00029895366218236175,0.0005925925925925926,0.11666666666666665,21,7,5
0.6907630522088354,0.33512544802867383,0.33666944676118987,0.11666666666666665,21,7,2
0.012345679012345678,0.0002981514609421586,0.0005822416302765648,0.11666666666666665,21,7,4
0.016786570743405275,0.0020889286780065653,0.003715498938428875,0.11666666666666665,21,7,1
0.006944444444444444,0.0002984183825723665,0.0005722460658082975,0.11666666666666665,21,8,3
0.012345679012345678,0.0002981514609421586,0.0005822416302765648,0.11666666666666665,21,8,4
0.7000000000000001,0.00029895366218236175,0.0005925925925925926,0.11666666666666665,21,8,5
0.6907630522088354,0.33512544802867383,0.33666944676118987,0.11666666666666665,21,8,2
0.0,0.0,0.0,0.11666666666666665,21,9,3
0.012345679012345678,0.0002981514609421586,0.0005822416302765648,0.11666666666666665,21,9,4
0.7000000000000001,0.00029895366218236175,0.0005925925925925926,0.11666666666666665,21,9,5
0.016786570743405275,0.0020889286780065653,0.003715498938428875,0.11666666666666665,21,8,1
0.682051282051282,0.0008952551477170995,0.0016920473773265653,0.11666666666666665,21,9,2
0.011019283746556474,0.0011926058437686344,0.0021522733387140166,0.11666666666666665,21,9,1
0.0,0.0,0.0,0.11666666666666665,21,10,3
0.012345679012345678,0.0002981514609421586,0.0005822416302765648,0.11666666666666665,21,10,4
0.682051282051282,0.0008952551477170995,0.0016920473773265653,0.11666666666666665,21,10,2
0.7000000000000001,0.00029895366218236175,0.0005925925925925926,0.11666666666666665,21,10,5
0.7000000000000001,0.00029895366218236175,0.0005925925925925926,0.11666666666666665,21,11,5
0.011019283746556474,0.0011926058437686344,0.0021522733387140166,0.11666666666666665,21,10,1
0.0,0.0,0.0,0.11666666666666665,21,11,3
0.012345679012345678,0.0002981514609421586,0.0005822416302765648,0.11666666666666665,21,11,4
0.682051282051282,0.0008952551477170995,0.0016920473773265653,0.11666666666666665,21,11,2
0.013774104683195593,0.001490757304710793,0.0026903416733925207,0.11666666666666665,21,11,1
0.012345679012345678,0.0002981514609421586,0.0005822416302765648,0.11666666666666665,22,1,4
0.7000000000000001,0.00029895366218236175,0.0005925925925925926,0.11666666666666665,22,1,5
0.6925925925925925,0.3354222620113399,0.33719966859983425,0.11666666666666665,22,1,2
0.006944444444444444,0.0002984183825723665,0.0005722460658082975,0.11666666666666665,22,1,3
0.006944444444444444,0.0002984183825723665,0.0005722460658082975,0.11666666666666665,22,2,3
0.025974025974025972,0.003584229390681004,0.006299212598425197,0.11666666666666665,22,1,1
0.012345679012345678,0.0002981514609421586,0.0005822416302765648,0.11666666666666665,22,2,4
0.7000000000000001,0.00029895366218236175,0.0005925925925925926,0.11666666666666665,22,2,5
0.6925925925925925,0.3354222620113399,0.33719966859983425,0.11666666666666665,22,2,2
0.006944444444444444,0.0002984183825723665,0.0005722460658082975,0.11666666666666665,22,3,3
0.025974025974025972,0.003584229390681004,0.006299212598425197,0.11666666666666665,22,2,1
0.012345679012345678,0.0002981514609421586,0.0005822416302765648,0.11666666666666665,22,3,4
0.6925925925925925,0.3354222620113399,0.33719966859983425,0.11666666666666665,22,3,2
0.7000000000000001,0.00029895366218236175,0.0005925925925925926,0.11666666666666665,22,3,5
0.006944444444444444,0.0002984183825723665,0.0005722460658082975,0.11666666666666665,22,4,3
0.020202020202020204,0.0029868578255675027,0.0052042674993494666,0.11666666666666665,22,3,1
0.7000000000000001,0.00029895366218236175,0.0005925925925925926,0.11666666666666665,22,4,5
0.6925925925925925,0.3354222620113399,0.33719966859983425,0.11666666666666665,22,4,2
0.012345679012345678,0.0002981514609421586,0.0005822416302765648,0.11666666666666665,22,4,4
0.020202020202020204,0.0029868578255675027,0.0052042674993494666,0.11666666666666665,22,4,1
0.6907630522088354,0.33512544802867383,0.33666944676118987,0.11666666666666665,22,5,2
0.7000000000000001,0.00029895366218236175,0.0005925925925925926,0.11666666666666665,22,5,5
0.006944444444444444,0.0002984183825723665,0.0005722460658082975,0.11666666666666665,22,5,3
0.012345679012345678,0.0002981514609421586,0.0005822416302765648,0.11666666666666665,22,5,4
0.006944444444444444,0.0002984183825723665,0.0005722460658082975,0.11666666666666665,22,6,3
0.7000000000000001,0.00029895366218236175,0.0005925925925925926,0.11666666666666665,22,6,5
0.6907630522088354,0.33512544802867383,0.33666944676118987,0.11666666666666665,22,6,2
0.017094017094017092,0.002387347060578932,0.0041895784236711175,0.11666666666666665,22,5,1
0.012345679012345678,0.0002981514609421586,0.0005822416302765648,0.11666666666666665,22,6,4
0.006944444444444444,0.0002984183825723665,0.0005722460658082975,0.11666666666666665,22,7,3
0.012345679012345678,0.0002981514609421586,0.0005822416302765648,0.11666666666666665,22,7,4
0.7000000000000001,0.00029895366218236175,0.0005925925925925926,0.11666666666666665,22,7,5
0.6907630522088354,0.33512544802867383,0.33666944676118987,0.11666666666666665,22,7,2
0.017094017094017092,0.002387347060578932,0.0041895784236711175,0.11666666666666665,22,6,1
0.016786570743405275,0.0020889286780065653,0.003715498938428875,0.11666666666666665,22,7,1
0.7000000000000001,0.00029895366218236175,0.0005925925925925926,0.11666666666666665,22,8,5
0.006944444444444444,0.0002984183825723665,0.0005722460658082975,0.11666666666666665,22,8,3
0.6907630522088354,0.33512544802867383,0.33666944676118987,0.11666666666666665,22,8,2
0.012345679012345678,0.0002981514609421586,0.0005822416302765648,0.11666666666666665,22,8,4
0.0,0.0,0.0,0.11666666666666665,22,9,3
0.016786570743405275,0.0020889286780065653,0.003715498938428875,0.11666666666666665,22,8,1
0.682051282051282,0.0008952551477170995,0.0016920473773265653,0.11666666666666665,22,9,2
0.012345679012345678,0.0002981514609421586,0.0005822416302765648,0.11666666666666665,22,9,4
0.7000000000000001,0.00029895366218236175,0.0005925925925925926,0.11666666666666665,22,9,5
0.0,0.0,0.0,0.11666666666666665,22,10,3
0.011019283746556474,0.0011926058437686344,0.0021522733387140166,0.11666666666666665,22,9,1
0.7000000000000001,0.00029895366218236175,0.0005925925925925926,0.11666666666666665,22,10,5
0.012345679012345678,0.0002981514609421586,0.0005822416302765648,0.11666666666666665,22,10,4
0.682051282051282,0.0008952551477170995,0.0016920473773265653,0.11666666666666665,22,10,2
0.7000000000000001,0.00029895366218236175,0.0005925925925925926,0.11666666666666665,22,11,5
0.0,0.0,0.0,0.11666666666666665,22,11,3
0.012345679012345678,0.0002981514609421586,0.0005822416302765648,0.11666666666666665,22,11,4
0.011019283746556474,0.0011926058437686344,0.0021522733387140166,0.11666666666666665,22,10,1
0.682051282051282,0.0008952551477170995,0.0016920473773265653,0.11666666666666665,22,11,2
0.006944444444444444,0.0002984183825723665,0.0005722460658082975,0.11666666666666665,23,1,3
0.6925925925925925,0.3354222620113399,0.33719966859983425,0.11666666666666665,23,1,2
0.013774104683195593,0.001490757304710793,0.0026903416733925207,0.11666666666666665,22,11,1
0.7000000000000001,0.00029895366218236175,0.0005925925925925926,0.11666666666666665,23,1,5
0.012345679012345678,0.0002981514609421586,0.0005822416302765648,0.11666666666666665,23,1,4
0.006944444444444444,0.0002984183825723665,0.0005722460658082975,0.11666666666666665,23,2,3
0.02756892230576441,0.003285543608124253,0.005871363757672805,0.11666666666666665,23,1,1
0.012345679012345678,0.0002981514609421586,0.0005822416302765648,0.11666666666666665,23,2,4
0.7000000000000001,0.00029895366218236175,0.0005925925925925926,0.11666666666666665,23,2,5
0.6925925925925925,0.3354222620113399,0.33719966859983425,0.11666666666666665,23,2,2
0.006944444444444444,0.0002984183825723665,0.0005722460658082975,0.11666666666666665,23,3,3
0.02756892230576441,0.003285543608124253,0.005871363757672805,0.11666666666666665,23,2,1
0.012345679012345678,0.0002981514609421586,0.0005822416302765648,0.11666666666666665,23,3,4
0.7000000000000001,0.00029895366218236175,0.0005925925925925926,0.11666666666666665,23,3,5
0.6925925925925925,0.3354222620113399,0.33719966859983425,0.11666666666666665,23,3,2
0.006944444444444444,0.0002984183825723665,0.0005722460658082975,0.11666666666666665,23,4,3
0.012345679012345678,0.0002981514609421586,0.0005822416302765648,0.11666666666666665,23,4,4
0.7000000000000001,0.00029895366218236175,0.0005925925925925926,0.11666666666666665,23,4,5
0.35616438356164387,0.0029868578255675027,0.005282620179609086,0.11666666666666665,23,3,1
0.6925925925925925,0.3354222620113399,0.33719966859983425,0.11666666666666665,23,4,2
0.7000000000000001,0.00029895366218236175,0.0005925925925925926,0.11666666666666665,23,5,5
0.006944444444444444,0.0002984183825723665,0.0005722460658082975,0.11666666666666665,23,5,3
0.35616438356164387,0.0029868578255675027,0.005282620179609086,0.11666666666666665,23,4,1
0.012345679012345678,0.0002981514609421586,0.0005822416302765648,0.11666666666666665,23,5,4
0.6907630522088354,0.33512544802867383,0.33666944676118987,0.11666666666666665,23,5,2
0.006944444444444444,0.0002984183825723665,0.0005722460658082975,0.11666666666666665,23,6,3
0.012345679012345678,0.0002981514609421586,0.0005822416302765648,0.11666666666666665,23,6,4
0.7000000000000001,0.00029895366218236175,0.0005925925925925926,0.11666666666666665,23,6,5
0.6907630522088354,0.33512544802867383,0.33666944676118987,0.11666666666666665,23,6,2
0.018779342723004695,0.002387347060578932,0.004236166269526079,0.11666666666666665,23,5,1
0.006944444444444444,0.0002984183825723665,0.0005722460658082975,0.11666666666666665,23,7,3
0.6907630522088354,0.33512544802867383,0.33666944676118987,0.11666666666666665,23,7,2
0.7000000000000001,0.00029895366218236175,0.0005925925925925926,0.11666666666666665,23,7,5
0.018779342723004695,0.002387347060578932,0.004236166269526079,0.11666666666666665,23,6,1
0.012345679012345678,0.0002981514609421586,0.0005822416302765648,0.11666666666666665,23,7,4
0.006944444444444444,0.0002984183825723665,0.0005722460658082975,0.11666666666666665,23,8,3
0.012345679012345678,0.0002981514609421586,0.0005822416302765648,0.11666666666666665,23,8,4
0.01837270341207349,0.0020889286780065653,0.0037513397642015005,0.11666666666666665,23,7,1
0.6907630522088354,0.33512544802867383,0.33666944676118987,0.11666666666666665,23,8,2
0.7000000000000001,0.00029895366218236175,0.0005925925925925926,0.11666666666666665,23,8,5
0.0,0.0,0.0,0.11666666666666665,23,9,3
0.01837270341207349,0.0020889286780065653,0.0037513397642015005,0.11666666666666665,23,8,1
0.7000000000000001,0.00029895366218236175,0.0005925925925925926,0.11666666666666665,23,9,5
0.682051282051282,0.0008952551477170995,0.0016920473773265653,0.11666666666666665,23,9,2
0.012345679012345678,0.0002981514609421586,0.0005822416302765648,0.11666666666666665,23,9,4
0.0,0.0,0.0,0.11666666666666665,23,10,3
0.7000000000000001,0.00029895366218236175,0.0005925925925925926,0.11666666666666665,23,10,5
0.012345679012345678,0.0002981514609421586,0.0005822416302765648,0.11666666666666665,23,10,4
0.011799410029498525,0.0011926058437686344,0.0021662604928242616,0.11666666666666665,23,9,1
0.682051282051282,0.0008952551477170995,0.0016920473773265653,0.11666666666666665,23,10,2
0.0,0.0,0.0,0.11666666666666665,23,11,3
0.012345679012345678,0.0002981514609421586,0.0005822416302765648,0.11666666666666665,23,11,4
0.7000000000000001,0.00029895366218236175,0.0005925925925925926,0.11666666666666665,23,11,5
0.682051282051282,0.0008952551477170995,0.0016920473773265653,0.11666666666666665,23,11,2
0.011799410029498525,0.0011926058437686344,0.0021662604928242616,0.11666666666666665,23,10,1
0.006944444444444444,0.0002984183825723665,0.0005722460658082975,0.11666666666666665,24,1,3
0.014749262536873156,0.001490757304710793,0.0027078256160303275,0.11666666666666665,23,11,1
0.7000000000000001,0.00029895366218236175,0.0005925925925925926,0.11666666666666665,24,1,5
0.6925925925925925,0.3354222620113399,0.33719966859983425,0.11666666666666665,24,1,2
0.012345679012345678,0.0002981514609421586,0.0005822416302765648,0.11666666666666665,24,1,4
0.006944444444444444,0.0002984183825723665,0.0005722460658082975,0.11666666666666665,24,2,3
0.02756892230576441,0.003285543608124253,0.005871363757672805,0.11666666666666665,24,1,1
0.6925925925925925,0.3354222620113399,0.33719966859983425,0.11666666666666665,24,2,2
0.012345679012345678,0.0002981514609421586,0.0005822416302765648,0.11666666666666665,24,2,4
0.7000000000000001,0.00029895366218236175,0.0005925925925925926,0.11666666666666665,24,2,5
0.006944444444444444,0.0002984183825723665,0.0005722460658082975,0.11666666666666665,24,3,3
0.02756892230576441,0.003285543608124253,0.005871363757672805,0.11666666666666665,24,2,1
0.7000000000000001,0.00029895366218236175,0.0005925925925925926,0.11666666666666665,24,3,5
0.012345679012345678,0.0002981514609421586,0.0005822416302765648,0.11666666666666665,24,3,4
0.6925925925925925,0.3354222620113399,0.33719966859983425,0.11666666666666665,24,3,2
0.006944444444444444,0.0002984183825723665,0.0005722460658082975,0.11666666666666665,24,4,3
0.7000000000000001,0.00029895366218236175,0.0005925925925925926,0.11666666666666665,24,4,5
0.012345679012345678,0.0002981514609421586,0.0005822416302765648,0.11666666666666665,24,4,4
0.6925925925925925,0.3354222620113399,0.33719966859983425,0.11666666666666665,24,4,2
0.35616438356164387,0.0029868578255675027,0.005282620179609086,0.11666666666666665,24,3,1
0.006944444444444444,0.0002984183825723665,0.0005722460658082975,0.11666666666666665,24,5,3
0.012345679012345678,0.0002981514609421586,0.0005822416302765648,0.11666666666666665,24,5,4
0.7000000000000001,0.00029895366218236175,0.0005925925925925926,0.11666666666666665,24,5,5
0.6907630522088354,0.33512544802867383,0.33666944676118987,0.11666666666666665,24,5,2
0.35616438356164387,0.0029868578255675027,0.005282620179609086,0.11666666666666665,24,4,1
0.018779342723004695,0.002387347060578932,0.004236166269526079,0.11666666666666665,24,5,1
0.006944444444444444,0.0002984183825723665,0.0005722460658082975,0.11666666666666665,24,6,3
0.012345679012345678,0.0002981514609421586,0.0005822416302765648,0.11666666666666665,24,6,4
0.7000000000000001,0.00029895366218236175,0.0005925925925925926,0.11666666666666665,24,6,5
0.6907630522088354,0.33512544802867383,0.33666944676118987,0.11666666666666665,24,6,2
0.006944444444444444,0.0002984183825723665,0.0005722460658082975,0.11666666666666665,24,7,3
0.012345679012345678,0.0002981514609421586,0.0005822416302765648,0.11666666666666665,24,7,4
0.7000000000000001,0.00029895366218236175,0.0005925925925925926,0.11666666666666665,24,7,5
0.6907630522088354,0.33512544802867383,0.33666944676118987,0.11666666666666665,24,7,2
0.018779342723004695,0.002387347060578932,0.004236166269526079,0.11666666666666665,24,6,1
0.006944444444444444,0.0002984183825723665,0.0005722460658082975,0.11666666666666665,24,8,3
0.01837270341207349,0.0020889286780065653,0.0037513397642015005,0.11666666666666665,24,7,1
0.6907630522088354,0.33512544802867383,0.33666944676118987,0.11666666666666665,24,8,2
0.7000000000000001,0.00029895366218236175,0.0005925925925925926,0.11666666666666665,24,8,5
0.012345679012345678,0.0002981514609421586,0.0005822416302765648,0.11666666666666665,24,8,4
0.012345679012345678,0.0002981514609421586,0.0005822416302765648,0.11666666666666665,24,9,4
0.0,0.0,0.0,0.11666666666666665,24,9,3
0.01837270341207349,0.0020889286780065653,0.0037513397642015005,0.11666666666666665,24,8,1
0.7000000000000001,0.00029895366218236175,0.0005925925925925926,0.11666666666666665,24,9,5
0.682051282051282,0.0008952551477170995,0.0016920473773265653,0.11666666666666665,24,9,2
0.0,0.0,0.0,0.11666666666666665,24,10,3
0.012345679012345678,0.0002981514609421586,0.0005822416302765648,0.11666666666666665,24,10,4
0.682051282051282,0.0008952551477170995,0.0016920473773265653,0.11666666666666665,24,10,2
0.7000000000000001,0.00029895366218236175,0.0005925925925925926,0.11666666666666665,24,10,5
0.011799410029498525,0.0011926058437686344,0.0021662604928242616,0.11666666666666665,24,9,1
0.0,0.0,0.0,0.11666666666666665,24,11,3
0.682051282051282,0.0008952551477170995,0.0016920473773265653,0.11666666666666665,24,11,2
0.7000000000000001,0.00029895366218236175,0.0005925925925925926,0.11666666666666665,24,11,5
0.011799410029498525,0.0011926058437686344,0.0021662604928242616,0.11666666666666665,24,10,1
0.012345679012345678,0.0002981514609421586,0.0005822416302765648,0.11666666666666665,24,11,4
0.014749262536873156,0.001490757304710793,0.0027078256160303275,0.11666666666666665,24,11,1
0.34375,0.0002981514609421586,0.0005797101449275362,0.14333333333333334,1,1,4
0.3666666666666667,0.00029895366218236175,0.0005925925925925926,0.14333333333333334,1,1,5
0.0,0.0,0.0,0.14333333333333334,1,1,3
0.0,0.0,0.0,0.14333333333333334,1,2,3
0.008314436885865457,0.003282602208296031,0.0047068891741549,0.14333333333333334,1,1,2
0.3666666666666667,0.00029895366218236175,0.0005925925925925926,0.14333333333333334,1,2,5
0.34375,0.0002981514609421586,0.0005797101449275362,0.14333333333333334,1,2,4
0.008314436885865457,0.003282602208296031,0.0047068891741549,0.14333333333333334,1,2,2
0.0,0.0,0.0,0.14333333333333334,1,3,3
0.34375,0.0002981514609421586,0.0005797101449275362,0.14333333333333334,1,3,4
0.3666666666666667,0.00029895366218236175,0.0005925925925925926,0.14333333333333334,1,3,5
0.008314436885865457,0.003282602208296031,0.0047068891741549,0.14333333333333334,1,3,2
0.0,0.0,0.0,0.14333333333333334,1,4,3
0.3666666666666667,0.00029895366218236175,0.0005925925925925926,0.14333333333333334,1,4,5
0.34375,0.0002981514609421586,0.0005797101449275362,0.14333333333333334,1,4,4
0.033258113045347086,0.33782166367444644,0.05911934743011008,0.14333333333333334,1,1,1
0.0,0.0,0.0,0.14333333333333334,1,5,3
0.3666666666666667,0.00029895366218236175,0.0005925925925925926,0.14333333333333334,1,5,5
0.008314436885865457,0.003282602208296031,0.0047068891741549,0.14333333333333334,1,4,2
0.34375,0.0002981514609421586,0.0005797101449275362,0.14333333333333334,1,5,4
0.033258113045347086,0.33782166367444644,0.05911934743011008,0.14333333333333334,1,2,1
0.3383838383838384,0.001490757304710793,0.002302025782688766,0.14333333333333334,1,5,2
0.044167291822955736,0.336322869955157,0.07679738562091502,0.14333333333333334,1,3,1
0.3666666666666667,0.00029895366218236175,0.0005925925925925926,0.14333333333333334,1,6,5
0.34375,0.0002981514609421586,0.0005797101449275362,0.14333333333333334,1,6,4
0.3383838383838384,0.001490757304710793,0.002302025782688766,0.14333333333333334,1,6,2
0.0,0.0,0.0,0.14333333333333334,1,6,3
0.044167291822955736,0.336322869955157,0.07679738562091502,0.14333333333333334,1,4,1
0.3666666666666667,0.00029895366218236175,0.0005925925925925926,0.14333333333333334,1,7,5
0.34375,0.0002981514609421586,0.0005797101449275362,0.14333333333333334,1,7,4
0.050649350649350645,0.3360190987764846,0.08618098402151558,0.14333333333333334,1,5,1
0.0,0.0,0.0,0.14333333333333334,1,7,3
0.050649350649350645,0.3360190987764846,0.08618098402151558,0.14333333333333334,1,6,1
0.3383838383838384,0.001490757304710793,0.002302025782688766,0.14333333333333334,1,7,2
0.34375,0.0002981514609421586,0.0005797101449275362,0.14333333333333334,1,8,4
0.3666666666666667,0.00029895366218236175,0.0005925925925925926,0.14333333333333334,1,8,5
0.0,0.0,0.0,0.14333333333333334,1,8,3
0.0020885547201336674,0.0014934289127837513,0.0017415534656913965,0.14333333333333334,1,7,1
0.34375,0.0002981514609421586,0.0005797101449275362,0.14333333333333334,1,9,4
0.3383838383838384,0.001490757304710793,0.002302025782688766,0.14333333333333334,1,8,2
0.3666666666666667,0.00029895366218236175,0.0005925925925925926,0.14333333333333334,1,9,5
0.3333333333333333,0.0,0.0,0.14333333333333334,1,9,3
0.3361111111111111,0.0005963029218843172,0.0009818360333824253,0.14333333333333334,1,9,2
0.0020885547201336674,0.0014934289127837513,0.0017415534656913965,0.14333333333333334,1,8,1
0.3666666666666667,0.00029895366218236175,0.0005925925925925926,0.14333333333333334,1,10,5
0.34375,0.0002981514609421586,0.0005797101449275362,0.14333333333333334,1,10,4
0.3333333333333333,0.0,0.0,0.14333333333333334,1,10,3
0.3361111111111111,0.0005963029218843172,0.0009818360333824253,0.14333333333333334,1,10,2
0.0032258064516129032,0.001790510295434199,0.002302820955670697,0.14333333333333334,1,9,1
0.3666666666666667,0.00029895366218236175,0.0005925925925925926,0.14333333333333334,1,11,5
0.34375,0.0002981514609421586,0.0005797101449275362,0.14333333333333334,1,11,4
0.3333333333333333,0.0,0.0,0.14333333333333334,1,11,3
0.0032258064516129032,0.001790510295434199,0.002302820955670697,0.14333333333333334,1,10,1
0.3361111111111111,0.0005963029218843172,0.0009818360333824253,0.14333333333333334,1,11,2
0.34375,0.0002981514609421586,0.0005797101449275362,0.14333333333333334,2,1,4
0.3666666666666667,0.00029895366218236175,0.0005925925925925926,0.14333333333333334,2,1,5
0.0,0.0,0.0,0.14333333333333334,2,1,3
0.0024875621890547263,0.001193673530289466,0.0016132284734825567,0.14333333333333334,1,11,1
0.3666666666666667,0.00029895366218236175,0.0005925925925925926,0.14333333333333334,2,2,5
0.34375,0.0002981514609421586,0.0005797101449275362,0.14333333333333334,2,2,4
0.008314436885865457,0.003282602208296031,0.0047068891741549,0.14333333333333334,2,1,2
0.0,0.0,0.0,0.14333333333333334,2,2,3
0.008314436885865457,0.003282602208296031,0.0047068891741549,0.14333333333333334,2,2,2
0.3666666666666667,0.00029895366218236175,0.0005925925925925926,0.14333333333333334,2,3,5
0.34375,0.0002981514609421586,0.0005797101449275362,0.14333333333333334,2,3,4
0.0,0.0,0.0,0.14333333333333334,2,3,3
0.3666666666666667,0.00029895366218236175,0.0005925925925925926,0.14333333333333334,2,4,5
0.34375,0.0002981514609421586,0.0005797101449275362,0.14333333333333334,2,4,4
0.008314436885865457,0.003282602208296031,0.0047068891741549,0.14333333333333334,2,3,2
0.0,0.0,0.0,0.14333333333333334,2,4,3
0.033258113045347086,0.33782166367444644,0.05911934743011008,0.14333333333333334,2,1,1
0.3666666666666667,0.00029895366218236175,0.0005925925925925926,0.14333333333333334,2,5,5
0.34375,0.0002981514609421586,0.0005797101449275362,0.14333333333333334,2,5,4
0.008314436885865457,0.003282602208296031,0.0047068891741549,0.14333333333333334,2,4,2
0.0,0.0,0.0,0.14333333333333334,2,5,3
0.033258113045347086,0.33782166367444644,0.05911934743011008,0.14333333333333334,2,2,1
0.3383838383838384,0.001490757304710793,0.002302025782688766,0.14333333333333334,2,5,2
0.044167291822955736,0.336322869955157,0.07679738562091502,0.14333333333333334,2,3,1
0.3666666666666667,0.00029895366218236175,0.0005925925925925926,0.14333333333333334,2,6,5
0.34375,0.0002981514609421586,0.0005797101449275362,0.14333333333333334,2,6,4
0.0,0.0,0.0,0.14333333333333334,2,6,3
0.044167291822955736,0.336322869955157,0.07679738562091502,0.14333333333333334,2,4,1
0.050649350649350645,0.3360190987764846,0.08618098402151558,0.14333333333333334,2,5,1
0.3383838383838384,0.001490757304710793,0.002302025782688766,0.14333333333333334,2,6,2
0.34375,0.0002981514609421586,0.0005797101449275362,0.14333333333333334,2,7,4
0.3666666666666667,0.00029895366218236175,0.0005925925925925926,0.14333333333333334,2,7,5
0.0,0.0,0.0,0.14333333333333334,2,7,3
0.3383838383838384,0.001490757304710793,0.002302025782688766,0.14333333333333334,2,7,2
0.050649350649350645,0.3360190987764846,0.08618098402151558,0.14333333333333334,2,6,1
0.34375,0.0002981514609421586,0.0005797101449275362,0.14333333333333334,2,8,4
0.3666666666666667,0.00029895366218236175,0.0005925925925925926,0.14333333333333334,2,8,5
0.0,0.0,0.0,0.14333333333333334,2,8,3
0.0020885547201336674,0.0014934289127837513,0.0017415534656913965,0.14333333333333334,2,7,1
0.3383838383838384,0.001490757304710793,0.002302025782688766,0.14333333333333334,2,8,2
0.3333333333333333,0.0,0.0,0.14333333333333334,2,9,3
0.34375,0.0002981514609421586,0.0005797101449275362,0.14333333333333334,2,9,4
0.3666666666666667,0.00029895366218236175,0.0005925925925925926,0.14333333333333334,2,9,5
0.34375,0.0002981514609421586,0.0005797101449275362,0.14333333333333334,2,10,4
0.3361111111111111,0.0005963029218843172,0.0009818360333824253,0.14333333333333334,2,9,2
0.3333333333333333,0.0,0.0,0.14333333333333334,2,10,3
0.3666666666666667,0.00029895366218236175,0.0005925925925925926,0.14333333333333334,2,10,5
0.0020885547201336674,0.0014934289127837513,0.0017415534656913965,0.14333333333333334,2,8,1
0.3361111111111111,0.0005963029218843172,0.0009818360333824253,0.14333333333333334,2,10,2
0.3666666666666667,0.00029895366218236175,0.0005925925925925926,0.14333333333333334,2,11,5
0.0032258064516129032,0.001790510295434199,0.002302820955670697,0.14333333333333334,2,9,1
0.34375,0.0002981514609421586,0.0005797101449275362,0.14333333333333334,2,11,4
0.3333333333333333,0.0,0.0,0.14333333333333334,2,11,3
0.0032258064516129032,0.001790510295434199,0.002302820955670697,0.14333333333333334,2,10,1
0.3361111111111111,0.0005963029218843172,0.0009818360333824253,0.14333333333333334,2,11,2
0.34375,0.0002981514609421586,0.0005797101449275362,0.14333333333333334,3,1,4
0.3666666666666667,0.00029895366218236175,0.0005925925925925926,0.14333333333333334,3,1,5
0.0,0.0,0.0,0.14333333333333334,3,1,3
0.0024875621890547263,0.001193673530289466,0.0016132284734825567,0.14333333333333334,2,11,1
0.3666666666666667,0.00029895366218236175,0.0005925925925925926,0.14333333333333334,3,2,5
0.34375,0.0002981514609421586,0.0005797101449275362,0.14333333333333334,3,2,4
0.008314436885865457,0.003282602208296031,0.0047068891741549,0.14333333333333334,3,1,2
0.0,0.0,0.0,0.14333333333333334,3,2,3
0.3666666666666667,0.00029895366218236175,0.0005925925925925926,0.14333333333333334,3,3,5
0.34375,0.0002981514609421586,0.0005797101449275362,0.14333333333333334,3,3,4
0.008314436885865457,0.003282602208296031,0.0047068891741549,0.14333333333333334,3,2,2
0.0,0.0,0.0,0.14333333333333334,3,3,3
0.3666666666666667,0.00029895366218236175,0.0005925925925925926,0.14333333333333334,3,4,5
0.34375,0.0002981514609421586,0.0005797101449275362,0.14333333333333334,3,4,4
0.0,0.0,0.0,0.14333333333333334,3,4,3
0.008314436885865457,0.003282602208296031,0.0047068891741549,0.14333333333333334,3,3,2
0.033258113045347086,0.33782166367444644,0.05911934743011008,0.14333333333333334,3,1,1
0.34375,0.0002981514609421586,0.0005797101449275362,0.14333333333333334,3,5,4
0.3666666666666667,0.00029895366218236175,0.0005925925925925926,0.14333333333333334,3,5,5
0.008314436885865457,0.003282602208296031,0.0047068891741549,0.14333333333333334,3,4,2
0.033258113045347086,0.33782166367444644,0.05911934743011008,0.14333333333333334,3,2,1
0.0,0.0,0.0,0.14333333333333334,3,5,3
0.044167291822955736,0.336322869955157,0.07679738562091502,0.14333333333333334,3,3,1
0.3383838383838384,0.001490757304710793,0.002302025782688766,0.14333333333333334,3,5,2
0.34375,0.0002981514609421586,0.0005797101449275362,0.14333333333333334,3,6,4
0.3666666666666667,0.00029895366218236175,0.0005925925925925926,0.14333333333333334,3,6,5
0.0,0.0,0.0,0.14333333333333334,3,6,3
0.3383838383838384,0.001490757304710793,0.002302025782688766,0.14333333333333334,3,6,2
0.050649350649350645,0.3360190987764846,0.08618098402151558,0.14333333333333334,3,5,1
0.044167291822955736,0.336322869955157,0.07679738562091502,0.14333333333333334,3,4,1
0.34375,0.0002981514609421586,0.0005797101449275362,0.14333333333333334,3,7,4
0.3666666666666667,0.00029895366218236175,0.0005925925925925926,0.14333333333333334,3,7,5
0.0,0.0,0.0,0.14333333333333334,3,7,3
0.3383838383838384,0.001490757304710793,0.002302025782688766,0.14333333333333334,3,7,2
0.34375,0.0002981514609421586,0.0005797101449275362,0.14333333333333334,3,8,4
0.3666666666666667,0.00029895366218236175,0.0005925925925925926,0.14333333333333334,3,8,5
0.050649350649350645,0.3360190987764846,0.08618098402151558,0.14333333333333334,3,6,1
0.0,0.0,0.0,0.14333333333333334,3,8,3
0.3666666666666667,0.00029895366218236175,0.0005925925925925926,0.14333333333333334,3,9,5
0.0020885547201336674,0.0014934289127837513,0.0017415534656913965,0.14333333333333334,3,7,1
0.34375,0.0002981514609421586,0.0005797101449275362,0.14333333333333334,3,9,4
0.3383838383838384,0.001490757304710793,0.002302025782688766,0.14333333333333334,3,8,2
0.3333333333333333,0.0,0.0,0.14333333333333334,3,9,3
0.34375,0.0002981514609421586,0.0005797101449275362,0.14333333333333334,3,10,4
0.3361111111111111,0.0005963029218843172,0.0009818360333824253,0.14333333333333334,3,9,2
0.3333333333333333,0.0,0.0,0.14333333333333334,3,10,3
0.0020885547201336674,0.0014934289127837513,0.0017415534656913965,0.14333333333333334,3,8,1
0.3666666666666667,0.00029895366218236175,0.0005925925925925926,0.14333333333333334,3,10,5
0.3361111111111111,0.0005963029218843172,0.0009818360333824253,0.14333333333333334,3,10,2
0.3666666666666667,0.00029895366218236175,0.0005925925925925926,0.14333333333333334,3,11,5
0.0032258064516129032,0.001790510295434199,0.002302820955670697,0.14333333333333334,3,9,1
0.34375,0.0002981514609421586,0.0005797101449275362,0.14333333333333334,3,11,4
0.3333333333333333,0.0,0.0,0.14333333333333334,3,11,3
0.0032258064516129032,0.001790510295434199,0.002302820955670697,0.14333333333333334,3,10,1
0.3666666666666667,0.00029895366218236175,0.0005925925925925926,0.14333333333333334,4,1,5
0.34375,0.0002981514609421586,0.0005797101449275362,0.14333333333333334,4,1,4
0.3361111111111111,0.0005963029218843172,0.0009818360333824253,0.14333333333333334,3,11,2
0.0024875621890547263,0.001193673530289466,0.0016132284734825567,0.14333333333333334,3,11,1
0.3666666666666667,0.00029895366218236175,0.0005925925925925926,0.14333333333333334,4,2,5
0.34375,0.0002981514609421586,0.0005797101449275362,0.14333333333333334,4,2,4
0.0,0.0,0.0,0.14333333333333334,4,1,3
0.0,0.0,0.0,0.14333333333333334,4,2,3
0.008314436885865457,0.003282602208296031,0.0047068891741549,0.14333333333333334,4,1,2
0.3666666666666667,0.00029895366218236175,0.0005925925925925926,0.14333333333333334,4,3,5
0.34375,0.0002981514609421586,0.0005797101449275362,0.14333333333333334,4,3,4
0.0,0.0,0.0,0.14333333333333334,4,3,3
0.008314436885865457,0.003282602208296031,0.0047068891741549,0.14333333333333334,4,2,2
0.34375,0.0002981514609421586,0.0005797101449275362,0.14333333333333334,4,4,4
0.033258113045347086,0.33782166367444644,0.05911934743011008,0.14333333333333334,4,1,1
0.008314436885865457,0.003282602208296031,0.0047068891741549,0.14333333333333334,4,3,2
0.3666666666666667,0.00029895366218236175,0.0005925925925925926,0.14333333333333334,4,4,5
0.0,0.0,0.0,0.14333333333333334,4,4,3
0.3666666666666667,0.00029895366218236175,0.0005925925925925926,0.14333333333333334,4,5,5
0.033258113045347086,0.33782166367444644,0.05911934743011008,0.14333333333333334,4,2,1
0.34375,0.0002981514609421586,0.0005797101449275362,0.14333333333333334,4,5,4
0.0,0.0,0.0,0.14333333333333334,4,5,3
0.008314436885865457,0.003282602208296031,0.0047068891741549,0.14333333333333334,4,4,2
0.044167291822955736,0.336322869955157,0.07679738562091502,0.14333333333333334,4,3,1
0.3666666666666667,0.00029895366218236175,0.0005925925925925926,0.14333333333333334,4,6,5
0.34375,0.0002981514609421586,0.0005797101449275362,0.14333333333333334,4,6,4
0.3383838383838384,0.001490757304710793,0.002302025782688766,0.14333333333333334,4,5,2
0.0,0.0,0.0,0.14333333333333334,4,6,3
0.044167291822955736,0.336322869955157,0.07679738562091502,0.14333333333333334,4,4,1
0.050649350649350645,0.3360190987764846,0.08618098402151558,0.14333333333333334,4,5,1
0.3383838383838384,0.001490757304710793,0.002302025782688766,0.14333333333333334,4,6,2
0.3666666666666667,0.00029895366218236175,0.0005925925925925926,0.14333333333333334,4,7,5
0.34375,0.0002981514609421586,0.0005797101449275362,0.14333333333333334,4,7,4
0.0,0.0,0.0,0.14333333333333334,4,7,3
0.3383838383838384,0.001490757304710793,0.002302025782688766,0.14333333333333334,4,7,2
0.3666666666666667,0.00029895366218236175,0.0005925925925925926,0.14333333333333334,4,8,5
0.34375,0.0002981514609421586,0.0005797101449275362,0.14333333333333334,4,8,4
0.050649350649350645,0.3360190987764846,0.08618098402151558,0.14333333333333334,4,6,1
0.0,0.0,0.0,0.14333333333333334,4,8,3
0.0020885547201336674,0.0014934289127837513,0.0017415534656913965,0.14333333333333334,4,7,1
0.3383838383838384,0.001490757304710793,0.002302025782688766,0.14333333333333334,4,8,2
0.3666666666666667,0.00029895366218236175,0.0005925925925925926,0.14333333333333334,4,9,5
0.34375,0.0002981514609421586,0.0005797101449275362,0.14333333333333334,4,9,4
0.3333333333333333,0.0,0.0,0.14333333333333334,4,9,3
0.3666666666666667,0.00029895366218236175,0.0005925925925925926,0.14333333333333334,4,10,5
0.3361111111111111,0.0005963029218843172,0.0009818360333824253,0.14333333333333334,4,9,2
0.34375,0.0002981514609421586,0.0005797101449275362,0.14333333333333334,4,10,4
0.0020885547201336674,0.0014934289127837513,0.0017415534656913965,0.14333333333333334,4,8,1
0.3333333333333333,0.0,0.0,0.14333333333333334,4,10,3
0.3666666666666667,0.00029895366218236175,0.0005925925925925926,0.14333333333333334,4,11,5
0.3361111111111111,0.0005963029218843172,0.0009818360333824253,0.14333333333333334,4,10,2
0.34375,0.0002981514609421586,0.0005797101449275362,0.14333333333333334,4,11,4
0.3333333333333333,0.0,0.0,0.14333333333333334,4,11,3
0.0032258064516129032,0.001790510295434199,0.002302820955670697,0.14333333333333334,4,9,1
0.3361111111111111,0.0005963029218843172,0.0009818360333824253,0.14333333333333334,4,11,2
0.0032258064516129032,0.001790510295434199,0.002302820955670697,0.14333333333333334,4,10,1
0.3666666666666667,0.00029895366218236175,0.0005925925925925926,0.14333333333333334,5,1,5
0.34375,0.0002981514609421586,0.0005797101449275362,0.14333333333333334,5,1,4
0.0,0.0,0.0,0.14333333333333334,5,1,3
0.0024875621890547263,0.001193673530289466,0.0016132284734825567,0.14333333333333334,4,11,1
0.008314436885865457,0.003282602208296031,0.0047068891741549,0.14333333333333334,5,1,2
0.3666666666666667,0.00029895366218236175,0.0005925925925925926,0.14333333333333334,5,2,5
0.0,0.0,0.0,0.14333333333333334,5,2,3
0.34375,0.0002981514609421586,0.0005797101449275362,0.14333333333333334,5,2,4
0.3666666666666667,0.00029895366218236175,0.0005925925925925926,0.14333333333333334,5,3,5
0.008314436885865457,0.003282602208296031,0.0047068891741549,0.14333333333333334,5,2,2
0.34375,0.0002981514609421586,0.0005797101449275362,0.14333333333333334,5,3,4
0.06,0.3375186846038864,0.09954910370614757,0.14333333333333334,5,1,1
0.0,0.0,0.0,0.14333333333333334,5,3,3
0.34375,0.0002981514609421586,0.0005797101449275362,0.14333333333333334,5,4,4
0.3666666666666667,0.00029895366218236175,0.0005925925925925926,0.14333333333333334,5,4,5
0.008314436885865457,0.003282602208296031,0.0047068891741549,0.14333333333333334,5,3,2
0.06,0.3375186846038864,0.09954910370614757,0.14333333333333334,5,2,1
0.0,0.0,0.0,0.14333333333333334,5,4,3
0.34375,0.0002981514609421586,0.0005797101449275362,0.14333333333333334,5,5,4
0.3666666666666667,0.00029895366218236175,0.0005925925925925926,0.14333333333333334,5,5,5
0.008314436885865457,0.003282602208296031,0.0047068891741549,0.14333333333333334,5,4,2
0.05925514860032063,0.336322869955157,0.09854497354497355,0.14333333333333334,5,3,1
0.0,0.0,0.0,0.14333333333333334,5,5,3
0.3666666666666667,0.00029895366218236175,0.0005925925925925926,0.14333333333333334,5,6,5
0.3383838383838384,0.001490757304710793,0.002302025782688766,0.14333333333333334,5,5,2
0.05925514860032063,0.336322869955157,0.09854497354497355,0.14333333333333334,5,4,1
0.34375,0.0002981514609421586,0.0005797101449275362,0.14333333333333334,5,6,4
0.0,0.0,0.0,0.14333333333333334,5,6,3
0.06004657351962741,0.3360190987764846,0.09859943977591036,0.14333333333333334,5,5,1
0.3383838383838384,0.001490757304710793,0.002302025782688766,0.14333333333333334,5,6,2
0.3666666666666667,0.00029895366218236175,0.0005925925925925926,0.14333333333333334,5,7,5
0.34375,0.0002981514609421586,0.0005797101449275362,0.14333333333333334,5,7,4
0.06004657351962741,0.3360190987764846,0.09859943977591036,0.14333333333333334,5,6,1
0.0,0.0,0.0,0.14333333333333334,5,7,3
0.3666666666666667,0.00029895366218236175,0.0005925925925925926,0.14333333333333334,5,8,5
0.34375,0.0002981514609421586,0.0005797101449275362,0.14333333333333334,5,8,4
0.3383838383838384,0.001490757304710793,0.002302025782688766,0.14333333333333334,5,7,2
0.0,0.0,0.0,0.14333333333333334,5,8,3
0.002981514609421586,0.0014934289127837513,0.001990049751243781,0.14333333333333334,5,7,1
0.3383838383838384,0.001490757304710793,0.002302025782688766,0.14333333333333334,5,8,2
0.34375,0.0002981514609421586,0.0005797101449275362,0.14333333333333334,5,9,4
0.3666666666666667,0.00029895366218236175,0.0005925925925925926,0.14333333333333334,5,9,5
0.3333333333333333,0.0,0.0,0.14333333333333334,5,9,3
0.002981514609421586,0.0014934289127837513,0.001990049751243781,0.14333333333333334,5,8,1
0.3361111111111111,0.0005963029218843172,0.0009818360333824253,0.14333333333333334,5,9,2
0.3666666666666667,0.00029895366218236175,0.0005925925925925926,0.14333333333333334,5,10,5
0.34375,0.0002981514609421586,0.0005797101449275362,0.14333333333333334,5,10,4
0.004357298474945534,0.001790510295434199,0.002538071065989848,0.14333333333333334,5,9,1
0.3333333333333333,0.0,0.0,0.14333333333333334,5,10,3
0.3666666666666667,0.00029895366218236175,0.0005925925925925926,0.14333333333333334,5,11,5
0.3361111111111111,0.0005963029218843172,0.0009818360333824253,0.14333333333333334,5,10,2
0.34375,0.0002981514609421586,0.0005797101449275362,0.14333333333333334,5,11,4
0.3333333333333333,0.0,0.0,0.14333333333333334,5,11,3
0.004357298474945534,0.001790510295434199,0.002538071065989848,0.14333333333333334,5,10,1
0.3361111111111111,0.0005963029218843172,0.0009818360333824253,0.14333333333333334,5,11,2
0.3666666666666667,0.00029895366218236175,0.0005925925925925926,0.14333333333333334,6,1,5
0.34375,0.0002981514609421586,0.0005797101449275362,0.14333333333333334,6,1,4
0.0,0.0,0.0,0.14333333333333334,6,1,3
0.0033755274261603376,0.001193673530289466,0.001763668430335097,0.14333333333333334,5,11,1
0.008314436885865457,0.003282602208296031,0.0047068891741549,0.14333333333333334,6,1,2
0.34375,0.0002981514609421586,0.0005797101449275362,0.14333333333333334,6,2,4
0.3666666666666667,0.00029895366218236175,0.0005925925925925926,0.14333333333333334,6,2,5
0.0,0.0,0.0,0.14333333333333334,6,2,3
0.3666666666666667,0.00029895366218236175,0.0005925925925925926,0.14333333333333334,6,3,5
0.34375,0.0002981514609421586,0.0005797101449275362,0.14333333333333334,6,3,4
0.008314436885865457,0.003282602208296031,0.0047068891741549,0.14333333333333334,6,2,2
0.06,0.3375186846038864,0.09954910370614757,0.14333333333333334,6,1,1
0.0,0.0,0.0,0.14333333333333334,6,3,3
0.3666666666666667,0.00029895366218236175,0.0005925925925925926,0.14333333333333334,6,4,5
0.008314436885865457,0.003282602208296031,0.0047068891741549,0.14333333333333334,6,3,2
0.34375,0.0002981514609421586,0.0005797101449275362,0.14333333333333334,6,4,4
0.06,0.3375186846038864,0.09954910370614757,0.14333333333333334,6,2,1
0.0,0.0,0.0,0.14333333333333334,6,4,3
0.008314436885865457,0.003282602208296031,0.0047068891741549,0.14333333333333334,6,4,2
0.3666666666666667,0.00029895366218236175,0.0005925925925925926,0.14333333333333334,6,5,5
0.34375,0.0002981514609421586,0.0005797101449275362,0.14333333333333334,6,5,4
0.05925514860032063,0.336322869955157,0.09854497354497355,0.14333333333333334,6,3,1
0.0,0.0,0.0,0.14333333333333334,6,5,3
0.3383838383838384,0.001490757304710793,0.002302025782688766,0.14333333333333334,6,5,2
0.34375,0.0002981514609421586,0.0005797101449275362,0.14333333333333334,6,6,4
0.3666666666666667,0.00029895366218236175,0.0005925925925925926,0.14333333333333334,6,6,5
0.05925514860032063,0.336322869955157,0.09854497354497355,0.14333333333333334,6,4,1
0.0,0.0,0.0,0.14333333333333334,6,6,3
0.3383838383838384,0.001490757304710793,0.002302025782688766,0.14333333333333334,6,6,2
0.06004657351962741,0.3360190987764846,0.09859943977591036,0.14333333333333334,6,5,1
0.34375,0.0002981514609421586,0.0005797101449275362,0.14333333333333334,6,7,4
0.3666666666666667,0.00029895366218236175,0.0005925925925925926,0.14333333333333334,6,7,5
0.0,0.0,0.0,0.14333333333333334,6,7,3
0.06004657351962741,0.3360190987764846,0.09859943977591036,0.14333333333333334,6,6,1
0.34375,0.0002981514609421586,0.0005797101449275362,0.14333333333333334,6,8,4
0.3666666666666667,0.00029895366218236175,0.0005925925925925926,0.14333333333333334,6,8,5
0.3383838383838384,0.001490757304710793,0.002302025782688766,0.14333333333333334,6,7,2
0.0,0.0,0.0,0.14333333333333334,6,8,3
0.002981514609421586,0.0014934289127837513,0.001990049751243781,0.14333333333333334,6,7,1
0.34375,0.0002981514609421586,0.0005797101449275362,0.14333333333333334,6,9,4
0.3383838383838384,0.001490757304710793,0.002302025782688766,0.14333333333333334,6,8,2
0.3333333333333333,0.0,0.0,0.14333333333333334,6,9,3
0.3666666666666667,0.00029895366218236175,0.0005925925925925926,0.14333333333333334,6,9,5
0.002981514609421586,0.0014934289127837513,0.001990049751243781,0.14333333333333334,6,8,1
0.3361111111111111,0.0005963029218843172,0.0009818360333824253,0.14333333333333334,6,9,2
0.3666666666666667,0.00029895366218236175,0.0005925925925925926,0.14333333333333334,6,10,5
0.34375,0.0002981514609421586,0.0005797101449275362,0.14333333333333334,6,10,4
0.3333333333333333,0.0,0.0,0.14333333333333334,6,10,3
0.004357298474945534,0.001790510295434199,0.002538071065989848,0.14333333333333334,6,9,1
0.3361111111111111,0.0005963029218843172,0.0009818360333824253,0.14333333333333334,6,10,2
0.3666666666666667,0.00029895366218236175,0.0005925925925925926,0.14333333333333334,6,11,5
0.34375,0.0002981514609421586,0.0005797101449275362,0.14333333333333334,6,11,4
0.3333333333333333,0.0,0.0,0.14333333333333334,6,11,3
0.004357298474945534,0.001790510295434199,0.002538071065989848,0.14333333333333334,6,10,1
0.3361111111111111,0.0005963029218843172,0.0009818360333824253,0.14333333333333334,6,11,2
0.0033755274261603376,0.001193673530289466,0.001763668430335097,0.14333333333333334,6,11,1
0.34375,0.0002981514609421586,0.0005797101449275362,0.14333333333333334,7,1,4
0.0,0.0,0.0,0.14333333333333334,7,1,3
0.3666666666666667,0.00029895366218236175,0.0005925925925925926,0.14333333333333334,7,1,5
0.3666666666666667,0.00029895366218236175,0.0005925925925925926,0.14333333333333334,7,2,5
0.008314436885865457,0.003282602208296031,0.0047068891741549,0.14333333333333334,7,1,2
0.34375,0.0002981514609421586,0.0005797101449275362,0.14333333333333334,7,2,4
0.0,0.0,0.0,0.14333333333333334,7,2,3
0.34375,0.0002981514609421586,0.0005797101449275362,0.14333333333333334,7,3,4
0.3666666666666667,0.00029895366218236175,0.0005925925925925926,0.14333333333333334,7,3,5
0.0,0.0,0.0,0.14333333333333334,7,3,3
0.008314436885865457,0.003282602208296031,0.0047068891741549,0.14333333333333334,7,2,2
0.06007751937984496,0.3375186846038864,0.0995852463015947,0.14333333333333334,7,1,1
0.3666666666666667,0.00029895366218236175,0.0005925925925925926,0.14333333333333334,7,4,5
0.34375,0.0002981514609421586,0.0005797101449275362,0.14333333333333334,7,4,4
0.008314436885865457,0.003282602208296031,0.0047068891741549,0.14333333333333334,7,3,2
0.06007751937984496,0.3375186846038864,0.0995852463015947,0.14333333333333334,7,2,1
0.0,0.0,0.0,0.14333333333333334,7,4,3
0.008314436885865457,0.003282602208296031,0.0047068891741549,0.14333333333333334,7,4,2
0.05930508686414198,0.336322869955157,0.09856477521148178,0.14333333333333334,7,3,1
0.3666666666666667,0.00029895366218236175,0.0005925925925925926,0.14333333333333334,7,5,5
0.34375,0.0002981514609421586,0.0005797101449275362,0.14333333333333334,7,5,4
0.0,0.0,0.0,0.14333333333333334,7,5,3
0.3383838383838384,0.001490757304710793,0.002302025782688766,0.14333333333333334,7,5,2
0.05930508686414198,0.336322869955157,0.09856477521148178,0.14333333333333334,7,4,1
0.3666666666666667,0.00029895366218236175,0.0005925925925925926,0.14333333333333334,7,6,5
0.34375,0.0002981514609421586,0.0005797101449275362,0.14333333333333334,7,6,4
0.0,0.0,0.0,0.14333333333333334,7,6,3
0.3383838383838384,0.001490757304710793,0.002302025782688766,0.14333333333333334,7,6,2
0.060107907604113976,0.3360190987764846,0.09861647361647362,0.14333333333333334,7,5,1
0.3666666666666667,0.00029895366218236175,0.0005925925925925926,0.14333333333333334,7,7,5
0.34375,0.0002981514609421586,0.0005797101449275362,0.14333333333333334,7,7,4
0.0,0.0,0.0,0.14333333333333334,7,7,3
0.060107907604113976,0.3360190987764846,0.09861647361647362,0.14333333333333334,7,6,1
0.3383838383838384,0.001490757304710793,0.002302025782688766,0.14333333333333334,7,7,2
0.3666666666666667,0.00029895366218236175,0.0005925925925925926,0.14333333333333334,7,8,5
0.34375,0.0002981514609421586,0.0005797101449275362,0.14333333333333334,7,8,4
0.0030248033877797943,0.0014934289127837513,0.001999600079984003,0.14333333333333334,7,7,1
0.0,0.0,0.0,0.14333333333333334,7,8,3
0.3666666666666667,0.00029895366218236175,0.0005925925925925926,0.14333333333333334,7,9,5
0.34375,0.0002981514609421586,0.0005797101449275362,0.14333333333333334,7,9,4
0.3383838383838384,0.001490757304710793,0.002302025782688766,0.14333333333333334,7,8,2
0.3333333333333333,0.0,0.0,0.14333333333333334,7,9,3
0.0030248033877797943,0.0014934289127837513,0.001999600079984003,0.14333333333333334,7,8,1
0.3361111111111111,0.0005963029218843172,0.0009818360333824253,0.14333333333333334,7,9,2
0.3666666666666667,0.00029895366218236175,0.0005925925925925926,0.14333333333333334,7,10,5
0.34375,0.0002981514609421586,0.0005797101449275362,0.14333333333333334,7,10,4
0.3333333333333333,0.0,0.0,0.14333333333333334,7,10,3
0.004415011037527594,0.001790510295434199,0.0025477707006369425,0.14333333333333334,7,9,1
0.3666666666666667,0.00029895366218236175,0.0005925925925925926,0.14333333333333334,7,11,5
0.3333333333333333,0.0,0.0,0.14333333333333334,7,11,3
0.3361111111111111,0.0005963029218843172,0.0009818360333824253,0.14333333333333334,7,10,2
0.34375,0.0002981514609421586,0.0005797101449275362,0.14333333333333334,7,11,4
0.004415011037527594,0.001790510295434199,0.0025477707006369425,0.14333333333333334,7,10,1
0.3361111111111111,0.0005963029218843172,0.0009818360333824253,0.14333333333333334,7,11,2
0.3666666666666667,0.00029895366218236175,0.0005925925925925926,0.14333333333333334,8,1,5
0.34375,0.0002981514609421586,0.0005797101449275362,0.14333333333333334,8,1,4
0.0,0.0,0.0,0.14333333333333334,8,1,3
0.0034275921165381317,0.001193673530289466,0.001770694997786631,0.14333333333333334,7,11,1
0.008314436885865457,0.003282602208296031,0.0047068891741549,0.14333333333333334,8,1,2
0.3666666666666667,0.00029895366218236175,0.0005925925925925926,0.14333333333333334,8,2,5
0.34375,0.0002981514609421586,0.0005797101449275362,0.14333333333333334,8,2,4
0.0,0.0,0.0,0.14333333333333334,8,2,3
0.34375,0.0002981514609421586,0.0005797101449275362,0.14333333333333334,8,3,4
0.3666666666666667,0.00029895366218236175,0.0005925925925925926,0.14333333333333334,8,3,5
0.008314436885865457,0.003282602208296031,0.0047068891741549,0.14333333333333334,8,2,2
0.0,0.0,0.0,0.14333333333333334,8,3,3
0.06007751937984496,0.3375186846038864,0.0995852463015947,0.14333333333333334,8,1,1
0.3666666666666667,0.00029895366218236175,0.0005925925925925926,0.14333333333333334,8,4,5
0.34375,0.0002981514609421586,0.0005797101449275362,0.14333333333333334,8,4,4
0.06007751937984496,0.3375186846038864,0.0995852463015947,0.14333333333333334,8,2,1
0.0,0.0,0.0,0.14333333333333334,8,4,3
0.008314436885865457,0.003282602208296031,0.0047068891741549,0.14333333333333334,8,3,2
0.3666666666666667,0.00029895366218236175,0.0005925925925925926,0.14333333333333334,8,5,5
0.34375,0.0002981514609421586,0.0005797101449275362,0.14333333333333334,8,5,4
0.0,0.0,0.0,0.14333333333333334,8,5,3
0.008314436885865457,0.003282602208296031,0.0047068891741549,0.14333333333333334,8,4,2
0.05930508686414198,0.336322869955157,0.09856477521148178,0.14333333333333334,8,3,1
0.05930508686414198,0.336322869955157,0.09856477521148178,0.14333333333333334,8,4,1
0.3383838383838384,0.001490757304710793,0.002302025782688766,0.14333333333333334,8,5,2
0.34375,0.0002981514609421586,0.0005797101449275362,0.14333333333333334,8,6,4
0.3666666666666667,0.00029895366218236175,0.0005925925925925926,0.14333333333333334,8,6,5
0.0,0.0,0.0,0.14333333333333334,8,6,3
0.060107907604113976,0.3360190987764846,0.09861647361647362,0.14333333333333334,8,5,1
0.3383838383838384,0.001490757304710793,0.002302025782688766,0.14333333333333334,8,6,2
0.34375,0.0002981514609421586,0.0005797101449275362,0.14333333333333334,8,7,4
0.3666666666666667,0.00029895366218236175,0.0005925925925925926,0.14333333333333334,8,7,5
0.0,0.0,0.0,0.14333333333333334,8,7,3
0.060107907604113976,0.3360190987764846,0.09861647361647362,0.14333333333333334,8,6,1
0.3666666666666667,0.00029895366218236175,0.0005925925925925926,0.14333333333333334,8,8,5
0.3383838383838384,0.001490757304710793,0.002302025782688766,0.14333333333333334,8,7,2
0.0,0.0,0.0,0.14333333333333334,8,8,3
0.34375,0.0002981514609421586,0.0005797101449275362,0.14333333333333334,8,8,4
0.3383838383838384,0.001490757304710793,0.002302025782688766,0.14333333333333334,8,8,2
0.3666666666666667,0.00029895366218236175,0.0005925925925925926,0.14333333333333334,8,9,5
0.0030248033877797943,0.0014934289127837513,0.001999600079984003,0.14333333333333334,8,7,1
0.3333333333333333,0.0,0.0,0.14333333333333334,8,9,3
0.34375,0.0002981514609421586,0.0005797101449275362,0.14333333333333334,8,9,4
0.3361111111111111,0.0005963029218843172,0.0009818360333824253,0.14333333333333334,8,9,2
0.0030248033877797943,0.0014934289127837513,0.001999600079984003,0.14333333333333334,8,8,1
0.3666666666666667,0.00029895366218236175,0.0005925925925925926,0.14333333333333334,8,10,5
0.34375,0.0002981514609421586,0.0005797101449275362,0.14333333333333334,8,10,4
0.3333333333333333,0.0,0.0,0.14333333333333334,8,10,3
0.004415011037527594,0.001790510295434199,0.0025477707006369425,0.14333333333333334,8,9,1
0.3361111111111111,0.0005963029218843172,0.0009818360333824253,0.14333333333333334,8,10,2
0.34375,0.0002981514609421586,0.0005797101449275362,0.14333333333333334,8,11,4
0.3666666666666667,0.00029895366218236175,0.0005925925925925926,0.14333333333333334,8,11,5
0.3333333333333333,0.0,0.0,0.14333333333333334,8,11,3
0.004415011037527594,0.001790510295434199,0.0025477707006369425,0.14333333333333334,8,10,1
0.3361111111111111,0.0005963029218843172,0.0009818360333824253,0.14333333333333334,8,11,2
0.3666666666666667,0.00029895366218236175,0.0005925925925925926,0.14333333333333334,9,1,5
0.34375,0.0002981514609421586,0.0005797101449275362,0.14333333333333334,9,1,4
0.0,0.0,0.0,0.14333333333333334,9,1,3
0.0034275921165381317,0.001193673530289466,0.001770694997786631,0.14333333333333334,8,11,1
0.012722646310432571,0.0029841838257236644,0.0048344210780759,0.14333333333333334,9,1,2
0.3666666666666667,0.00029895366218236175,0.0005925925925925926,0.14333333333333334,9,2,5
0.34375,0.0002981514609421586,0.0005797101449275362,0.14333333333333334,9,2,4
0.11975308641975307,0.3375186846038864,0.17230614300100702,0.14333333333333334,9,1,1
0.0,0.0,0.0,0.14333333333333334,9,2,3
0.34375,0.0002981514609421586,0.0005797101449275362,0.14333333333333334,9,3,4
0.3666666666666667,0.00029895366218236175,0.0005925925925925926,0.14333333333333334,9,3,5
0.012722646310432571,0.0029841838257236644,0.0048344210780759,0.14333333333333334,9,2,2
0.0,0.0,0.0,0.14333333333333334,9,3,3
0.11975308641975307,0.3375186846038864,0.17230614300100702,0.14333333333333334,9,2,1
0.012722646310432571,0.0029841838257236644,0.0048344210780759,0.14333333333333334,9,3,2
0.3666666666666667,0.00029895366218236175,0.0005925925925925926,0.14333333333333334,9,4,5
0.34375,0.0002981514609421586,0.0005797101449275362,0.14333333333333334,9,4,4
0.0,0.0,0.0,0.14333333333333334,9,4,3
0.012722646310432571,0.0029841838257236644,0.0048344210780759,0.14333333333333334,9,4,2
0.08968253968253968,0.336322869955157,0.13739837398373986,0.14333333333333334,9,3,1
0.34375,0.0002981514609421586,0.0005797101449275362,0.14333333333333334,9,5,4
0.3666666666666667,0.00029895366218236175,0.0005925925925925926,0.14333333333333334,9,5,5
0.08968253968253968,0.336322869955157,0.13739837398373986,0.14333333333333334,9,4,1
0.0,0.0,0.0,0.14333333333333334,9,5,3
0.3395348837209302,0.0011926058437686344,0.002000500125031258,0.14333333333333334,9,5,2
0.3666666666666667,0.00029895366218236175,0.0005925925925925926,0.14333333333333334,9,6,5
0.34375,0.0002981514609421586,0.0005797101449275362,0.14333333333333334,9,6,4
0.3395348837209302,0.0011926058437686344,0.002000500125031258,0.14333333333333334,9,6,2
0.0,0.0,0.0,0.14333333333333334,9,6,3
0.1182201158504476,0.3360190987764846,0.1705653021442495,0.14333333333333334,9,5,1
0.34375,0.0002981514609421586,0.0005797101449275362,0.14333333333333334,9,7,4
0.3666666666666667,0.00029895366218236175,0.0005925925925925926,0.14333333333333334,9,7,5
0.0,0.0,0.0,0.14333333333333334,9,7,3
0.1182201158504476,0.3360190987764846,0.1705653021442495,0.14333333333333334,9,6,1
0.3395348837209302,0.0011926058437686344,0.002000500125031258,0.14333333333333334,9,7,2
0.34375,0.0002981514609421586,0.0005797101449275362,0.14333333333333334,9,8,4
0.3666666666666667,0.00029895366218236175,0.0005925925925925926,0.14333333333333334,9,8,5
0.0,0.0,0.0,0.14333333333333334,9,8,3
0.0043975373790677225,0.0014934289127837513,0.002229654403567447,0.14333333333333334,9,7,1
0.3395348837209302,0.0011926058437686344,0.002000500125031258,0.14333333333333334,9,8,2
0.3666666666666667,0.00029895366218236175,0.0005925925925925926,0.14333333333333334,9,9,5
0.34375,0.0002981514609421586,0.0005797101449275362,0.14333333333333334,9,9,4
0.3333333333333333,0.0,0.0,0.14333333333333334,9,9,3
0.3353658536585366,0.0002981514609421586,0.0005200208008320333,0.14333333333333334,9,9,2
0.0043975373790677225,0.0014934289127837513,0.002229654403567447,0.14333333333333334,9,8,1
0.3666666666666667,0.00029895366218236175,0.0005925925925925926,0.14333333333333334,9,10,5
0.34375,0.0002981514609421586,0.0005797101449275362,0.14333333333333334,9,10,4
0.006389776357827476,0.001790510295434199,0.002797202797202797,0.14333333333333334,9,9,1
0.3353658536585366,0.0002981514609421586,0.0005200208008320333,0.14333333333333334,9,10,2
0.3333333333333333,0.0,0.0,0.14333333333333334,9,10,3
0.34375,0.0002981514609421586,0.0005797101449275362,0.14333333333333334,9,11,4
0.3666666666666667,0.00029895366218236175,0.0005925925925925926,0.14333333333333334,9,11,5
0.006389776357827476,0.001790510295434199,0.002797202797202797,0.14333333333333334,9,10,1
0.3353658536585366,0.0002981514609421586,0.0005200208008320333,0.14333333333333334,9,11,2
0.3333333333333333,0.0,0.0,0.14333333333333334,9,11,3
0.3666666666666667,0.00029895366218236175,0.0005925925925925926,0.14333333333333334,10,1,5
0.34375,0.0002981514609421586,0.0005797101449275362,0.14333333333333334,10,1,4
0.004884004884004884,0.001193673530289466,0.0019184652278177458,0.14333333333333334,9,11,1
0.0,0.0,0.0,0.14333333333333334,10,1,3
0.012722646310432571,0.0029841838257236644,0.0048344210780759,0.14333333333333334,10,1,2
0.3666666666666667,0.00029895366218236175,0.0005925925925925926,0.14333333333333334,10,2,5
0.34375,0.0002981514609421586,0.0005797101449275362,0.14333333333333334,10,2,4
0.0,0.0,0.0,0.14333333333333334,10,2,3
0.012722646310432571,0.0029841838257236644,0.0048344210780759,0.14333333333333334,10,2,2
0.11975308641975307,0.3375186846038864,0.17230614300100702,0.14333333333333334,10,1,1
0.3666666666666667,0.00029895366218236175,0.0005925925925925926,0.14333333333333334,10,3,5
0.34375,0.0002981514609421586,0.0005797101449275362,0.14333333333333334,10,3,4
0.11975308641975307,0.3375186846038864,0.17230614300100702,0.14333333333333334,10,2,1
0.0,0.0,0.0,0.14333333333333334,10,3,3
0.012722646310432571,0.0029841838257236644,0.0048344210780759,0.14333333333333334,10,3,2
0.3666666666666667,0.00029895366218236175,0.0005925925925925926,0.14333333333333334,10,4,5
0.34375,0.0002981514609421586,0.0005797101449275362,0.14333333333333334,10,4,4
0.0,0.0,0.0,0.14333333333333334,10,4,3
0.08968253968253968,0.336322869955157,0.13739837398373986,0.14333333333333334,10,3,1
0.012722646310432571,0.0029841838257236644,0.0048344210780759,0.14333333333333334,10,4,2
0.3666666666666667,0.00029895366218236175,0.0005925925925925926,0.14333333333333334,10,5,5
0.34375,0.0002981514609421586,0.0005797101449275362,0.14333333333333334,10,5,4
0.0,0.0,0.0,0.14333333333333334,10,5,3
0.08968253968253968,0.336322869955157,0.13739837398373986,0.14333333333333334,10,4,1
0.3395348837209302,0.0011926058437686344,0.002000500125031258,0.14333333333333334,10,5,2
0.3666666666666667,0.00029895366218236175,0.0005925925925925926,0.14333333333333334,10,6,5
0.34375,0.0002981514609421586,0.0005797101449275362,0.14333333333333334,10,6,4
0.0,0.0,0.0,0.14333333333333334,10,6,3
0.1182201158504476,0.3360190987764846,0.1705653021442495,0.14333333333333334,10,5,1
0.3395348837209302,0.0011926058437686344,0.002000500125031258,0.14333333333333334,10,6,2
0.34375,0.0002981514609421586,0.0005797101449275362,0.14333333333333334,10,7,4
0.3666666666666667,0.00029895366218236175,0.0005925925925925926,0.14333333333333334,10,7,5
0.1182201158504476,0.3360190987764846,0.1705653021442495,0.14333333333333334,10,6,1
0.0,0.0,0.0,0.14333333333333334,10,7,3
0.3395348837209302,0.0011926058437686344,0.002000500125031258,0.14333333333333334,10,7,2
0.3666666666666667,0.00029895366218236175,0.0005925925925925926,0.14333333333333334,10,8,5
0.34375,0.0002981514609421586,0.0005797101449275362,0.14333333333333334,10,8,4
0.0,0.0,0.0,0.14333333333333334,10,8,3
0.0043975373790677225,0.0014934289127837513,0.002229654403567447,0.14333333333333334,10,7,1
0.3395348837209302,0.0011926058437686344,0.002000500125031258,0.14333333333333334,10,8,2
0.3666666666666667,0.00029895366218236175,0.0005925925925925926,0.14333333333333334,10,9,5
0.34375,0.0002981514609421586,0.0005797101449275362,0.14333333333333334,10,9,4
0.3333333333333333,0.0,0.0,0.14333333333333334,10,9,3
0.3353658536585366,0.0002981514609421586,0.0005200208008320333,0.14333333333333334,10,9,2
0.0043975373790677225,0.0014934289127837513,0.002229654403567447,0.14333333333333334,10,8,1
0.34375,0.0002981514609421586,0.0005797101449275362,0.14333333333333334,10,10,4
0.3666666666666667,0.00029895366218236175,0.0005925925925925926,0.14333333333333334,10,10,5
0.3333333333333333,0.0,0.0,0.14333333333333334,10,10,3
0.006389776357827476,0.001790510295434199,0.002797202797202797,0.14333333333333334,10,9,1
0.3353658536585366,0.0002981514609421586,0.0005200208008320333,0.14333333333333334,10,10,2
0.3666666666666667,0.00029895366218236175,0.0005925925925925926,0.14333333333333334,10,11,5
0.34375,0.0002981514609421586,0.0005797101449275362,0.14333333333333334,10,11,4
0.3333333333333333,0.0,0.0,0.14333333333333334,10,11,3
0.006389776357827476,0.001790510295434199,0.002797202797202797,0.14333333333333334,10,10,1
0.3353658536585366,0.0002981514609421586,0.0005200208008320333,0.14333333333333334,10,11,2
0.004884004884004884,0.001193673530289466,0.0019184652278177458,0.14333333333333334,10,11,1
0.3666666666666667,0.00029895366218236175,0.0005925925925925926,0.14333333333333334,11,1,5
0.0,0.0,0.0,0.14333333333333334,11,1,3
0.34375,0.0002981514609421586,0.0005797101449275362,0.14333333333333334,11,1,4
0.012722646310432571,0.0029841838257236644,0.0048344210780759,0.14333333333333334,11,1,2
0.3666666666666667,0.00029895366218236175,0.0005925925925925926,0.14333333333333334,11,2,5
0.34375,0.0002981514609421586,0.0005797101449275362,0.14333333333333334,11,2,4
0.0,0.0,0.0,0.14333333333333334,11,2,3
0.12017666201766619,0.33721973094170404,0.17210713538397152,0.14333333333333334,11,1,1
0.3666666666666667,0.00029895366218236175,0.0005925925925925926,0.14333333333333334,11,3,5
0.012722646310432571,0.0029841838257236644,0.0048344210780759,0.14333333333333334,11,2,2
0.34375,0.0002981514609421586,0.0005797101449275362,0.14333333333333334,11,3,4
0.0,0.0,0.0,0.14333333333333334,11,3,3
0.12017666201766619,0.33721973094170404,0.17210713538397152,0.14333333333333334,11,2,1
0.3666666666666667,0.00029895366218236175,0.0005925925925925926,0.14333333333333334,11,4,5
0.012722646310432571,0.0029841838257236644,0.0048344210780759,0.14333333333333334,11,3,2
0.0,0.0,0.0,0.14333333333333334,11,4,3
0.34375,0.0002981514609421586,0.0005797101449275362,0.14333333333333334,11,4,4
0.11744022503516173,0.33602391629297457,0.17044262638976296,0.14333333333333334,11,3,1
0.012722646310432571,0.0029841838257236644,0.0048344210780759,0.14333333333333334,11,4,2
0.0,0.0,0.0,0.14333333333333334,11,5,3
0.34375,0.0002981514609421586,0.0005797101449275362,0.14333333333333334,11,5,4
0.3666666666666667,0.00029895366218236175,0.0005925925925925926,0.14333333333333334,11,5,5
0.11744022503516173,0.33602391629297457,0.17044262638976296,0.14333333333333334,11,4,1
0.3395348837209302,0.0011926058437686344,0.002000500125031258,0.14333333333333334,11,5,2
0.3666666666666667,0.00029895366218236175,0.0005925925925925926,0.14333333333333334,11,6,5
0.34375,0.0002981514609421586,0.0005797101449275362,0.14333333333333334,11,6,4
0.0,0.0,0.0,0.14333333333333334,11,6,3
0.17357512953367873,0.3357206803939123,0.2257706808605012,0.14333333333333334,11,5,1
0.3395348837209302,0.0011926058437686344,0.002000500125031258,0.14333333333333334,11,6,2
0.3666666666666667,0.00029895366218236175,0.0005925925925925926,0.14333333333333334,11,7,5
0.34375,0.0002981514609421586,0.0005797101449275362,0.14333333333333334,11,7,4
0.17357512953367873,0.3357206803939123,0.2257706808605012,0.14333333333333334,11,6,1
0.0,0.0,0.0,0.14333333333333334,11,7,3
0.3395348837209302,0.0011926058437686344,0.002000500125031258,0.14333333333333334,11,7,2
0.3666666666666667,0.00029895366218236175,0.0005925925925925926,0.14333333333333334,11,8,5
0.34375,0.0002981514609421586,0.0005797101449275362,0.14333333333333334,11,8,4
0.0,0.0,0.0,0.14333333333333334,11,8,3
0.004668534080298786,0.0014934289127837513,0.0022629554197782305,0.14333333333333334,11,7,1
0.3395348837209302,0.0011926058437686344,0.002000500125031258,0.14333333333333334,11,8,2
0.3333333333333333,0.0,0.0,0.14333333333333334,11,9,3
0.34375,0.0002981514609421586,0.0005797101449275362,0.14333333333333334,11,9,4
0.3666666666666667,0.00029895366218236175,0.0005925925925925926,0.14333333333333334,11,9,5
0.3353658536585366,0.0002981514609421586,0.0005200208008320333,0.14333333333333334,11,9,2
0.004668534080298786,0.0014934289127837513,0.0022629554197782305,0.14333333333333334,11,8,1
0.3333333333333333,0.0,0.0,0.14333333333333334,11,10,3
0.3666666666666667,0.00029895366218236175,0.0005925925925925926,0.14333333333333334,11,10,5
0.34375,0.0002981514609421586,0.0005797101449275362,0.14333333333333334,11,10,4
0.3353658536585366,0.0002981514609421586,0.0005200208008320333,0.14333333333333334,11,10,2
0.006600660066006601,0.001790510295434199,0.0028169014084507044,0.14333333333333334,11,9,1
0.3666666666666667,0.00029895366218236175,0.0005925925925925926,0.14333333333333334,11,11,5
0.3333333333333333,0.0,0.0,0.14333333333333334,11,11,3
0.34375,0.0002981514609421586,0.0005797101449275362,0.14333333333333334,11,11,4
0.006600660066006601,0.001790510295434199,0.0028169014084507044,0.14333333333333334,11,10,1
0.3353658536585366,0.0002981514609421586,0.0005200208008320333,0.14333333333333334,11,11,2
0.3666666666666667,0.00029895366218236175,0.0005925925925925926,0.14333333333333334,12,1,5
0.34375,0.0002981514609421586,0.0005797101449275362,0.14333333333333334,12,1,4
0.005050505050505051,0.001193673530289466,0.0019309678976587015,0.14333333333333334,11,11,1
0.0,0.0,0.0,0.14333333333333334,12,1,3
0.012722646310432571,0.0029841838257236644,0.0048344210780759,0.14333333333333334,12,1,2
0.3666666666666667,0.00029895366218236175,0.0005925925925925926,0.14333333333333334,12,2,5
0.34375,0.0002981514609421586,0.0005797101449275362,0.14333333333333334,12,2,4
0.0,0.0,0.0,0.14333333333333334,12,2,3
0.12017666201766619,0.33721973094170404,0.17210713538397152,0.14333333333333334,12,1,1
0.012722646310432571,0.0029841838257236644,0.0048344210780759,0.14333333333333334,12,2,2
0.34375,0.0002981514609421586,0.0005797101449275362,0.14333333333333334,12,3,4
0.3666666666666667,0.00029895366218236175,0.0005925925925925926,0.14333333333333334,12,3,5
0.0,0.0,0.0,0.14333333333333334,12,3,3
0.012722646310432571,0.0029841838257236644,0.0048344210780759,0.14333333333333334,12,3,2
0.12017666201766619,0.33721973094170404,0.17210713538397152,0.14333333333333334,12,2,1
0.3666666666666667,0.00029895366218236175,0.0005925925925925926,0.14333333333333334,12,4,5
0.0,0.0,0.0,0.14333333333333334,12,4,3
0.34375,0.0002981514609421586,0.0005797101449275362,0.14333333333333334,12,4,4
0.11744022503516173,0.33602391629297457,0.17044262638976296,0.14333333333333334,12,3,1
0.012722646310432571,0.0029841838257236644,0.0048344210780759,0.14333333333333334,12,4,2
0.3666666666666667,0.00029895366218236175,0.0005925925925925926,0.14333333333333334,12,5,5
0.0,0.0,0.0,0.14333333333333334,12,5,3
0.34375,0.0002981514609421586,0.0005797101449275362,0.14333333333333334,12,5,4
0.3395348837209302,0.0011926058437686344,0.002000500125031258,0.14333333333333334,12,5,2
0.11744022503516173,0.33602391629297457,0.17044262638976296,0.14333333333333334,12,4,1
0.34375,0.0002981514609421586,0.0005797101449275362,0.14333333333333334,12,6,4
0.3666666666666667,0.00029895366218236175,0.0005925925925925926,0.14333333333333334,12,6,5
0.0,0.0,0.0,0.14333333333333334,12,6,3
0.17357512953367873,0.3357206803939123,0.2257706808605012,0.14333333333333334,12,5,1
0.3395348837209302,0.0011926058437686344,0.002000500125031258,0.14333333333333334,12,6,2
0.3666666666666667,0.00029895366218236175,0.0005925925925925926,0.14333333333333334,12,7,5
0.34375,0.0002981514609421586,0.0005797101449275362,0.14333333333333334,12,7,4
0.0,0.0,0.0,0.14333333333333334,12,7,3
0.17357512953367873,0.3357206803939123,0.2257706808605012,0.14333333333333334,12,6,1
0.3395348837209302,0.0011926058437686344,0.002000500125031258,0.14333333333333334,12,7,2
0.3666666666666667,0.00029895366218236175,0.0005925925925925926,0.14333333333333334,12,8,5
0.34375,0.0002981514609421586,0.0005797101449275362,0.14333333333333334,12,8,4
0.0,0.0,0.0,0.14333333333333334,12,8,3
0.3395348837209302,0.0011926058437686344,0.002000500125031258,0.14333333333333334,12,8,2
0.004668534080298786,0.0014934289127837513,0.0022629554197782305,0.14333333333333334,12,7,1
0.3333333333333333,0.0,0.0,0.14333333333333334,12,9,3
0.3353658536585366,0.0002981514609421586,0.0005200208008320333,0.14333333333333334,12,9,2
0.3666666666666667,0.00029895366218236175,0.0005925925925925926,0.14333333333333334,12,9,5
0.004668534080298786,0.0014934289127837513,0.0022629554197782305,0.14333333333333334,12,8,1
0.34375,0.0002981514609421586,0.0005797101449275362,0.14333333333333334,12,9,4
0.3666666666666667,0.00029895366218236175,0.0005925925925925926,0.14333333333333334,12,10,5
0.34375,0.0002981514609421586,0.0005797101449275362,0.14333333333333334,12,10,4
0.3333333333333333,0.0,0.0,0.14333333333333334,12,10,3
0.006600660066006601,0.001790510295434199,0.0028169014084507044,0.14333333333333334,12,9,1
0.3353658536585366,0.0002981514609421586,0.0005200208008320333,0.14333333333333334,12,10,2
0.3333333333333333,0.0,0.0,0.14333333333333334,12,11,3
0.3666666666666667,0.00029895366218236175,0.0005925925925925926,0.14333333333333334,12,11,5
0.006600660066006601,0.001790510295434199,0.0028169014084507044,0.14333333333333334,12,10,1
0.34375,0.0002981514609421586,0.0005797101449275362,0.14333333333333334,12,11,4
0.3353658536585366,0.0002981514609421586,0.0005200208008320333,0.14333333333333334,12,11,2
0.3666666666666667,0.00029895366218236175,0.0005925925925925926,0.14333333333333334,13,1,5
0.005050505050505051,0.001193673530289466,0.0019309678976587015,0.14333333333333334,12,11,1
0.34375,0.0002981514609421586,0.0005797101449275362,0.14333333333333334,13,1,4
0.0,0.0,0.0,0.14333333333333334,13,1,3
0.01287001287001287,0.0029841838257236644,0.004844961240310077,0.14333333333333334,13,1,2
0.3666666666666667,0.00029895366218236175,0.0005925925925925926,0.14333333333333334,13,2,5
0.34375,0.0002981514609421586,0.0005797101449275362,0.14333333333333334,13,2,4
0.0,0.0,0.0,0.14333333333333334,13,2,3
0.17834681042228215,0.33721973094170404,0.22805443397637204,0.14333333333333334,13,1,1
0.01287001287001287,0.0029841838257236644,0.004844961240310077,0.14333333333333334,13,2,2
0.3666666666666667,0.00029895366218236175,0.0005925925925925926,0.14333333333333334,13,3,5
0.0,0.0,0.0,0.14333333333333334,13,3,3
0.34375,0.0002981514609421586,0.0005797101449275362,0.14333333333333334,13,3,4
0.17834681042228215,0.33721973094170404,0.22805443397637204,0.14333333333333334,13,2,1
0.01287001287001287,0.0029841838257236644,0.004844961240310077,0.14333333333333334,13,3,2
0.3666666666666667,0.00029895366218236175,0.0005925925925925926,0.14333333333333334,13,4,5
0.34375,0.0002981514609421586,0.0005797101449275362,0.14333333333333334,13,4,4
0.0,0.0,0.0,0.14333333333333334,13,4,3
0.01287001287001287,0.0029841838257236644,0.004844961240310077,0.14333333333333334,13,4,2
0.17486338797814208,0.33602391629297457,0.22627353890014254,0.14333333333333334,13,3,1
0.0,0.0,0.0,0.14333333333333334,13,5,3
0.3666666666666667,0.00029895366218236175,0.0005925925925925926,0.14333333333333334,13,5,5
0.17486338797814208,0.33602391629297457,0.22627353890014254,0.14333333333333334,13,4,1
0.34375,0.0002981514609421586,0.0005797101449275362,0.14333333333333334,13,5,4
0.3395931142410016,0.0011926058437686344,0.0020035061357375405,0.14333333333333334,13,5,2
0.3666666666666667,0.00029895366218236175,0.0005925925925925926,0.14333333333333334,13,6,5
0.34375,0.0002981514609421586,0.0005797101449275362,0.14333333333333334,13,6,4
0.3420479302832244,0.3357206803939123,0.33708128367299134,0.14333333333333334,13,5,1
0.0,0.0,0.0,0.14333333333333334,13,6,3
0.3395931142410016,0.0011926058437686344,0.0020035061357375405,0.14333333333333334,13,6,2
0.34375,0.0002981514609421586,0.0005797101449275362,0.14333333333333334,13,7,4
0.3666666666666667,0.00029895366218236175,0.0005925925925925926,0.14333333333333334,13,7,5
0.3420479302832244,0.3357206803939123,0.33708128367299134,0.14333333333333334,13,6,1
0.0,0.0,0.0,0.14333333333333334,13,7,3
0.3395931142410016,0.0011926058437686344,0.0020035061357375405,0.14333333333333334,13,7,2
0.3666666666666667,0.00029895366218236175,0.0005925925925925926,0.14333333333333334,13,8,5
0.0,0.0,0.0,0.14333333333333334,13,8,3
0.34375,0.0002981514609421586,0.0005797101449275362,0.14333333333333334,13,8,4
0.3391405342624855,0.0014934289127837513,0.002375861249703017,0.14333333333333334,13,7,1
0.3395931142410016,0.0011926058437686344,0.0020035061357375405,0.14333333333333334,13,8,2
0.3666666666666667,0.00029895366218236175,0.0005925925925925926,0.14333333333333334,13,9,5
0.3333333333333333,0.0,0.0,0.14333333333333334,13,9,3
0.34375,0.0002981514609421586,0.0005797101449275362,0.14333333333333334,13,9,4
0.3391405342624855,0.0014934289127837513,0.002375861249703017,0.14333333333333334,13,8,1
0.33537832310838445,0.0002981514609421586,0.0005204267499349467,0.14333333333333334,13,9,2
0.3666666666666667,0.00029895366218236175,0.0005925925925925926,0.14333333333333334,13,10,5
0.3333333333333333,0.0,0.0,0.14333333333333334,13,10,3
0.34375,0.0002981514609421586,0.0005797101449275362,0.14333333333333334,13,10,4
0.33537832310838445,0.0002981514609421586,0.0005204267499349467,0.14333333333333334,13,10,2
0.3413654618473896,0.001790510295434199,0.0029282576866764276,0.14333333333333334,13,9,1
0.34375,0.0002981514609421586,0.0005797101449275362,0.14333333333333334,13,11,4
0.3666666666666667,0.00029895366218236175,0.0005925925925925926,0.14333333333333334,13,11,5
0.3413654618473896,0.001790510295434199,0.0029282576866764276,0.14333333333333334,13,10,1
0.3333333333333333,0.0,0.0,0.14333333333333334,13,11,3
0.33537832310838445,0.0002981514609421586,0.0005204267499349467,0.14333333333333334,13,11,2
0.3666666666666667,0.00029895366218236175,0.0005925925925925926,0.14333333333333334,14,1,5
0.0,0.0,0.0,0.14333333333333334,14,1,3
0.3395931142410016,0.001193673530289466,0.0020050125313283208,0.14333333333333334,13,11,1
0.01287001287001287,0.0029841838257236644,0.004844961240310077,0.14333333333333334,14,1,2
0.34375,0.0002981514609421586,0.0005797101449275362,0.14333333333333334,14,1,4
0.0,0.0,0.0,0.14333333333333334,14,2,3
0.3666666666666667,0.00029895366218236175,0.0005925925925925926,0.14333333333333334,14,2,5
0.17834681042228215,0.33721973094170404,0.22805443397637204,0.14333333333333334,14,1,1
0.01287001287001287,0.0029841838257236644,0.004844961240310077,0.14333333333333334,14,2,2
0.0,0.0,0.0,0.14333333333333334,14,3,3
0.34375,0.0002981514609421586,0.0005797101449275362,0.14333333333333334,14,2,4
0.3666666666666667,0.00029895366218236175,0.0005925925925925926,0.14333333333333334,14,3,5
0.34375,0.0002981514609421586,0.0005797101449275362,0.14333333333333334,14,3,4
0.01287001287001287,0.0029841838257236644,0.004844961240310077,0.14333333333333334,14,3,2
0.34375,0.0002981514609421586,0.0005797101449275362,0.14333333333333334,14,4,4
0.3666666666666667,0.00029895366218236175,0.0005925925925925926,0.14333333333333334,14,4,5
0.0,0.0,0.0,0.14333333333333334,14,4,3
0.17834681042228215,0.33721973094170404,0.22805443397637204,0.14333333333333334,14,2,1
0.17486338797814208,0.33602391629297457,0.22627353890014254,0.14333333333333334,14,3,1
0.01287001287001287,0.0029841838257236644,0.004844961240310077,0.14333333333333334,14,4,2
0.34375,0.0002981514609421586,0.0005797101449275362,0.14333333333333334,14,5,4
0.3666666666666667,0.00029895366218236175,0.0005925925925925926,0.14333333333333334,14,5,5
0.3395931142410016,0.0011926058437686344,0.0020035061357375405,0.14333333333333334,14,5,2
0.0,0.0,0.0,0.14333333333333334,14,5,3
0.3666666666666667,0.00029895366218236175,0.0005925925925925926,0.14333333333333334,14,6,5
0.3420479302832244,0.3357206803939123,0.33708128367299134,0.14333333333333334,14,5,1
0.3395931142410016,0.0011926058437686344,0.0020035061357375405,0.14333333333333334,14,6,2
0.34375,0.0002981514609421586,0.0005797101449275362,0.14333333333333334,14,6,4
0.17486338797814208,0.33602391629297457,0.22627353890014254,0.14333333333333334,14,4,1
0.3666666666666667,0.00029895366218236175,0.0005925925925925926,0.14333333333333334,14,7,5
0.0,0.0,0.0,0.14333333333333334,14,7,3
0.0,0.0,0.0,0.14333333333333334,14,6,3
0.3420479302832244,0.3357206803939123,0.33708128367299134,0.14333333333333334,14,6,1
0.3395931142410016,0.0011926058437686344,0.0020035061357375405,0.14333333333333334,14,7,2
0.3666666666666667,0.00029895366218236175,0.0005925925925925926,0.14333333333333334,14,8,5
0.34375,0.0002981514609421586,0.0005797101449275362,0.14333333333333334,14,8,4
0.34375,0.0002981514609421586,0.0005797101449275362,0.14333333333333334,14,7,4
0.0,0.0,0.0,0.14333333333333334,14,8,3
0.3391405342624855,0.0014934289127837513,0.002375861249703017,0.14333333333333334,14,7,1
0.34375,0.0002981514609421586,0.0005797101449275362,0.14333333333333334,14,9,4
0.3395931142410016,0.0011926058437686344,0.0020035061357375405,0.14333333333333334,14,8,2
0.3666666666666667,0.00029895366218236175,0.0005925925925925926,0.14333333333333334,14,9,5
0.33537832310838445,0.0002981514609421586,0.0005204267499349467,0.14333333333333334,14,9,2
0.3333333333333333,0.0,0.0,0.14333333333333334,14,9,3
0.3391405342624855,0.0014934289127837513,0.002375861249703017,0.14333333333333334,14,8,1
0.3413654618473896,0.001790510295434199,0.0029282576866764276,0.14333333333333334,14,9,1
0.3666666666666667,0.00029895366218236175,0.0005925925925925926,0.14333333333333334,14,10,5
0.3333333333333333,0.0,0.0,0.14333333333333334,14,10,3
0.33537832310838445,0.0002981514609421586,0.0005204267499349467,0.14333333333333334,14,10,2
0.34375,0.0002981514609421586,0.0005797101449275362,0.14333333333333334,14,10,4
0.3666666666666667,0.00029895366218236175,0.0005925925925925926,0.14333333333333334,14,11,5
0.34375,0.0002981514609421586,0.0005797101449275362,0.14333333333333334,14,11,4
0.33537832310838445,0.0002981514609421586,0.0005204267499349467,0.14333333333333334,14,11,2
0.3666666666666667,0.00029895366218236175,0.0005925925925925926,0.14333333333333334,15,1,5
0.34375,0.0002981514609421586,0.0005797101449275362,0.14333333333333334,15,1,4
0.3413654618473896,0.001790510295434199,0.0029282576866764276,0.14333333333333334,14,10,1
0.3333333333333333,0.0,0.0,0.14333333333333334,14,11,3
0.0,0.0,0.0,0.14333333333333334,15,1,3
0.3395931142410016,0.001193673530289466,0.0020050125313283208,0.14333333333333334,14,11,1
0.01287001287001287,0.0029841838257236644,0.004844961240310077,0.14333333333333334,15,1,2
0.3666666666666667,0.00029895366218236175,0.0005925925925925926,0.14333333333333334,15,2,5
0.0,0.0,0.0,0.14333333333333334,15,2,3
0.34375,0.0002981514609421586,0.0005797101449275362,0.14333333333333334,15,2,4
0.01287001287001287,0.0029841838257236644,0.004844961240310077,0.14333333333333334,15,2,2
0.3666666666666667,0.00029895366218236175,0.0005925925925925926,0.14333333333333334,15,3,5
0.34375,0.0002981514609421586,0.0005797101449275362,0.14333333333333334,15,3,4
0.1799184505606524,0.33721973094170404,0.22823239328093695,0.14333333333333334,15,2,1
0.1799184505606524,0.33721973094170404,0.22823239328093695,0.14333333333333334,15,1,1
0.0,0.0,0.0,0.14333333333333334,15,3,3
0.01287001287001287,0.0029841838257236644,0.004844961240310077,0.14333333333333334,15,3,2
0.1758974358974359,0.33602391629297457,0.22638888888888886,0.14333333333333334,15,3,1
0.3666666666666667,0.00029895366218236175,0.0005925925925925926,0.14333333333333334,15,4,5
0.34375,0.0002981514609421586,0.0005797101449275362,0.14333333333333334,15,4,4
0.0,0.0,0.0,0.14333333333333334,15,4,3
0.01287001287001287,0.0029841838257236644,0.004844961240310077,0.14333333333333334,15,4,2
0.3666666666666667,0.00029895366218236175,0.0005925925925925926,0.14333333333333334,15,5,5
0.34375,0.0002981514609421586,0.0005797101449275362,0.14333333333333334,15,5,4
0.0,0.0,0.0,0.14333333333333334,15,5,3
0.1758974358974359,0.33602391629297457,0.22638888888888886,0.14333333333333334,15,4,1
0.3395931142410016,0.0011926058437686344,0.0020035061357375405,0.14333333333333334,15,5,2
0.3666666666666667,0.00029895366218236175,0.0005925925925925926,0.14333333333333334,15,6,5
0.34375,0.0002981514609421586,0.0005797101449275362,0.14333333333333334,15,6,4
0.0,0.0,0.0,0.14333333333333334,15,6,3
0.34265734265734266,0.3357206803939123,0.33713471133285816,0.14333333333333334,15,5,1
0.3395931142410016,0.0011926058437686344,0.0020035061357375405,0.14333333333333334,15,6,2
0.3666666666666667,0.00029895366218236175,0.0005925925925925926,0.14333333333333334,15,7,5
0.34375,0.0002981514609421586,0.0005797101449275362,0.14333333333333334,15,7,4
0.0,0.0,0.0,0.14333333333333334,15,7,3
0.34265734265734266,0.3357206803939123,0.33713471133285816,0.14333333333333334,15,6,1
0.3395931142410016,0.0011926058437686344,0.0020035061357375405,0.14333333333333334,15,7,2
0.3666666666666667,0.00029895366218236175,0.0005925925925925926,0.14333333333333334,15,8,5
0.34375,0.0002981514609421586,0.0005797101449275362,0.14333333333333334,15,8,4
0.3395931142410016,0.0011926058437686344,0.0020035061357375405,0.14333333333333334,15,8,2
0.3395061728395062,0.0014934289127837513,0.0024050024050024047,0.14333333333333334,15,7,1
0.0,0.0,0.0,0.14333333333333334,15,8,3
0.34375,0.0002981514609421586,0.0005797101449275362,0.14333333333333334,15,9,4
0.3333333333333333,0.0,0.0,0.14333333333333334,15,9,3
0.3395061728395062,0.0014934289127837513,0.0024050024050024047,0.14333333333333334,15,8,1
0.3666666666666667,0.00029895366218236175,0.0005925925925925926,0.14333333333333334,15,9,5
0.33537832310838445,0.0002981514609421586,0.0005204267499349467,0.14333333333333334,15,9,2
0.3666666666666667,0.00029895366218236175,0.0005925925925925926,0.14333333333333334,15,10,5
0.34375,0.0002981514609421586,0.0005797101449275362,0.14333333333333334,15,10,4
0.3416666666666666,0.001790510295434199,0.0029476787030213707,0.14333333333333334,15,9,1
0.3333333333333333,0.0,0.0,0.14333333333333334,15,10,3
0.3666666666666667,0.00029895366218236175,0.0005925925925925926,0.14333333333333334,15,11,5
0.33537832310838445,0.0002981514609421586,0.0005204267499349467,0.14333333333333334,15,10,2
0.34375,0.0002981514609421586,0.0005797101449275362,0.14333333333333334,15,11,4
0.3416666666666666,0.001790510295434199,0.0029476787030213707,0.14333333333333334,15,10,1
0.3333333333333333,0.0,0.0,0.14333333333333334,15,11,3
0.33537832310838445,0.0002981514609421586,0.0005204267499349467,0.14333333333333334,15,11,2
0.3666666666666667,0.00029895366218236175,0.0005925925925925926,0.14333333333333334,16,1,5
0.3397745571658615,0.001193673530289466,0.002014098690835851,0.14333333333333334,15,11,1
0.34375,0.0002981514609421586,0.0005797101449275362,0.14333333333333334,16,1,4
0.0,0.0,0.0,0.14333333333333334,16,1,3
0.01287001287001287,0.0029841838257236644,0.004844961240310077,0.14333333333333334,16,1,2
0.3666666666666667,0.00029895366218236175,0.0005925925925925926,0.14333333333333334,16,2,5
0.1799184505606524,0.33721973094170404,0.22823239328093695,0.14333333333333334,16,1,1
0.34375,0.0002981514609421586,0.0005797101449275362,0.14333333333333334,16,2,4
0.0,0.0,0.0,0.14333333333333334,16,2,3
0.3666666666666667,0.00029895366218236175,0.0005925925925925926,0.14333333333333334,16,3,5
0.34375,0.0002981514609421586,0.0005797101449275362,0.14333333333333334,16,3,4
0.01287001287001287,0.0029841838257236644,0.004844961240310077,0.14333333333333334,16,2,2
0.0,0.0,0.0,0.14333333333333334,16,3,3
0.1799184505606524,0.33721973094170404,0.22823239328093695,0.14333333333333334,16,2,1
0.3666666666666667,0.00029895366218236175,0.0005925925925925926,0.14333333333333334,16,4,5
0.01287001287001287,0.0029841838257236644,0.004844961240310077,0.14333333333333334,16,3,2
0.34375,0.0002981514609421586,0.0005797101449275362,0.14333333333333334,16,4,4
0.0,0.0,0.0,0.14333333333333334,16,4,3
0.01287001287001287,0.0029841838257236644,0.004844961240310077,0.14333333333333334,16,4,2
0.1758974358974359,0.33602391629297457,0.22638888888888886,0.14333333333333334,16,3,1
0.0,0.0,0.0,0.14333333333333334,16,5,3
0.1758974358974359,0.33602391629297457,0.22638888888888886,0.14333333333333334,16,4,1
0.3666666666666667,0.00029895366218236175,0.0005925925925925926,0.14333333333333334,16,5,5
0.34375,0.0002981514609421586,0.0005797101449275362,0.14333333333333334,16,5,4
0.3395931142410016,0.0011926058437686344,0.0020035061357375405,0.14333333333333334,16,5,2
0.34265734265734266,0.3357206803939123,0.33713471133285816,0.14333333333333334,16,5,1
0.3666666666666667,0.00029895366218236175,0.0005925925925925926,0.14333333333333334,16,6,5
0.34375,0.0002981514609421586,0.0005797101449275362,0.14333333333333334,16,6,4
0.0,0.0,0.0,0.14333333333333334,16,6,3
0.3395931142410016,0.0011926058437686344,0.0020035061357375405,0.14333333333333334,16,6,2
0.34375,0.0002981514609421586,0.0005797101449275362,0.14333333333333334,16,7,4
0.3666666666666667,0.00029895366218236175,0.0005925925925925926,0.14333333333333334,16,7,5
0.34265734265734266,0.3357206803939123,0.33713471133285816,0.14333333333333334,16,6,1
0.0,0.0,0.0,0.14333333333333334,16,7,3
0.3395931142410016,0.0011926058437686344,0.0020035061357375405,0.14333333333333334,16,7,2
0.3666666666666667,0.00029895366218236175,0.0005925925925925926,0.14333333333333334,16,8,5
0.34375,0.0002981514609421586,0.0005797101449275362,0.14333333333333334,16,8,4
0.0,0.0,0.0,0.14333333333333334,16,8,3
0.3395931142410016,0.0011926058437686344,0.0020035061357375405,0.14333333333333334,16,8,2
0.3395061728395062,0.0014934289127837513,0.0024050024050024047,0.14333333333333334,16,7,1
0.3666666666666667,0.00029895366218236175,0.0005925925925925926,0.14333333333333334,16,9,5
0.34375,0.0002981514609421586,0.0005797101449275362,0.14333333333333334,16,9,4
0.3395061728395062,0.0014934289127837513,0.0024050024050024047,0.14333333333333334,16,8,1
0.3333333333333333,0.0,0.0,0.14333333333333334,16,9,3
0.33537832310838445,0.0002981514609421586,0.0005204267499349467,0.14333333333333334,16,9,2
0.3333333333333333,0.0,0.0,0.14333333333333334,16,10,3
0.3666666666666667,0.00029895366218236175,0.0005925925925925926,0.14333333333333334,16,10,5
0.34375,0.0002981514609421586,0.0005797101449275362,0.14333333333333334,16,10,4
0.3416666666666666,0.001790510295434199,0.0029476787030213707,0.14333333333333334,16,9,1
0.33537832310838445,0.0002981514609421586,0.0005204267499349467,0.14333333333333334,16,10,2
0.3333333333333333,0.0,0.0,0.14333333333333334,16,11,3
0.3416666666666666,0.001790510295434199,0.0029476787030213707,0.14333333333333334,16,10,1
0.3666666666666667,0.00029895366218236175,0.0005925925925925926,0.14333333333333334,16,11,5
0.34375,0.0002981514609421586,0.0005797101449275362,0.14333333333333334,16,11,4
0.33537832310838445,0.0002981514609421586,0.0005204267499349467,0.14333333333333334,16,11,2
0.3397745571658615,0.001193673530289466,0.002014098690835851,0.14333333333333334,16,11,1
0.3666666666666667,0.00029895366218236175,0.0005925925925925926,0.14333333333333334,17,1,5
0.0,0.0,0.0,0.14333333333333334,17,1,3
0.34375,0.0002981514609421586,0.0005797101449275362,0.14333333333333334,17,1,4
0.3483709273182957,0.001790510295434199,0.0032,0.14333333333333334,17,1,2
0.0,0.0,0.0,0.14333333333333334,17,2,3
0.3666666666666667,0.00029895366218236175,0.0005925925925925926,0.14333333333333334,17,2,5
0.3483709273182957,0.001790510295434199,0.0032,0.14333333333333334,17,2,2
0.34375,0.0002981514609421586,0.0005797101449275362,0.14333333333333334,17,2,4
0.18137254901960784,0.3369207772795217,0.22799006649042697,0.14333333333333334,17,1,1
0.0,0.0,0.0,0.14333333333333334,17,3,3
0.3666666666666667,0.00029895366218236175,0.0005925925925925926,0.14333333333333334,17,3,5
0.34375,0.0002981514609421586,0.0005797101449275362,0.14333333333333334,17,3,4
0.18137254901960784,0.3369207772795217,0.22799006649042697,0.14333333333333334,17,2,1
0.3483709273182957,0.001790510295434199,0.0032,0.14333333333333334,17,3,2
0.0,0.0,0.0,0.14333333333333334,17,4,3
0.3483709273182957,0.001790510295434199,0.0032,0.14333333333333334,17,4,2
0.3666666666666667,0.00029895366218236175,0.0005925925925925926,0.14333333333333334,17,4,5
0.177819083023544,0.33602391629297457,0.22655748233782913,0.14333333333333334,17,3,1
0.34375,0.0002981514609421586,0.0005797101449275362,0.14333333333333334,17,4,4
0.0,0.0,0.0,0.14333333333333334,17,5,3
0.177819083023544,0.33602391629297457,0.22655748233782913,0.14333333333333334,17,4,1
0.3666666666666667,0.00029895366218236175,0.0005925925925925926,0.14333333333333334,17,5,5
0.34375,0.0002981514609421586,0.0005797101449275362,0.14333333333333334,17,5,4
0.6743589743589743,0.0008944543828264757,0.0016025641025641023,0.14333333333333334,17,5,2
0.0,0.0,0.0,0.14333333333333334,17,6,3
0.34375,0.0002981514609421586,0.0005797101449275362,0.14333333333333334,17,6,4
0.3666666666666667,0.00029895366218236175,0.0005925925925925926,0.14333333333333334,17,6,5
0.34417344173441733,0.3357206803939123,0.3372462704817804,0.14333333333333334,17,5,1
0.6743589743589743,0.0008944543828264757,0.0016025641025641023,0.14333333333333334,17,6,2
0.0,0.0,0.0,0.14333333333333334,17,7,3
0.3666666666666667,0.00029895366218236175,0.0005925925925925926,0.14333333333333334,17,7,5
0.34375,0.0002981514609421586,0.0005797101449275362,0.14333333333333334,17,7,4
0.34417344173441733,0.3357206803939123,0.3372462704817804,0.14333333333333334,17,6,1
0.6743589743589743,0.0008944543828264757,0.0016025641025641023,0.14333333333333334,17,7,2
0.34375,0.0002981514609421586,0.0005797101449275362,0.14333333333333334,17,8,4
0.0,0.0,0.0,0.14333333333333334,17,8,3
0.3666666666666667,0.00029895366218236175,0.0005925925925925926,0.14333333333333334,17,8,5
0.340365682137834,0.0014934289127837513,0.002463661000246366,0.14333333333333334,17,7,1
0.6743589743589743,0.0008944543828264757,0.0016025641025641023,0.14333333333333334,17,8,2
0.3333333333333333,0.0,0.0,0.14333333333333334,17,9,3
0.340365682137834,0.0014934289127837513,0.002463661000246366,0.14333333333333334,17,8,1
0.34375,0.0002981514609421586,0.0005797101449275362,0.14333333333333334,17,9,4
0.3666666666666667,0.00029895366218236175,0.0005925925925925926,0.14333333333333334,17,9,5
0.6698412698412698,0.0002981514609421586,0.0005451076587626055,0.14333333333333334,17,9,2
0.3333333333333333,0.0,0.0,0.14333333333333334,17,10,3
0.34375,0.0002981514609421586,0.0005797101449275362,0.14333333333333334,17,10,4
0.3666666666666667,0.00029895366218236175,0.0005925925925925926,0.14333333333333334,17,10,5
0.6698412698412698,0.0002981514609421586,0.0005451076587626055,0.14333333333333334,17,10,2
0.3429487179487179,0.001790510295434199,0.0030188679245283026,0.14333333333333334,17,9,1
0.3333333333333333,0.0,0.0,0.14333333333333334,17,11,3
0.3666666666666667,0.00029895366218236175,0.0005925925925925926,0.14333333333333334,17,11,5
0.34375,0.0002981514609421586,0.0005797101449275362,0.14333333333333334,17,11,4
0.3429487179487179,0.001790510295434199,0.0030188679245283026,0.14333333333333334,17,10,1
0.6698412698412698,0.0002981514609421586,0.0005451076587626055,0.14333333333333334,17,11,2
0.3666666666666667,0.00029895366218236175,0.0005925925925925926,0.14333333333333334,18,1,5
0.0,0.0,0.0,0.14333333333333334,18,1,3
0.3407821229050279,0.001193673530289466,0.0020576131687242796,0.14333333333333334,17,11,1
0.34375,0.0002981514609421586,0.0005797101449275362,0.14333333333333334,18,1,4
0.3483709273182957,0.001790510295434199,0.0032,0.14333333333333334,18,1,2
0.0,0.0,0.0,0.14333333333333334,18,2,3
0.34375,0.0002981514609421586,0.0005797101449275362,0.14333333333333334,18,2,4
0.18137254901960784,0.3369207772795217,0.22799006649042697,0.14333333333333334,18,1,1
0.3483709273182957,0.001790510295434199,0.0032,0.14333333333333334,18,2,2
0.3666666666666667,0.00029895366218236175,0.0005925925925925926,0.14333333333333334,18,2,5
0.34375,0.0002981514609421586,0.0005797101449275362,0.14333333333333334,18,3,4
0.3666666666666667,0.00029895366218236175,0.0005925925925925926,0.14333333333333334,18,3,5
0.18137254901960784,0.3369207772795217,0.22799006649042697,0.14333333333333334,18,2,1
0.0,0.0,0.0,0.14333333333333334,18,3,3
0.3483709273182957,0.001790510295434199,0.0032,0.14333333333333334,18,3,2
0.0,0.0,0.0,0.14333333333333334,18,4,3
0.177819083023544,0.33602391629297457,0.22655748233782913,0.14333333333333334,18,3,1
0.34375,0.0002981514609421586,0.0005797101449275362,0.14333333333333334,18,4,4
0.3666666666666667,0.00029895366218236175,0.0005925925925925926,0.14333333333333334,18,4,5
0.3483709273182957,0.001790510295434199,0.0032,0.14333333333333334,18,4,2
0.3666666666666667,0.00029895366218236175,0.0005925925925925926,0.14333333333333334,18,5,5
0.34375,0.0002981514609421586,0.0005797101449275362,0.14333333333333334,18,5,4
0.177819083023544,0.33602391629297457,0.22655748233782913,0.14333333333333334,18,4,1
0.0,0.0,0.0,0.14333333333333334,18,5,3
0.6743589743589743,0.0008944543828264757,0.0016025641025641023,0.14333333333333334,18,5,2
0.34375,0.0002981514609421586,0.0005797101449275362,0.14333333333333334,18,6,4
0.0,0.0,0.0,0.14333333333333334,18,6,3
0.6743589743589743,0.0008944543828264757,0.0016025641025641023,0.14333333333333334,18,6,2
0.3666666666666667,0.00029895366218236175,0.0005925925925925926,0.14333333333333334,18,6,5
0.34417344173441733,0.3357206803939123,0.3372462704817804,0.14333333333333334,18,5,1
0.0,0.0,0.0,0.14333333333333334,18,7,3
0.3666666666666667,0.00029895366218236175,0.0005925925925925926,0.14333333333333334,18,7,5
0.34375,0.0002981514609421586,0.0005797101449275362,0.14333333333333334,18,7,4
0.34417344173441733,0.3357206803939123,0.3372462704817804,0.14333333333333334,18,6,1
0.6743589743589743,0.0008944543828264757,0.0016025641025641023,0.14333333333333334,18,7,2
0.34375,0.0002981514609421586,0.0005797101449275362,0.14333333333333334,18,8,4
0.0,0.0,0.0,0.14333333333333334,18,8,3
0.340365682137834,0.0014934289127837513,0.002463661000246366,0.14333333333333334,18,7,1
0.6743589743589743,0.0008944543828264757,0.0016025641025641023,0.14333333333333334,18,8,2
0.3666666666666667,0.00029895366218236175,0.0005925925925925926,0.14333333333333334,18,8,5
0.3333333333333333,0.0,0.0,0.14333333333333334,18,9,3
0.340365682137834,0.0014934289127837513,0.002463661000246366,0.14333333333333334,18,8,1
0.3666666666666667,0.00029895366218236175,0.0005925925925925926,0.14333333333333334,18,9,5
0.34375,0.0002981514609421586,0.0005797101449275362,0.14333333333333334,18,9,4
0.6698412698412698,0.0002981514609421586,0.0005451076587626055,0.14333333333333334,18,9,2
0.3666666666666667,0.00029895366218236175,0.0005925925925925926,0.14333333333333334,18,10,5
0.34375,0.0002981514609421586,0.0005797101449275362,0.14333333333333334,18,10,4
0.3333333333333333,0.0,0.0,0.14333333333333334,18,10,3
0.6698412698412698,0.0002981514609421586,0.0005451076587626055,0.14333333333333334,18,10,2
0.3429487179487179,0.001790510295434199,0.0030188679245283026,0.14333333333333334,18,9,1
0.3333333333333333,0.0,0.0,0.14333333333333334,18,11,3
0.3666666666666667,0.00029895366218236175,0.0005925925925925926,0.14333333333333334,18,11,5
0.34375,0.0002981514609421586,0.0005797101449275362,0.14333333333333334,18,11,4
0.3429487179487179,0.001790510295434199,0.0030188679245283026,0.14333333333333334,18,10,1
0.6698412698412698,0.0002981514609421586,0.0005451076587626055,0.14333333333333334,18,11,2
0.0,0.0,0.0,0.14333333333333334,19,1,3
0.3407821229050279,0.001193673530289466,0.0020576131687242796,0.14333333333333334,18,11,1
0.3666666666666667,0.00029895366218236175,0.0005925925925925926,0.14333333333333334,19,1,5
0.34375,0.0002981514609421586,0.0005797101449275362,0.14333333333333334,19,1,4
0.3483709273182957,0.001790510295434199,0.0032,0.14333333333333334,19,1,2
0.0,0.0,0.0,0.14333333333333334,19,2,3
0.3666666666666667,0.00029895366218236175,0.0005925925925925926,0.14333333333333334,19,2,5
0.017167381974248927,0.003587443946188341,0.005934718100890208,0.14333333333333334,19,1,1
0.34375,0.0002981514609421586,0.0005797101449275362,0.14333333333333334,19,2,4
0.3483709273182957,0.001790510295434199,0.0032,0.14333333333333334,19,2,2
0.0,0.0,0.0,0.14333333333333334,19,3,3
0.3666666666666667,0.00029895366218236175,0.0005925925925925926,0.14333333333333334,19,3,5
0.017167381974248927,0.003587443946188341,0.005934718100890208,0.14333333333333334,19,2,1
0.3483709273182957,0.001790510295434199,0.0032,0.14333333333333334,19,3,2
0.34375,0.0002981514609421586,0.0005797101449275362,0.14333333333333334,19,3,4
0.3666666666666667,0.00029895366218236175,0.0005925925925925926,0.14333333333333334,19,4,5
0.0,0.0,0.0,0.14333333333333334,19,4,3
0.34375,0.0002981514609421586,0.0005797101449275362,0.14333333333333334,19,4,4
0.012396694214876033,0.0026905829596412557,0.004421518054532056,0.14333333333333334,19,3,1
0.3483709273182957,0.001790510295434199,0.0032,0.14333333333333334,19,4,2
0.0,0.0,0.0,0.14333333333333334,19,5,3
0.3666666666666667,0.00029895366218236175,0.0005925925925925926,0.14333333333333334,19,5,5
0.34375,0.0002981514609421586,0.0005797101449275362,0.14333333333333334,19,5,4
0.6743589743589743,0.0008944543828264757,0.0016025641025641023,0.14333333333333334,19,5,2
0.012396694214876033,0.0026905829596412557,0.004421518054532056,0.14333333333333334,19,4,1
0.0,0.0,0.0,0.14333333333333334,19,6,3
0.3455098934550989,0.002387347060578932,0.003992015968063872,0.14333333333333334,19,5,1
0.3666666666666667,0.00029895366218236175,0.0005925925925925926,0.14333333333333334,19,6,5
0.34375,0.0002981514609421586,0.0005797101449275362,0.14333333333333334,19,6,4
0.6743589743589743,0.0008944543828264757,0.0016025641025641023,0.14333333333333334,19,6,2
0.0,0.0,0.0,0.14333333333333334,19,7,3
0.3666666666666667,0.00029895366218236175,0.0005925925925925926,0.14333333333333334,19,7,5
0.3455098934550989,0.002387347060578932,0.003992015968063872,0.14333333333333334,19,6,1
0.6743589743589743,0.0008944543828264757,0.0016025641025641023,0.14333333333333334,19,7,2
0.34375,0.0002981514609421586,0.0005797101449275362,0.14333333333333334,19,7,4
0.3666666666666667,0.00029895366218236175,0.0005925925925925926,0.14333333333333334,19,8,5
0.0,0.0,0.0,0.14333333333333334,19,8,3
0.34375,0.0002981514609421586,0.0005797101449275362,0.14333333333333334,19,8,4
0.3412698412698412,0.0014934289127837513,0.002513826043237808,0.14333333333333334,19,7,1
0.6743589743589743,0.0008944543828264757,0.0016025641025641023,0.14333333333333334,19,8,2
0.3333333333333333,0.0,0.0,0.14333333333333334,19,9,3
0.3666666666666667,0.00029895366218236175,0.0005925925925925926,0.14333333333333334,19,9,5
0.34375,0.0002981514609421586,0.0005797101449275362,0.14333333333333334,19,9,4
0.6698412698412698,0.0002981514609421586,0.0005451076587626055,0.14333333333333334,19,9,2
0.3412698412698412,0.0014934289127837513,0.002513826043237808,0.14333333333333334,19,8,1
0.3439153439153439,0.001790510295434199,0.0030627871362940273,0.14333333333333334,19,9,1
0.3333333333333333,0.0,0.0,0.14333333333333334,19,10,3
0.3666666666666667,0.00029895366218236175,0.0005925925925925926,0.14333333333333334,19,10,5
0.34375,0.0002981514609421586,0.0005797101449275362,0.14333333333333334,19,10,4
0.6698412698412698,0.0002981514609421586,0.0005451076587626055,0.14333333333333334,19,10,2
0.3333333333333333,0.0,0.0,0.14333333333333334,19,11,3
0.34375,0.0002981514609421586,0.0005797101449275362,0.14333333333333334,19,11,4
0.3666666666666667,0.00029895366218236175,0.0005925925925925926,0.14333333333333334,19,11,5
0.6698412698412698,0.0002981514609421586,0.0005451076587626055,0.14333333333333334,19,11,2
0.3439153439153439,0.001790510295434199,0.0030627871362940273,0.14333333333333334,19,10,1
0.0,0.0,0.0,0.14333333333333334,20,1,3
0.3414141414141414,0.001193673530289466,0.0020800832033281333,0.14333333333333334,19,11,1
0.3666666666666667,0.00029895366218236175,0.0005925925925925926,0.14333333333333334,20,1,5
0.34375,0.0002981514609421586,0.0005797101449275362,0.14333333333333334,20,1,4
0.3483709273182957,0.001790510295434199,0.0032,0.14333333333333334,20,1,2
0.3666666666666667,0.00029895366218236175,0.0005925925925925926,0.14333333333333334,20,2,5
0.0,0.0,0.0,0.14333333333333334,20,2,3
0.34375,0.0002981514609421586,0.0005797101449275362,0.14333333333333334,20,2,4
0.3483709273182957,0.001790510295434199,0.0032,0.14333333333333334,20,2,2
0.017167381974248927,0.003587443946188341,0.005934718100890208,0.14333333333333334,20,1,1
0.0,0.0,0.0,0.14333333333333334,20,3,3
0.017167381974248927,0.003587443946188341,0.005934718100890208,0.14333333333333334,20,2,1
0.3666666666666667,0.00029895366218236175,0.0005925925925925926,0.14333333333333334,20,3,5
0.34375,0.0002981514609421586,0.0005797101449275362,0.14333333333333334,20,3,4
0.3483709273182957,0.001790510295434199,0.0032,0.14333333333333334,20,3,2
0.3666666666666667,0.00029895366218236175,0.0005925925925925926,0.14333333333333334,20,4,5
0.34375,0.0002981514609421586,0.0005797101449275362,0.14333333333333334,20,4,4
0.0,0.0,0.0,0.14333333333333334,20,4,3
0.3483709273182957,0.001790510295434199,0.0032,0.14333333333333334,20,4,2
0.012396694214876033,0.0026905829596412557,0.004421518054532056,0.14333333333333334,20,3,1
0.0,0.0,0.0,0.14333333333333334,20,5,3
0.3666666666666667,0.00029895366218236175,0.0005925925925925926,0.14333333333333334,20,5,5
0.34375,0.0002981514609421586,0.0005797101449275362,0.14333333333333334,20,5,4
0.012396694214876033,0.0026905829596412557,0.004421518054532056,0.14333333333333334,20,4,1
0.6743589743589743,0.0008944543828264757,0.0016025641025641023,0.14333333333333334,20,5,2
0.0,0.0,0.0,0.14333333333333334,20,6,3
0.34375,0.0002981514609421586,0.0005797101449275362,0.14333333333333334,20,6,4
0.3455098934550989,0.002387347060578932,0.003992015968063872,0.14333333333333334,20,5,1
0.3666666666666667,0.00029895366218236175,0.0005925925925925926,0.14333333333333334,20,6,5
0.6743589743589743,0.0008944543828264757,0.0016025641025641023,0.14333333333333334,20,6,2
0.0,0.0,0.0,0.14333333333333334,20,7,3
0.34375,0.0002981514609421586,0.0005797101449275362,0.14333333333333334,20,7,4
0.3666666666666667,0.00029895366218236175,0.0005925925925925926,0.14333333333333334,20,7,5
0.3455098934550989,0.002387347060578932,0.003992015968063872,0.14333333333333334,20,6,1
0.6743589743589743,0.0008944543828264757,0.0016025641025641023,0.14333333333333334,20,7,2
0.0,0.0,0.0,0.14333333333333334,20,8,3
0.34375,0.0002981514609421586,0.0005797101449275362,0.14333333333333334,20,8,4
0.3666666666666667,0.00029895366218236175,0.0005925925925925926,0.14333333333333334,20,8,5
0.3412698412698412,0.0014934289127837513,0.002513826043237808,0.14333333333333334,20,7,1
0.6743589743589743,0.0008944543828264757,0.0016025641025641023,0.14333333333333334,20,8,2
0.3333333333333333,0.0,0.0,0.14333333333333334,20,9,3
0.3666666666666667,0.00029895366218236175,0.0005925925925925926,0.14333333333333334,20,9,5
0.6698412698412698,0.0002981514609421586,0.0005451076587626055,0.14333333333333334,20,9,2
0.34375,0.0002981514609421586,0.0005797101449275362,0.14333333333333334,20,9,4
0.3412698412698412,0.0014934289127837513,0.002513826043237808,0.14333333333333334,20,8,1
0.3333333333333333,0.0,0.0,0.14333333333333334,20,10,3
0.3439153439153439,0.001790510295434199,0.0030627871362940273,0.14333333333333334,20,9,1
0.3666666666666667,0.00029895366218236175,0.0005925925925925926,0.14333333333333334,20,10,5
0.6698412698412698,0.0002981514609421586,0.0005451076587626055,0.14333333333333334,20,10,2
0.34375,0.0002981514609421586,0.0005797101449275362,0.14333333333333334,20,10,4
0.3666666666666667,0.00029895366218236175,0.0005925925925925926,0.14333333333333334,20,11,5
0.3333333333333333,0.0,0.0,0.14333333333333334,20,11,3
0.3439153439153439,0.001790510295434199,0.0030627871362940273,0.14333333333333334,20,10,1
0.34375,0.0002981514609421586,0.0005797101449275362,0.14333333333333334,20,11,4
0.6698412698412698,0.0002981514609421586,0.0005451076587626055,0.14333333333333334,20,11,2
0.0,0.0,0.0,0.14333333333333334,21,1,3
0.3666666666666667,0.00029895366218236175,0.0005925925925925926,0.14333333333333334,21,1,5
0.34375,0.0002981514609421586,0.0005797101449275362,0.14333333333333334,21,1,4
0.3414141414141414,0.001193673530289466,0.0020800832033281333,0.14333333333333334,20,11,1
0.3516819571865444,0.001790510295434199,0.003262642740619902,0.14333333333333334,21,1,2
0.0,0.0,0.0,0.14333333333333334,21,2,3
0.3488773747841105,0.0026905829596412557,0.0045871559633027525,0.14333333333333334,21,1,1
0.34375,0.0002981514609421586,0.0005797101449275362,0.14333333333333334,21,2,4
0.3516819571865444,0.001790510295434199,0.003262642740619902,0.14333333333333334,21,2,2
0.3666666666666667,0.00029895366218236175,0.0005925925925925926,0.14333333333333334,21,2,5
0.0,0.0,0.0,0.14333333333333334,21,3,3
0.34375,0.0002981514609421586,0.0005797101449275362,0.14333333333333334,21,3,4
0.3488773747841105,0.0026905829596412557,0.0045871559633027525,0.14333333333333334,21,2,1
0.3666666666666667,0.00029895366218236175,0.0005925925925925926,0.14333333333333334,21,3,5
0.3516819571865444,0.001790510295434199,0.003262642740619902,0.14333333333333334,21,3,2
0.3666666666666667,0.00029895366218236175,0.0005925925925925926,0.14333333333333334,21,4,5
0.0,0.0,0.0,0.14333333333333334,21,4,3
0.34375,0.0002981514609421586,0.0005797101449275362,0.14333333333333334,21,4,4
0.3429951690821256,0.0017937219730941704,0.0030257186081694407,0.14333333333333334,21,3,1
0.3516819571865444,0.001790510295434199,0.003262642740619902,0.14333333333333334,21,4,2
0.0,0.0,0.0,0.14333333333333334,21,5,3
0.3666666666666667,0.00029895366218236175,0.0005925925925925926,0.14333333333333334,21,5,5
0.6755952380952381,0.0008944543828264757,0.0016260162601626016,0.14333333333333334,21,5,2
0.3429951690821256,0.0017937219730941704,0.0030257186081694407,0.14333333333333334,21,4,1
0.34375,0.0002981514609421586,0.0005797101449275362,0.14333333333333334,21,5,4
0.0,0.0,0.0,0.14333333333333334,21,6,3
0.34375,0.0002981514609421586,0.0005797101449275362,0.14333333333333334,21,6,4
0.3468697123519458,0.002387347060578932,0.004058853373921867,0.14333333333333334,21,5,1
0.3666666666666667,0.00029895366218236175,0.0005925925925925926,0.14333333333333334,21,6,5
0.6755952380952381,0.0008944543828264757,0.0016260162601626016,0.14333333333333334,21,6,2
0.0,0.0,0.0,0.14333333333333334,21,7,3
0.3666666666666667,0.00029895366218236175,0.0005925925925925926,0.14333333333333334,21,7,5
0.34375,0.0002981514609421586,0.0005797101449275362,0.14333333333333334,21,7,4
0.3468697123519458,0.002387347060578932,0.004058853373921867,0.14333333333333334,21,6,1
0.6755952380952381,0.0008944543828264757,0.0016260162601626016,0.14333333333333334,21,7,2
0.0,0.0,0.0,0.14333333333333334,21,8,3
0.3666666666666667,0.00029895366218236175,0.0005925925925925926,0.14333333333333334,21,8,5
0.3421985815602837,0.0014934289127837513,0.0025562372188139056,0.14333333333333334,21,7,1
0.34375,0.0002981514609421586,0.0005797101449275362,0.14333333333333334,21,8,4
0.6755952380952381,0.0008944543828264757,0.0016260162601626016,0.14333333333333334,21,8,2
0.3333333333333333,0.0,0.0,0.14333333333333334,21,9,3
0.3666666666666667,0.00029895366218236175,0.0005925925925925926,0.14333333333333334,21,9,5
0.34375,0.0002981514609421586,0.0005797101449275362,0.14333333333333334,21,9,4
0.3421985815602837,0.0014934289127837513,0.0025562372188139056,0.14333333333333334,21,8,1
0.6702898550724639,0.0002981514609421586,0.0005509641873278236,0.14333333333333334,21,9,2
0.3456032719836401,0.001790510295434199,0.0031250000000000006,0.14333333333333334,21,9,1
0.3333333333333333,0.0,0.0,0.14333333333333334,21,10,3
0.3666666666666667,0.00029895366218236175,0.0005925925925925926,0.14333333333333334,21,10,5
0.34375,0.0002981514609421586,0.0005797101449275362,0.14333333333333334,21,10,4
0.6702898550724639,0.0002981514609421586,0.0005509641873278236,0.14333333333333334,21,10,2
0.3333333333333333,0.0,0.0,0.14333333333333334,21,11,3
0.3666666666666667,0.00029895366218236175,0.0005925925925925926,0.14333333333333334,21,11,5
0.6702898550724639,0.0002981514609421586,0.0005509641873278236,0.14333333333333334,21,11,2
0.34375,0.0002981514609421586,0.0005797101449275362,0.14333333333333334,21,11,4
0.3456032719836401,0.001790510295434199,0.0031250000000000006,0.14333333333333334,21,10,1
0.34278959810874704,0.001193673530289466,0.0021197668256491783,0.14333333333333334,21,11,1
0.3666666666666667,0.00029895366218236175,0.0005925925925925926,0.14333333333333334,22,1,5
0.0,0.0,0.0,0.14333333333333334,22,1,3
0.34375,0.0002981514609421586,0.0005797101449275362,0.14333333333333334,22,1,4
0.3516819571865444,0.001790510295434199,0.003262642740619902,0.14333333333333334,22,1,2
0.0,0.0,0.0,0.14333333333333334,22,2,3
0.3666666666666667,0.00029895366218236175,0.0005925925925925926,0.14333333333333334,22,2,5
0.3488773747841105,0.0026905829596412557,0.0045871559633027525,0.14333333333333334,22,1,1
0.3516819571865444,0.001790510295434199,0.003262642740619902,0.14333333333333334,22,2,2
0.34375,0.0002981514609421586,0.0005797101449275362,0.14333333333333334,22,2,4
0.0,0.0,0.0,0.14333333333333334,22,3,3
0.3488773747841105,0.0026905829596412557,0.0045871559633027525,0.14333333333333334,22,2,1
0.34375,0.0002981514609421586,0.0005797101449275362,0.14333333333333334,22,3,4
0.3666666666666667,0.00029895366218236175,0.0005925925925925926,0.14333333333333334,22,3,5
0.0,0.0,0.0,0.14333333333333334,22,4,3
0.3516819571865444,0.001790510295434199,0.003262642740619902,0.14333333333333334,22,3,2
0.34375,0.0002981514609421586,0.0005797101449275362,0.14333333333333334,22,4,4
0.3666666666666667,0.00029895366218236175,0.0005925925925925926,0.14333333333333334,22,4,5
0.3516819571865444,0.001790510295434199,0.003262642740619902,0.14333333333333334,22,4,2
0.3429951690821256,0.0017937219730941704,0.0030257186081694407,0.14333333333333334,22,3,1
0.0,0.0,0.0,0.14333333333333334,22,5,3
0.3429951690821256,0.0017937219730941704,0.0030257186081694407,0.14333333333333334,22,4,1
0.3666666666666667,0.00029895366218236175,0.0005925925925925926,0.14333333333333334,22,5,5
0.6755952380952381,0.0008944543828264757,0.0016260162601626016,0.14333333333333334,22,5,2
0.34375,0.0002981514609421586,0.0005797101449275362,0.14333333333333334,22,5,4
0.0,0.0,0.0,0.14333333333333334,22,6,3
0.3468697123519458,0.002387347060578932,0.004058853373921867,0.14333333333333334,22,5,1
0.3666666666666667,0.00029895366218236175,0.0005925925925925926,0.14333333333333334,22,6,5
0.6755952380952381,0.0008944543828264757,0.0016260162601626016,0.14333333333333334,22,6,2
0.34375,0.0002981514609421586,0.0005797101449275362,0.14333333333333334,22,6,4
0.0,0.0,0.0,0.14333333333333334,22,7,3
0.34375,0.0002981514609421586,0.0005797101449275362,0.14333333333333334,22,7,4
0.3666666666666667,0.00029895366218236175,0.0005925925925925926,0.14333333333333334,22,7,5
0.3468697123519458,0.002387347060578932,0.004058853373921867,0.14333333333333334,22,6,1
0.6755952380952381,0.0008944543828264757,0.0016260162601626016,0.14333333333333334,22,7,2
0.3666666666666667,0.00029895366218236175,0.0005925925925925926,0.14333333333333334,22,8,5
0.34375,0.0002981514609421586,0.0005797101449275362,0.14333333333333334,22,8,4
0.0,0.0,0.0,0.14333333333333334,22,8,3
0.3421985815602837,0.0014934289127837513,0.0025562372188139056,0.14333333333333334,22,7,1
0.6755952380952381,0.0008944543828264757,0.0016260162601626016,0.14333333333333334,22,8,2
0.34375,0.0002981514609421586,0.0005797101449275362,0.14333333333333334,22,9,4
0.3666666666666667,0.00029895366218236175,0.0005925925925925926,0.14333333333333334,22,9,5
0.3421985815602837,0.0014934289127837513,0.0025562372188139056,0.14333333333333334,22,8,1
0.3333333333333333,0.0,0.0,0.14333333333333334,22,9,3
0.6702898550724639,0.0002981514609421586,0.0005509641873278236,0.14333333333333334,22,9,2
0.3333333333333333,0.0,0.0,0.14333333333333334,22,10,3
0.3456032719836401,0.001790510295434199,0.0031250000000000006,0.14333333333333334,22,9,1
0.3666666666666667,0.00029895366218236175,0.0005925925925925926,0.14333333333333334,22,10,5
0.6702898550724639,0.0002981514609421586,0.0005509641873278236,0.14333333333333334,22,10,2
0.34375,0.0002981514609421586,0.0005797101449275362,0.14333333333333334,22,10,4
0.3333333333333333,0.0,0.0,0.14333333333333334,22,11,3
0.3456032719836401,0.001790510295434199,0.0031250000000000006,0.14333333333333334,22,10,1
0.6702898550724639,0.0002981514609421586,0.0005509641873278236,0.14333333333333334,22,11,2
0.34375,0.0002981514609421586,0.0005797101449275362,0.14333333333333334,22,11,4
0.3666666666666667,0.00029895366218236175,0.0005925925925925926,0.14333333333333334,22,11,5
0.0,0.0,0.0,0.14333333333333334,23,1,3
0.34278959810874704,0.001193673530289466,0.0021197668256491783,0.14333333333333334,22,11,1
0.34375,0.0002981514609421586,0.0005797101449275362,0.14333333333333334,23,1,4
0.3666666666666667,0.00029895366218236175,0.0005925925925925926,0.14333333333333334,23,1,5
0.3516819571865444,0.001790510295434199,0.003262642740619902,0.14333333333333334,23,1,2
0.3666666666666667,0.00029895366218236175,0.0005925925925925926,0.14333333333333334,23,2,5
0.35000000000000003,0.0026905829596412557,0.004633204633204633,0.14333333333333334,23,1,1
0.34375,0.0002981514609421586,0.0005797101449275362,0.14333333333333334,23,2,4
0.0,0.0,0.0,0.14333333333333334,23,2,3
0.3516819571865444,0.001790510295434199,0.003262642740619902,0.14333333333333334,23,2,2
0.34375,0.0002981514609421586,0.0005797101449275362,0.14333333333333334,23,3,4
0.3666666666666667,0.00029895366218236175,0.0005925925925925926,0.14333333333333334,23,3,5
0.35000000000000003,0.0026905829596412557,0.004633204633204633,0.14333333333333334,23,2,1
0.3516819571865444,0.001790510295434199,0.003262642740619902,0.14333333333333334,23,3,2
0.0,0.0,0.0,0.14333333333333334,23,3,3
0.0,0.0,0.0,0.14333333333333334,23,4,3
0.3666666666666667,0.00029895366218236175,0.0005925925925925926,0.14333333333333334,23,4,5
0.3516819571865444,0.001790510295434199,0.003262642740619902,0.14333333333333334,23,4,2
0.34397163120567376,0.0017937219730941704,0.0030698388334612432,0.14333333333333334,23,3,1
0.34375,0.0002981514609421586,0.0005797101449275362,0.14333333333333334,23,4,4
0.0,0.0,0.0,0.14333333333333334,23,5,3
0.34375,0.0002981514609421586,0.0005797101449275362,0.14333333333333334,23,5,4
0.3666666666666667,0.00029895366218236175,0.0005925925925925926,0.14333333333333334,23,5,5
0.34397163120567376,0.0017937219730941704,0.0030698388334612432,0.14333333333333334,23,4,1
0.6755952380952381,0.0008944543828264757,0.0016260162601626016,0.14333333333333334,23,5,2
0.0,0.0,0.0,0.14333333333333334,23,6,3
0.3482309124767225,0.002387347060578932,0.004115226337448559,0.14333333333333334,23,5,1
0.3666666666666667,0.00029895366218236175,0.0005925925925925926,0.14333333333333334,23,6,5
0.6755952380952381,0.0008944543828264757,0.0016260162601626016,0.14333333333333334,23,6,2
0.34375,0.0002981514609421586,0.0005797101449275362,0.14333333333333334,23,6,4
0.0,0.0,0.0,0.14333333333333334,23,7,3
0.3482309124767225,0.002387347060578932,0.004115226337448559,0.14333333333333334,23,6,1
0.3666666666666667,0.00029895366218236175,0.0005925925925925926,0.14333333333333334,23,7,5
0.6755952380952381,0.0008944543828264757,0.0016260162601626016,0.14333333333333334,23,7,2
0.34375,0.0002981514609421586,0.0005797101449275362,0.14333333333333334,23,7,4
0.34375,0.0002981514609421586,0.0005797101449275362,0.14333333333333334,23,8,4
0.0,0.0,0.0,0.14333333333333334,23,8,3
0.343313373253493,0.0014934289127837513,0.0025980774227071964,0.14333333333333334,23,7,1
0.3666666666666667,0.00029895366218236175,0.0005925925925925926,0.14333333333333334,23,8,5
0.6755952380952381,0.0008944543828264757,0.0016260162601626016,0.14333333333333334,23,8,2
0.3333333333333333,0.0,0.0,0.14333333333333334,23,9,3
0.34375,0.0002981514609421586,0.0005797101449275362,0.14333333333333334,23,9,4
0.343313373253493,0.0014934289127837513,0.0025980774227071964,0.14333333333333334,23,8,1
0.3666666666666667,0.00029895366218236175,0.0005925925925925926,0.14333333333333334,23,9,5
0.6702898550724639,0.0002981514609421586,0.0005509641873278236,0.14333333333333334,23,9,2
0.3333333333333333,0.0,0.0,0.14333333333333334,23,10,3
0.3666666666666667,0.00029895366218236175,0.0005925925925925926,0.14333333333333334,23,10,5
0.3470319634703196,0.001790510295434199,0.0031670625494853518,0.14333333333333334,23,9,1
0.6702898550724639,0.0002981514609421586,0.0005509641873278236,0.14333333333333334,23,10,2
0.34375,0.0002981514609421586,0.0005797101449275362,0.14333333333333334,23,10,4
0.3333333333333333,0.0,0.0,0.14333333333333334,23,11,3
0.3470319634703196,0.001790510295434199,0.0031670625494853518,0.14333333333333334,23,10,1
0.3666666666666667,0.00029895366218236175,0.0005925925925925926,0.14333333333333334,23,11,5
0.34375,0.0002981514609421586,0.0005797101449275362,0.14333333333333334,23,11,4
0.6702898550724639,0.0002981514609421586,0.0005509641873278236,0.14333333333333334,23,11,2
0.0,0.0,0.0,0.14333333333333334,24,1,3
0.3439153439153439,0.001193673530289466,0.002145347278090641,0.14333333333333334,23,11,1
0.34375,0.0002981514609421586,0.0005797101449275362,0.14333333333333334,24,1,4
0.3666666666666667,0.00029895366218236175,0.0005925925925925926,0.14333333333333334,24,1,5
0.3516819571865444,0.001790510295434199,0.003262642740619902,0.14333333333333334,24,1,2
0.0,0.0,0.0,0.14333333333333334,24,2,3
0.35000000000000003,0.0026905829596412557,0.004633204633204633,0.14333333333333334,24,1,1
0.34375,0.0002981514609421586,0.0005797101449275362,0.14333333333333334,24,2,4
0.3666666666666667,0.00029895366218236175,0.0005925925925925926,0.14333333333333334,24,2,5
0.3516819571865444,0.001790510295434199,0.003262642740619902,0.14333333333333334,24,2,2
0.0,0.0,0.0,0.14333333333333334,24,3,3
0.34375,0.0002981514609421586,0.0005797101449275362,0.14333333333333334,24,3,4
0.35000000000000003,0.0026905829596412557,0.004633204633204633,0.14333333333333334,24,2,1
0.3666666666666667,0.00029895366218236175,0.0005925925925925926,0.14333333333333334,24,3,5
0.3516819571865444,0.001790510295434199,0.003262642740619902,0.14333333333333334,24,3,2
0.0,0.0,0.0,0.14333333333333334,24,4,3
0.3666666666666667,0.00029895366218236175,0.0005925925925925926,0.14333333333333334,24,4,5
0.34397163120567376,0.0017937219730941704,0.0030698388334612432,0.14333333333333334,24,3,1
0.34375,0.0002981514609421586,0.0005797101449275362,0.14333333333333334,24,4,4
0.3516819571865444,0.001790510295434199,0.003262642740619902,0.14333333333333334,24,4,2
0.0,0.0,0.0,0.14333333333333334,24,5,3
0.34375,0.0002981514609421586,0.0005797101449275362,0.14333333333333334,24,5,4
0.3666666666666667,0.00029895366218236175,0.0005925925925925926,0.14333333333333334,24,5,5
0.34397163120567376,0.0017937219730941704,0.0030698388334612432,0.14333333333333334,24,4,1
0.6755952380952381,0.0008944543828264757,0.0016260162601626016,0.14333333333333334,24,5,2
0.0,0.0,0.0,0.14333333333333334,24,6,3
0.34375,0.0002981514609421586,0.0005797101449275362,0.14333333333333334,24,6,4
0.6755952380952381,0.0008944543828264757,0.0016260162601626016,0.14333333333333334,24,6,2
0.3482309124767225,0.002387347060578932,0.004115226337448559,0.14333333333333334,24,5,1
0.3666666666666667,0.00029895366218236175,0.0005925925925925926,0.14333333333333334,24,6,5
0.0,0.0,0.0,0.14333333333333334,24,7,3
0.3666666666666667,0.00029895366218236175,0.0005925925925925926,0.14333333333333334,24,7,5
0.3482309124767225,0.002387347060578932,0.004115226337448559,0.14333333333333334,24,6,1
0.34375,0.0002981514609421586,0.0005797101449275362,0.14333333333333334,24,7,4
0.6755952380952381,0.0008944543828264757,0.0016260162601626016,0.14333333333333334,24,7,2
0.0,0.0,0.0,0.14333333333333334,24,8,3
0.6755952380952381,0.0008944543828264757,0.0016260162601626016,0.14333333333333334,24,8,2
0.343313373253493,0.0014934289127837513,0.0025980774227071964,0.14333333333333334,24,7,1
0.3666666666666667,0.00029895366218236175,0.0005925925925925926,0.14333333333333334,24,8,5
0.34375,0.0002981514609421586,0.0005797101449275362,0.14333333333333334,24,8,4
0.3333333333333333,0.0,0.0,0.14333333333333334,24,9,3
0.343313373253493,0.0014934289127837513,0.0025980774227071964,0.14333333333333334,24,8,1
0.3666666666666667,0.00029895366218236175,0.0005925925925925926,0.14333333333333334,24,9,5
0.34375,0.0002981514609421586,0.0005797101449275362,0.14333333333333334,24,9,4
0.6702898550724639,0.0002981514609421586,0.0005509641873278236,0.14333333333333334,24,9,2
0.3333333333333333,0.0,0.0,0.14333333333333334,24,10,3
0.3666666666666667,0.00029895366218236175,0.0005925925925925926,0.14333333333333334,24,10,5
0.34375,0.0002981514609421586,0.0005797101449275362,0.14333333333333334,24,10,4
0.3470319634703196,0.001790510295434199,0.0031670625494853518,0.14333333333333334,24,9,1
0.6702898550724639,0.0002981514609421586,0.0005509641873278236,0.14333333333333334,24,10,2
0.3333333333333333,0.0,0.0,0.14333333333333334,24,11,3
0.34375,0.0002981514609421586,0.0005797101449275362,0.14333333333333334,24,11,4
0.3666666666666667,0.00029895366218236175,0.0005925925925925926,0.14333333333333334,24,11,5
0.6702898550724639,0.0002981514609421586,0.0005509641873278236,0.14333333333333334,24,11,2
0.3470319634703196,0.001790510295434199,0.0031670625494853518,0.14333333333333334,24,10,1
0.3439153439153439,0.001193673530289466,0.002145347278090641,0.14333333333333334,24,11,1
0.6747474747474748,0.0011926058437686344,0.0020784619381657575,0.16999999999999998,1,1,3
0.6666666666666666,0.0,0.0,0.16999999999999998,1,1,5
0.6666666666666666,0.0,0.0,0.16999999999999998,1,1,4
0.6666666666666666,0.0,0.0,0.16999999999999998,1,2,5
0.002105263157894737,0.0008944543828264757,0.0012554927809165096,0.16999999999999998,1,1,2
0.6666666666666666,0.0,0.0,0.16999999999999998,1,2,4
0.6747474747474748,0.0011926058437686344,0.0020784619381657575,0.16999999999999998,1,2,3
0.6666666666666666,0.0,0.0,0.16999999999999998,1,3,4
0.6666666666666666,0.0,0.0,0.16999999999999998,1,3,5
0.6747474747474748,0.0011926058437686344,0.0020784619381657575,0.16999999999999998,1,3,3
0.002105263157894737,0.0008944543828264757,0.0012554927809165096,0.16999999999999998,1,2,2
0.6666666666666666,0.0,0.0,0.16999999999999998,1,4,5
0.029000570636667482,0.33482409063804414,0.05262559555183497,0.16999999999999998,1,1,1
0.6666666666666666,0.0,0.0,0.16999999999999998,1,4,4
0.002105263157894737,0.0008944543828264757,0.0012554927809165096,0.16999999999999998,1,3,2
0.6747474747474748,0.0011926058437686344,0.0020784619381657575,0.16999999999999998,1,4,3
0.6747474747474748,0.0011926058437686344,0.0020784619381657575,0.16999999999999998,1,5,3
0.002105263157894737,0.0008944543828264757,0.0012554927809165096,0.16999999999999998,1,4,2
0.6666666666666666,0.0,0.0,0.16999999999999998,1,5,4
0.6666666666666666,0.0,0.0,0.16999999999999998,1,5,5
0.029000570636667482,0.33482409063804414,0.05262559555183497,0.16999999999999998,1,2,1
0.004166666666666667,0.0011926058437686344,0.001854427445526194,0.16999999999999998,1,5,2
0.0019569471624266144,0.0017889087656529515,0.0018691588785046728,0.16999999999999998,1,3,1
0.6666666666666666,0.0,0.0,0.16999999999999998,1,6,5
0.6666666666666666,0.0,0.0,0.16999999999999998,1,6,4
0.0019569471624266144,0.0017889087656529515,0.0018691588785046728,0.16999999999999998,1,4,1
0.6747474747474748,0.0011926058437686344,0.0020784619381657575,0.16999999999999998,1,6,3
0.004166666666666667,0.0011926058437686344,0.001854427445526194,0.16999999999999998,1,6,2
0.0009246417013407305,0.0005963029218843172,0.000725031720137756,0.16999999999999998,1,5,1
0.6666666666666666,0.0,0.0,0.16999999999999998,1,7,5
0.6666666666666666,0.0,0.0,0.16999999999999998,1,7,4
0.6747474747474748,0.0011926058437686344,0.0020784619381657575,0.16999999999999998,1,7,3
0.0009246417013407305,0.0005963029218843172,0.000725031720137756,0.16999999999999998,1,6,1
0.6666666666666666,0.0,0.0,0.16999999999999998,1,8,5
0.6666666666666666,0.0,0.0,0.16999999999999998,1,8,4
0.004166666666666667,0.0011926058437686344,0.001854427445526194,0.16999999999999998,1,7,2
0.0017825311942959,0.0008952551477170995,0.001191895113230036,0.16999999999999998,1,7,1
0.6747474747474748,0.0011926058437686344,0.0020784619381657575,0.16999999999999998,1,8,3
0.6666666666666666,0.0,0.0,0.16999999999999998,1,9,5
0.004166666666666667,0.0011926058437686344,0.001854427445526194,0.16999999999999998,1,8,2
0.6666666666666666,0.0,0.0,0.16999999999999998,1,9,4
0.3395638629283489,0.0005963029218843172,0.0010884353741496598,0.16999999999999998,1,9,3
0.3378787878787879,0.0008944543828264757,0.0014947683109118087,0.16999999999999998,1,9,2
0.0017825311942959,0.0008952551477170995,0.001191895113230036,0.16999999999999998,1,8,1
0.6666666666666666,0.0,0.0,0.16999999999999998,1,10,4
0.6666666666666666,0.0,0.0,0.16999999999999998,1,10,5
0.3395638629283489,0.0005963029218843172,0.0010884353741496598,0.16999999999999998,1,10,3
0.3378787878787879,0.0008944543828264757,0.0014947683109118087,0.16999999999999998,1,10,2
0.001572327044025157,0.000596836765144733,0.0008652390222799048,0.16999999999999998,1,9,1
0.3395638629283489,0.0005963029218843172,0.0010884353741496598,0.16999999999999998,1,11,3
0.6666666666666666,0.0,0.0,0.16999999999999998,1,11,5
0.6666666666666666,0.0,0.0,0.16999999999999998,1,11,4
0.001572327044025157,0.000596836765144733,0.0008652390222799048,0.16999999999999998,1,10,1
0.3378787878787879,0.0008944543828264757,0.0014947683109118087,0.16999999999999998,1,11,2
0.6666666666666666,0.0,0.0,0.16999999999999998,2,1,4
0.6666666666666666,0.0,0.0,0.16999999999999998,2,1,5
0.002710027100271003,0.0008992805755395684,0.0013504388926401081,0.16999999999999998,1,11,1
0.6747474747474748,0.0011926058437686344,0.0020784619381657575,0.16999999999999998,2,1,3
0.6666666666666666,0.0,0.0,0.16999999999999998,2,2,5
0.6666666666666666,0.0,0.0,0.16999999999999998,2,2,4
0.002105263157894737,0.0008944543828264757,0.0012554927809165096,0.16999999999999998,2,1,2
0.6747474747474748,0.0011926058437686344,0.0020784619381657575,0.16999999999999998,2,2,3
0.002105263157894737,0.0008944543828264757,0.0012554927809165096,0.16999999999999998,2,2,2
0.6666666666666666,0.0,0.0,0.16999999999999998,2,3,4
0.6666666666666666,0.0,0.0,0.16999999999999998,2,3,5
0.6747474747474748,0.0011926058437686344,0.0020784619381657575,0.16999999999999998,2,3,3
0.6666666666666666,0.0,0.0,0.16999999999999998,2,4,5
0.6666666666666666,0.0,0.0,0.16999999999999998,2,4,4
0.029000570636667482,0.33482409063804414,0.05262559555183497,0.16999999999999998,2,1,1
0.002105263157894737,0.0008944543828264757,0.0012554927809165096,0.16999999999999998,2,3,2
0.6747474747474748,0.0011926058437686344,0.0020784619381657575,0.16999999999999998,2,4,3
0.029000570636667482,0.33482409063804414,0.05262559555183497,0.16999999999999998,2,2,1
0.6666666666666666,0.0,0.0,0.16999999999999998,2,5,4
0.6747474747474748,0.0011926058437686344,0.0020784619381657575,0.16999999999999998,2,5,3
0.6666666666666666,0.0,0.0,0.16999999999999998,2,5,5
0.002105263157894737,0.0008944543828264757,0.0012554927809165096,0.16999999999999998,2,4,2
0.0019569471624266144,0.0017889087656529515,0.0018691588785046728,0.16999999999999998,2,3,1
0.004166666666666667,0.0011926058437686344,0.001854427445526194,0.16999999999999998,2,5,2
0.6666666666666666,0.0,0.0,0.16999999999999998,2,6,4
0.6666666666666666,0.0,0.0,0.16999999999999998,2,6,5
0.6747474747474748,0.0011926058437686344,0.0020784619381657575,0.16999999999999998,2,6,3
0.0019569471624266144,0.0017889087656529515,0.0018691588785046728,0.16999999999999998,2,4,1
0.004166666666666667,0.0011926058437686344,0.001854427445526194,0.16999999999999998,2,6,2
0.0009246417013407305,0.0005963029218843172,0.000725031720137756,0.16999999999999998,2,5,1
0.6666666666666666,0.0,0.0,0.16999999999999998,2,7,4
0.6666666666666666,0.0,0.0,0.16999999999999998,2,7,5
0.6747474747474748,0.0011926058437686344,0.0020784619381657575,0.16999999999999998,2,7,3
0.0009246417013407305,0.0005963029218843172,0.000725031720137756,0.16999999999999998,2,6,1
0.6666666666666666,0.0,0.0,0.16999999999999998,2,8,4
0.6666666666666666,0.0,0.0,0.16999999999999998,2,8,5
0.004166666666666667,0.0011926058437686344,0.001854427445526194,0.16999999999999998,2,7,2
0.6747474747474748,0.0011926058437686344,0.0020784619381657575,0.16999999999999998,2,8,3
0.0017825311942959,0.0008952551477170995,0.001191895113230036,0.16999999999999998,2,7,1
0.6666666666666666,0.0,0.0,0.16999999999999998,2,9,5
0.004166666666666667,0.0011926058437686344,0.001854427445526194,0.16999999999999998,2,8,2
0.6666666666666666,0.0,0.0,0.16999999999999998,2,9,4
0.3395638629283489,0.0005963029218843172,0.0010884353741496598,0.16999999999999998,2,9,3
0.3378787878787879,0.0008944543828264757,0.0014947683109118087,0.16999999999999998,2,9,2
0.0017825311942959,0.0008952551477170995,0.001191895113230036,0.16999999999999998,2,8,1
0.6666666666666666,0.0,0.0,0.16999999999999998,2,10,4
0.3395638629283489,0.0005963029218843172,0.0010884353741496598,0.16999999999999998,2,10,3
0.6666666666666666,0.0,0.0,0.16999999999999998,2,10,5
0.3378787878787879,0.0008944543828264757,0.0014947683109118087,0.16999999999999998,2,10,2
0.001572327044025157,0.000596836765144733,0.0008652390222799048,0.16999999999999998,2,9,1
0.3395638629283489,0.0005963029218843172,0.0010884353741496598,0.16999999999999998,2,11,3
0.001572327044025157,0.000596836765144733,0.0008652390222799048,0.16999999999999998,2,10,1
0.6666666666666666,0.0,0.0,0.16999999999999998,2,11,4
0.6666666666666666,0.0,0.0,0.16999999999999998,2,11,5
0.3378787878787879,0.0008944543828264757,0.0014947683109118087,0.16999999999999998,2,11,2
0.6666666666666666,0.0,0.0,0.16999999999999998,3,1,5
0.6666666666666666,0.0,0.0,0.16999999999999998,3,1,4
0.6747474747474748,0.0011926058437686344,0.0020784619381657575,0.16999999999999998,3,1,3
0.002710027100271003,0.0008992805755395684,0.0013504388926401081,0.16999999999999998,2,11,1
0.6666666666666666,0.0,0.0,0.16999999999999998,3,2,4
0.6666666666666666,0.0,0.0,0.16999999999999998,3,2,5
0.002105263157894737,0.0008944543828264757,0.0012554927809165096,0.16999999999999998,3,1,2
0.6747474747474748,0.0011926058437686344,0.0020784619381657575,0.16999999999999998,3,2,3
0.6666666666666666,0.0,0.0,0.16999999999999998,3,3,4
0.6666666666666666,0.0,0.0,0.16999999999999998,3,3,5
0.002105263157894737,0.0008944543828264757,0.0012554927809165096,0.16999999999999998,3,2,2
0.6747474747474748,0.0011926058437686344,0.0020784619381657575,0.16999999999999998,3,3,3
0.6666666666666666,0.0,0.0,0.16999999999999998,3,4,5
0.6666666666666666,0.0,0.0,0.16999999999999998,3,4,4
0.029000570636667482,0.33482409063804414,0.05262559555183497,0.16999999999999998,3,1,1
0.6747474747474748,0.0011926058437686344,0.0020784619381657575,0.16999999999999998,3,4,3
0.002105263157894737,0.0008944543828264757,0.0012554927809165096,0.16999999999999998,3,3,2
0.029000570636667482,0.33482409063804414,0.05262559555183497,0.16999999999999998,3,2,1
0.6666666666666666,0.0,0.0,0.16999999999999998,3,5,4
0.6666666666666666,0.0,0.0,0.16999999999999998,3,5,5
0.6747474747474748,0.0011926058437686344,0.0020784619381657575,0.16999999999999998,3,5,3
0.002105263157894737,0.0008944543828264757,0.0012554927809165096,0.16999999999999998,3,4,2
0.0019569471624266144,0.0017889087656529515,0.0018691588785046728,0.16999999999999998,3,3,1
0.004166666666666667,0.0011926058437686344,0.001854427445526194,0.16999999999999998,3,5,2
0.6666666666666666,0.0,0.0,0.16999999999999998,3,6,5
0.6666666666666666,0.0,0.0,0.16999999999999998,3,6,4
0.6747474747474748,0.0011926058437686344,0.0020784619381657575,0.16999999999999998,3,6,3
0.0019569471624266144,0.0017889087656529515,0.0018691588785046728,0.16999999999999998,3,4,1
0.0009246417013407305,0.0005963029218843172,0.000725031720137756,0.16999999999999998,3,5,1
0.004166666666666667,0.0011926058437686344,0.001854427445526194,0.16999999999999998,3,6,2
0.6666666666666666,0.0,0.0,0.16999999999999998,3,7,5
0.6666666666666666,0.0,0.0,0.16999999999999998,3,7,4
0.6747474747474748,0.0011926058437686344,0.0020784619381657575,0.16999999999999998,3,7,3
0.0009246417013407305,0.0005963029218843172,0.000725031720137756,0.16999999999999998,3,6,1
0.004166666666666667,0.0011926058437686344,0.001854427445526194,0.16999999999999998,3,7,2
0.6666666666666666,0.0,0.0,0.16999999999999998,3,8,4
0.6666666666666666,0.0,0.0,0.16999999999999998,3,8,5
0.0017825311942959,0.0008952551477170995,0.001191895113230036,0.16999999999999998,3,7,1
0.6747474747474748,0.0011926058437686344,0.0020784619381657575,0.16999999999999998,3,8,3
0.6666666666666666,0.0,0.0,0.16999999999999998,3,9,5
0.6666666666666666,0.0,0.0,0.16999999999999998,3,9,4
0.004166666666666667,0.0011926058437686344,0.001854427445526194,0.16999999999999998,3,8,2
0.3395638629283489,0.0005963029218843172,0.0010884353741496598,0.16999999999999998,3,9,3
0.6666666666666666,0.0,0.0,0.16999999999999998,3,10,4
0.3378787878787879,0.0008944543828264757,0.0014947683109118087,0.16999999999999998,3,9,2
0.0017825311942959,0.0008952551477170995,0.001191895113230036,0.16999999999999998,3,8,1
0.6666666666666666,0.0,0.0,0.16999999999999998,3,10,5
0.3395638629283489,0.0005963029218843172,0.0010884353741496598,0.16999999999999998,3,10,3
0.3378787878787879,0.0008944543828264757,0.0014947683109118087,0.16999999999999998,3,10,2
0.001572327044025157,0.000596836765144733,0.0008652390222799048,0.16999999999999998,3,9,1
0.6666666666666666,0.0,0.0,0.16999999999999998,3,11,5
0.3395638629283489,0.0005963029218843172,0.0010884353741496598,0.16999999999999998,3,11,3
0.001572327044025157,0.000596836765144733,0.0008652390222799048,0.16999999999999998,3,10,1
0.3378787878787879,0.0008944543828264757,0.0014947683109118087,0.16999999999999998,3,11,2
0.6666666666666666,0.0,0.0,0.16999999999999998,3,11,4
0.6666666666666666,0.0,0.0,0.16999999999999998,4,1,4
0.002710027100271003,0.0008992805755395684,0.0013504388926401081,0.16999999999999998,3,11,1
0.6747474747474748,0.0011926058437686344,0.0020784619381657575,0.16999999999999998,4,1,3
0.6666666666666666,0.0,0.0,0.16999999999999998,4,1,5
0.6666666666666666,0.0,0.0,0.16999999999999998,4,2,5
0.6666666666666666,0.0,0.0,0.16999999999999998,4,2,4
0.002105263157894737,0.0008944543828264757,0.0012554927809165096,0.16999999999999998,4,1,2
0.6747474747474748,0.0011926058437686344,0.0020784619381657575,0.16999999999999998,4,2,3
0.002105263157894737,0.0008944543828264757,0.0012554927809165096,0.16999999999999998,4,2,2
0.6666666666666666,0.0,0.0,0.16999999999999998,4,3,4
0.6666666666666666,0.0,0.0,0.16999999999999998,4,3,5
0.6747474747474748,0.0011926058437686344,0.0020784619381657575,0.16999999999999998,4,3,3
0.6666666666666666,0.0,0.0,0.16999999999999998,4,4,5
0.6747474747474748,0.0011926058437686344,0.0020784619381657575,0.16999999999999998,4,4,3
0.029000570636667482,0.33482409063804414,0.05262559555183497,0.16999999999999998,4,1,1
0.6666666666666666,0.0,0.0,0.16999999999999998,4,4,4
0.002105263157894737,0.0008944543828264757,0.0012554927809165096,0.16999999999999998,4,3,2
0.029000570636667482,0.33482409063804414,0.05262559555183497,0.16999999999999998,4,2,1
0.002105263157894737,0.0008944543828264757,0.0012554927809165096,0.16999999999999998,4,4,2
0.6666666666666666,0.0,0.0,0.16999999999999998,4,5,5
0.6747474747474748,0.0011926058437686344,0.0020784619381657575,0.16999999999999998,4,5,3
0.6666666666666666,0.0,0.0,0.16999999999999998,4,5,4
0.004166666666666667,0.0011926058437686344,0.001854427445526194,0.16999999999999998,4,5,2
0.0019569471624266144,0.0017889087656529515,0.0018691588785046728,0.16999999999999998,4,3,1
0.6666666666666666,0.0,0.0,0.16999999999999998,4,6,4
0.6666666666666666,0.0,0.0,0.16999999999999998,4,6,5
0.6747474747474748,0.0011926058437686344,0.0020784619381657575,0.16999999999999998,4,6,3
0.0019569471624266144,0.0017889087656529515,0.0018691588785046728,0.16999999999999998,4,4,1
0.004166666666666667,0.0011926058437686344,0.001854427445526194,0.16999999999999998,4,6,2
0.6666666666666666,0.0,0.0,0.16999999999999998,4,7,4
0.0009246417013407305,0.0005963029218843172,0.000725031720137756,0.16999999999999998,4,5,1
0.6666666666666666,0.0,0.0,0.16999999999999998,4,7,5
0.6747474747474748,0.0011926058437686344,0.0020784619381657575,0.16999999999999998,4,7,3
0.0009246417013407305,0.0005963029218843172,0.000725031720137756,0.16999999999999998,4,6,1
0.6666666666666666,0.0,0.0,0.16999999999999998,4,8,5
0.004166666666666667,0.0011926058437686344,0.001854427445526194,0.16999999999999998,4,7,2
0.6666666666666666,0.0,0.0,0.16999999999999998,4,8,4
0.0017825311942959,0.0008952551477170995,0.001191895113230036,0.16999999999999998,4,7,1
0.6747474747474748,0.0011926058437686344,0.0020784619381657575,0.16999999999999998,4,8,3
0.6666666666666666,0.0,0.0,0.16999999999999998,4,9,5
0.6666666666666666,0.0,0.0,0.16999999999999998,4,9,4
0.004166666666666667,0.0011926058437686344,0.001854427445526194,0.16999999999999998,4,8,2
0.3395638629283489,0.0005963029218843172,0.0010884353741496598,0.16999999999999998,4,9,3
0.3378787878787879,0.0008944543828264757,0.0014947683109118087,0.16999999999999998,4,9,2
0.6666666666666666,0.0,0.0,0.16999999999999998,4,10,4
0.6666666666666666,0.0,0.0,0.16999999999999998,4,10,5
0.3395638629283489,0.0005963029218843172,0.0010884353741496598,0.16999999999999998,4,10,3
0.0017825311942959,0.0008952551477170995,0.001191895113230036,0.16999999999999998,4,8,1
0.3378787878787879,0.0008944543828264757,0.0014947683109118087,0.16999999999999998,4,10,2
0.001572327044025157,0.000596836765144733,0.0008652390222799048,0.16999999999999998,4,9,1
0.6666666666666666,0.0,0.0,0.16999999999999998,4,11,5
0.6666666666666666,0.0,0.0,0.16999999999999998,4,11,4
0.3395638629283489,0.0005963029218843172,0.0010884353741496598,0.16999999999999998,4,11,3
0.001572327044025157,0.000596836765144733,0.0008652390222799048,0.16999999999999998,4,10,1
0.3378787878787879,0.0008944543828264757,0.0014947683109118087,0.16999999999999998,4,11,2
0.6666666666666666,0.0,0.0,0.16999999999999998,5,1,5
0.6666666666666666,0.0,0.0,0.16999999999999998,5,1,4
0.6747474747474748,0.0011926058437686344,0.0020784619381657575,0.16999999999999998,5,1,3
0.002710027100271003,0.0008992805755395684,0.0013504388926401081,0.16999999999999998,4,11,1
0.6666666666666666,0.0,0.0,0.16999999999999998,5,2,5
0.6666666666666666,0.0,0.0,0.16999999999999998,5,2,4
0.002105263157894737,0.0008944543828264757,0.0012554927809165096,0.16999999999999998,5,1,2
0.6747474747474748,0.0011926058437686344,0.0020784619381657575,0.16999999999999998,5,2,3
0.6666666666666666,0.0,0.0,0.16999999999999998,5,3,5
0.6666666666666666,0.0,0.0,0.16999999999999998,5,3,4
0.043556311413454264,0.33482409063804414,0.07574074074074073,0.16999999999999998,5,1,1
0.002105263157894737,0.0008944543828264757,0.0012554927809165096,0.16999999999999998,5,2,2
0.6747474747474748,0.0011926058437686344,0.0020784619381657575,0.16999999999999998,5,3,3
0.6666666666666666,0.0,0.0,0.16999999999999998,5,4,4
0.6666666666666666,0.0,0.0,0.16999999999999998,5,4,5
0.002105263157894737,0.0008944543828264757,0.0012554927809165096,0.16999999999999998,5,3,2
0.6747474747474748,0.0011926058437686344,0.0020784619381657575,0.16999999999999998,5,4,3
0.043556311413454264,0.33482409063804414,0.07574074074074073,0.16999999999999998,5,2,1
0.0023180343069077423,0.001490757304710793,0.0018145527127563057,0.16999999999999998,5,3,1
0.6666666666666666,0.0,0.0,0.16999999999999998,5,5,5
0.6666666666666666,0.0,0.0,0.16999999999999998,5,5,4
0.002105263157894737,0.0008944543828264757,0.0012554927809165096,0.16999999999999998,5,4,2
0.6747474747474748,0.0011926058437686344,0.0020784619381657575,0.16999999999999998,5,5,3
0.004166666666666667,0.0011926058437686344,0.001854427445526194,0.16999999999999998,5,5,2
0.0023180343069077423,0.001490757304710793,0.0018145527127563057,0.16999999999999998,5,4,1
0.6666666666666666,0.0,0.0,0.16999999999999998,5,6,5
0.6666666666666666,0.0,0.0,0.16999999999999998,5,6,4
0.6747474747474748,0.0011926058437686344,0.0020784619381657575,0.16999999999999998,5,6,3
0.0012919896640826874,0.0005963029218843172,0.0008159934720522237,0.16999999999999998,5,5,1
0.004166666666666667,0.0011926058437686344,0.001854427445526194,0.16999999999999998,5,6,2
0.6666666666666666,0.0,0.0,0.16999999999999998,5,7,5
0.6666666666666666,0.0,0.0,0.16999999999999998,5,7,4
0.6747474747474748,0.0011926058437686344,0.0020784619381657575,0.16999999999999998,5,7,3
0.0012919896640826874,0.0005963029218843172,0.0008159934720522237,0.16999999999999998,5,6,1
0.004166666666666667,0.0011926058437686344,0.001854427445526194,0.16999999999999998,5,7,2
0.6666666666666666,0.0,0.0,0.16999999999999998,5,8,5
0.6666666666666666,0.0,0.0,0.16999999999999998,5,8,4
0.6747474747474748,0.0011926058437686344,0.0020784619381657575,0.16999999999999998,5,8,3
0.0023529411764705885,0.0008952551477170995,0.0012970168612191958,0.16999999999999998,5,7,1
0.004166666666666667,0.0011926058437686344,0.001854427445526194,0.16999999999999998,5,8,2
0.6666666666666666,0.0,0.0,0.16999999999999998,5,9,5
0.3395638629283489,0.0005963029218843172,0.0010884353741496598,0.16999999999999998,5,9,3
0.6666666666666666,0.0,0.0,0.16999999999999998,5,9,4
0.0023529411764705885,0.0008952551477170995,0.0012970168612191958,0.16999999999999998,5,8,1
0.3378787878787879,0.0008944543828264757,0.0014947683109118087,0.16999999999999998,5,9,2
0.3395638629283489,0.0005963029218843172,0.0010884353741496598,0.16999999999999998,5,10,3
0.6666666666666666,0.0,0.0,0.16999999999999998,5,10,5
0.6666666666666666,0.0,0.0,0.16999999999999998,5,10,4
0.002014098690835851,0.000596836765144733,0.0009208103130755064,0.16999999999999998,5,9,1
0.3378787878787879,0.0008944543828264757,0.0014947683109118087,0.16999999999999998,5,10,2
0.6666666666666666,0.0,0.0,0.16999999999999998,5,11,5
0.6666666666666666,0.0,0.0,0.16999999999999998,5,11,4
0.002014098690835851,0.000596836765144733,0.0009208103130755064,0.16999999999999998,5,10,1
0.3395638629283489,0.0005963029218843172,0.0010884353741496598,0.16999999999999998,5,11,3
0.3378787878787879,0.0008944543828264757,0.0014947683109118087,0.16999999999999998,5,11,2
0.6666666666666666,0.0,0.0,0.16999999999999998,6,1,5
0.6666666666666666,0.0,0.0,0.16999999999999998,6,1,4
0.0033670033670033673,0.0008992805755395684,0.0014194464158978,0.16999999999999998,5,11,1
0.6747474747474748,0.0011926058437686344,0.0020784619381657575,0.16999999999999998,6,1,3
0.002105263157894737,0.0008944543828264757,0.0012554927809165096,0.16999999999999998,6,1,2
0.6666666666666666,0.0,0.0,0.16999999999999998,6,2,5
0.6666666666666666,0.0,0.0,0.16999999999999998,6,2,4
0.6747474747474748,0.0011926058437686344,0.0020784619381657575,0.16999999999999998,6,2,3
0.6666666666666666,0.0,0.0,0.16999999999999998,6,3,5
0.6666666666666666,0.0,0.0,0.16999999999999998,6,3,4
0.6747474747474748,0.0011926058437686344,0.0020784619381657575,0.16999999999999998,6,3,3
0.043556311413454264,0.33482409063804414,0.07574074074074073,0.16999999999999998,6,1,1
0.002105263157894737,0.0008944543828264757,0.0012554927809165096,0.16999999999999998,6,2,2
0.6666666666666666,0.0,0.0,0.16999999999999998,6,4,5
0.002105263157894737,0.0008944543828264757,0.0012554927809165096,0.16999999999999998,6,3,2
0.6747474747474748,0.0011926058437686344,0.0020784619381657575,0.16999999999999998,6,4,3
0.6666666666666666,0.0,0.0,0.16999999999999998,6,4,4
0.043556311413454264,0.33482409063804414,0.07574074074074073,0.16999999999999998,6,2,1
0.002105263157894737,0.0008944543828264757,0.0012554927809165096,0.16999999999999998,6,4,2
0.6666666666666666,0.0,0.0,0.16999999999999998,6,5,5
0.6666666666666666,0.0,0.0,0.16999999999999998,6,5,4
0.0023180343069077423,0.001490757304710793,0.0018145527127563057,0.16999999999999998,6,3,1
0.6747474747474748,0.0011926058437686344,0.0020784619381657575,0.16999999999999998,6,5,3
0.0023180343069077423,0.001490757304710793,0.0018145527127563057,0.16999999999999998,6,4,1
0.004166666666666667,0.0011926058437686344,0.001854427445526194,0.16999999999999998,6,5,2
0.6666666666666666,0.0,0.0,0.16999999999999998,6,6,4
0.6666666666666666,0.0,0.0,0.16999999999999998,6,6,5
0.6747474747474748,0.0011926058437686344,0.0020784619381657575,0.16999999999999998,6,6,3
0.0012919896640826874,0.0005963029218843172,0.0008159934720522237,0.16999999999999998,6,5,1
0.004166666666666667,0.0011926058437686344,0.001854427445526194,0.16999999999999998,6,6,2
0.6666666666666666,0.0,0.0,0.16999999999999998,6,7,5
0.6666666666666666,0.0,0.0,0.16999999999999998,6,7,4
0.0012919896640826874,0.0005963029218843172,0.0008159934720522237,0.16999999999999998,6,6,1
0.6747474747474748,0.0011926058437686344,0.0020784619381657575,0.16999999999999998,6,7,3
0.6666666666666666,0.0,0.0,0.16999999999999998,6,8,5
0.004166666666666667,0.0011926058437686344,0.001854427445526194,0.16999999999999998,6,7,2
0.6666666666666666,0.0,0.0,0.16999999999999998,6,8,4
0.6747474747474748,0.0011926058437686344,0.0020784619381657575,0.16999999999999998,6,8,3
0.0023529411764705885,0.0008952551477170995,0.0012970168612191958,0.16999999999999998,6,7,1
0.6666666666666666,0.0,0.0,0.16999999999999998,6,9,5
0.6666666666666666,0.0,0.0,0.16999999999999998,6,9,4
0.004166666666666667,0.0011926058437686344,0.001854427445526194,0.16999999999999998,6,8,2
0.3395638629283489,0.0005963029218843172,0.0010884353741496598,0.16999999999999998,6,9,3
0.0023529411764705885,0.0008952551477170995,0.0012970168612191958,0.16999999999999998,6,8,1
0.3378787878787879,0.0008944543828264757,0.0014947683109118087,0.16999999999999998,6,9,2
0.6666666666666666,0.0,0.0,0.16999999999999998,6,10,4
0.6666666666666666,0.0,0.0,0.16999999999999998,6,10,5
0.3395638629283489,0.0005963029218843172,0.0010884353741496598,0.16999999999999998,6,10,3
0.002014098690835851,0.000596836765144733,0.0009208103130755064,0.16999999999999998,6,9,1
0.002014098690835851,0.000596836765144733,0.0009208103130755064,0.16999999999999998,6,10,1
0.3378787878787879,0.0008944543828264757,0.0014947683109118087,0.16999999999999998,6,10,2
0.6666666666666666,0.0,0.0,0.16999999999999998,6,11,5
0.3395638629283489,0.0005963029218843172,0.0010884353741496598,0.16999999999999998,6,11,3
0.6666666666666666,0.0,0.0,0.16999999999999998,6,11,4
0.3378787878787879,0.0008944543828264757,0.0014947683109118087,0.16999999999999998,6,11,2
0.6666666666666666,0.0,0.0,0.16999999999999998,7,1,5
0.6666666666666666,0.0,0.0,0.16999999999999998,7,1,4
0.0033670033670033673,0.0008992805755395684,0.0014194464158978,0.16999999999999998,6,11,1
0.6747474747474748,0.0011926058437686344,0.0020784619381657575,0.16999999999999998,7,1,3
0.6666666666666666,0.0,0.0,0.16999999999999998,7,2,4
0.002105263157894737,0.0008944543828264757,0.0012554927809165096,0.16999999999999998,7,1,2
0.6666666666666666,0.0,0.0,0.16999999999999998,7,2,5
0.6747474747474748,0.0011926058437686344,0.0020784619381657575,0.16999999999999998,7,2,3
0.6666666666666666,0.0,0.0,0.16999999999999998,7,3,5
0.6666666666666666,0.0,0.0,0.16999999999999998,7,3,4
0.0435823754789272,0.33482409063804414,0.07575080110291378,0.16999999999999998,7,1,1
0.002105263157894737,0.0008944543828264757,0.0012554927809165096,0.16999999999999998,7,2,2
0.6747474747474748,0.0011926058437686344,0.0020784619381657575,0.16999999999999998,7,3,3
0.6666666666666666,0.0,0.0,0.16999999999999998,7,4,5
0.6666666666666666,0.0,0.0,0.16999999999999998,7,4,4
0.0435823754789272,0.33482409063804414,0.07575080110291378,0.16999999999999998,7,2,1
0.6747474747474748,0.0011926058437686344,0.0020784619381657575,0.16999999999999998,7,4,3
0.002105263157894737,0.0008944543828264757,0.0012554927809165096,0.16999999999999998,7,3,2
0.6666666666666666,0.0,0.0,0.16999999999999998,7,5,5
0.002334267040149393,0.001490757304710793,0.001819505094614265,0.16999999999999998,7,3,1
0.6666666666666666,0.0,0.0,0.16999999999999998,7,5,4
0.6747474747474748,0.0011926058437686344,0.0020784619381657575,0.16999999999999998,7,5,3
0.004166666666666667,0.0011926058437686344,0.001854427445526194,0.16999999999999998,7,5,2
0.002105263157894737,0.0008944543828264757,0.0012554927809165096,0.16999999999999998,7,4,2
0.002334267040149393,0.001490757304710793,0.001819505094614265,0.16999999999999998,7,4,1
0.001299545159194282,0.0005963029218843172,0.0008174943797261395,0.16999999999999998,7,5,1
0.6666666666666666,0.0,0.0,0.16999999999999998,7,6,5
0.6666666666666666,0.0,0.0,0.16999999999999998,7,6,4
0.6747474747474748,0.0011926058437686344,0.0020784619381657575,0.16999999999999998,7,6,3
0.004166666666666667,0.0011926058437686344,0.001854427445526194,0.16999999999999998,7,6,2
0.6666666666666666,0.0,0.0,0.16999999999999998,7,7,5
0.6666666666666666,0.0,0.0,0.16999999999999998,7,7,4
0.6747474747474748,0.0011926058437686344,0.0020784619381657575,0.16999999999999998,7,7,3
0.001299545159194282,0.0005963029218843172,0.0008174943797261395,0.16999999999999998,7,6,1
0.6666666666666666,0.0,0.0,0.16999999999999998,7,8,5
0.6666666666666666,0.0,0.0,0.16999999999999998,7,8,4
0.004166666666666667,0.0011926058437686344,0.001854427445526194,0.16999999999999998,7,7,2
0.6747474747474748,0.0011926058437686344,0.0020784619381657575,0.16999999999999998,7,8,3
0.0023696682464454974,0.0008952551477170995,0.0012995451591942821,0.16999999999999998,7,7,1
0.6666666666666666,0.0,0.0,0.16999999999999998,7,9,5
0.004166666666666667,0.0011926058437686344,0.001854427445526194,0.16999999999999998,7,8,2
0.6666666666666666,0.0,0.0,0.16999999999999998,7,9,4
0.3395638629283489,0.0005963029218843172,0.0010884353741496598,0.16999999999999998,7,9,3
0.0023696682464454974,0.0008952551477170995,0.0012995451591942821,0.16999999999999998,7,8,1
0.3378787878787879,0.0008944543828264757,0.0014947683109118087,0.16999999999999998,7,9,2
0.6666666666666666,0.0,0.0,0.16999999999999998,7,10,5
0.6666666666666666,0.0,0.0,0.16999999999999998,7,10,4
0.002026342451874367,0.000596836765144733,0.0009220839096357767,0.16999999999999998,7,9,1
0.3378787878787879,0.0008944543828264757,0.0014947683109118087,0.16999999999999998,7,10,2
0.3395638629283489,0.0005963029218843172,0.0010884353741496598,0.16999999999999998,7,10,3
0.6666666666666666,0.0,0.0,0.16999999999999998,7,11,5
0.6666666666666666,0.0,0.0,0.16999999999999998,7,11,4
0.002026342451874367,0.000596836765144733,0.0009220839096357767,0.16999999999999998,7,10,1
0.3395638629283489,0.0005963029218843172,0.0010884353741496598,0.16999999999999998,7,11,3
0.3378787878787879,0.0008944543828264757,0.0014947683109118087,0.16999999999999998,7,11,2
0.6666666666666666,0.0,0.0,0.16999999999999998,8,1,5
0.6666666666666666,0.0,0.0,0.16999999999999998,8,1,4
0.003389830508474576,0.0008992805755395684,0.0014214641080312722,0.16999999999999998,7,11,1
0.6747474747474748,0.0011926058437686344,0.0020784619381657575,0.16999999999999998,8,1,3
0.6666666666666666,0.0,0.0,0.16999999999999998,8,2,5
0.6666666666666666,0.0,0.0,0.16999999999999998,8,2,4
0.6747474747474748,0.0011926058437686344,0.0020784619381657575,0.16999999999999998,8,2,3
0.002105263157894737,0.0008944543828264757,0.0012554927809165096,0.16999999999999998,8,1,2
0.6666666666666666,0.0,0.0,0.16999999999999998,8,3,5
0.6666666666666666,0.0,0.0,0.16999999999999998,8,3,4
0.0435823754789272,0.33482409063804414,0.07575080110291378,0.16999999999999998,8,1,1
0.6747474747474748,0.0011926058437686344,0.0020784619381657575,0.16999999999999998,8,3,3
0.002105263157894737,0.0008944543828264757,0.0012554927809165096,0.16999999999999998,8,2,2
0.6666666666666666,0.0,0.0,0.16999999999999998,8,4,4
0.002105263157894737,0.0008944543828264757,0.0012554927809165096,0.16999999999999998,8,3,2
0.6666666666666666,0.0,0.0,0.16999999999999998,8,4,5
0.6747474747474748,0.0011926058437686344,0.0020784619381657575,0.16999999999999998,8,4,3
0.0435823754789272,0.33482409063804414,0.07575080110291378,0.16999999999999998,8,2,1
0.6666666666666666,0.0,0.0,0.16999999999999998,8,5,5
0.6747474747474748,0.0011926058437686344,0.0020784619381657575,0.16999999999999998,8,5,3
0.002334267040149393,0.001490757304710793,0.001819505094614265,0.16999999999999998,8,3,1
0.6666666666666666,0.0,0.0,0.16999999999999998,8,5,4
0.002105263157894737,0.0008944543828264757,0.0012554927809165096,0.16999999999999998,8,4,2
0.004166666666666667,0.0011926058437686344,0.001854427445526194,0.16999999999999998,8,5,2
0.6666666666666666,0.0,0.0,0.16999999999999998,8,6,4
0.6666666666666666,0.0,0.0,0.16999999999999998,8,6,5
0.002334267040149393,0.001490757304710793,0.001819505094614265,0.16999999999999998,8,4,1
0.6747474747474748,0.0011926058437686344,0.0020784619381657575,0.16999999999999998,8,6,3
0.001299545159194282,0.0005963029218843172,0.0008174943797261395,0.16999999999999998,8,5,1
0.004166666666666667,0.0011926058437686344,0.001854427445526194,0.16999999999999998,8,6,2
0.6666666666666666,0.0,0.0,0.16999999999999998,8,7,5
0.6666666666666666,0.0,0.0,0.16999999999999998,8,7,4
0.001299545159194282,0.0005963029218843172,0.0008174943797261395,0.16999999999999998,8,6,1
0.6747474747474748,0.0011926058437686344,0.0020784619381657575,0.16999999999999998,8,7,3
0.6666666666666666,0.0,0.0,0.16999999999999998,8,8,5
0.6666666666666666,0.0,0.0,0.16999999999999998,8,8,4
0.004166666666666667,0.0011926058437686344,0.001854427445526194,0.16999999999999998,8,7,2
0.6747474747474748,0.0011926058437686344,0.0020784619381657575,0.16999999999999998,8,8,3
0.0023696682464454974,0.0008952551477170995,0.0012995451591942821,0.16999999999999998,8,7,1
0.6666666666666666,0.0,0.0,0.16999999999999998,8,9,5
0.6666666666666666,0.0,0.0,0.16999999999999998,8,9,4
0.004166666666666667,0.0011926058437686344,0.001854427445526194,0.16999999999999998,8,8,2
0.0023696682464454974,0.0008952551477170995,0.0012995451591942821,0.16999999999999998,8,8,1
0.3395638629283489,0.0005963029218843172,0.0010884353741496598,0.16999999999999998,8,9,3
0.3378787878787879,0.0008944543828264757,0.0014947683109118087,0.16999999999999998,8,9,2
0.6666666666666666,0.0,0.0,0.16999999999999998,8,10,5
0.6666666666666666,0.0,0.0,0.16999999999999998,8,10,4
0.3395638629283489,0.0005963029218843172,0.0010884353741496598,0.16999999999999998,8,10,3
0.002026342451874367,0.000596836765144733,0.0009220839096357767,0.16999999999999998,8,9,1
0.3378787878787879,0.0008944543828264757,0.0014947683109118087,0.16999999999999998,8,10,2
0.6666666666666666,0.0,0.0,0.16999999999999998,8,11,5
0.6666666666666666,0.0,0.0,0.16999999999999998,8,11,4
0.3395638629283489,0.0005963029218843172,0.0010884353741496598,0.16999999999999998,8,11,3
0.002026342451874367,0.000596836765144733,0.0009220839096357767,0.16999999999999998,8,10,1
0.3378787878787879,0.0008944543828264757,0.0014947683109118087,0.16999999999999998,8,11,2
0.6666666666666666,0.0,0.0,0.16999999999999998,9,1,4
0.6666666666666666,0.0,0.0,0.16999999999999998,9,1,5
0.003389830508474576,0.0008992805755395684,0.0014214641080312722,0.16999999999999998,8,11,1
0.6747474747474748,0.0011926058437686344,0.0020784619381657575,0.16999999999999998,9,1,3
0.6666666666666666,0.0,0.0,0.16999999999999998,9,2,5
0.002347417840375587,0.0005963029218843172,0.000951022349025202,0.16999999999999998,9,1,2
0.6666666666666666,0.0,0.0,0.16999999999999998,9,2,4
0.6747474747474748,0.0011926058437686344,0.0020784619381657575,0.16999999999999998,9,2,3
0.08601609657947686,0.334525939177102,0.13498452012383902,0.16999999999999998,9,1,1
0.6666666666666666,0.0,0.0,0.16999999999999998,9,3,5
0.002347417840375587,0.0005963029218843172,0.000951022349025202,0.16999999999999998,9,2,2
0.6666666666666666,0.0,0.0,0.16999999999999998,9,3,4
0.6747474747474748,0.0011926058437686344,0.0020784619381657575,0.16999999999999998,9,3,3
0.08601609657947686,0.334525939177102,0.13498452012383902,0.16999999999999998,9,2,1
0.002347417840375587,0.0005963029218843172,0.000951022349025202,0.16999999999999998,9,3,2
0.6666666666666666,0.0,0.0,0.16999999999999998,9,4,5
0.6666666666666666,0.0,0.0,0.16999999999999998,9,4,4
0.6747474747474748,0.0011926058437686344,0.0020784619381657575,0.16999999999999998,9,4,3
0.0030651340996168583,0.0011926058437686344,0.0017171066752522002,0.16999999999999998,9,3,1
0.002347417840375587,0.0005963029218843172,0.000951022349025202,0.16999999999999998,9,4,2
0.6666666666666666,0.0,0.0,0.16999999999999998,9,5,5
0.6747474747474748,0.0011926058437686344,0.0020784619381657575,0.16999999999999998,9,5,3
0.6666666666666666,0.0,0.0,0.16999999999999998,9,5,4
0.004739336492890995,0.0008944543828264757,0.001504890895410083,0.16999999999999998,9,5,2
0.0030651340996168583,0.0011926058437686344,0.0017171066752522002,0.16999999999999998,9,4,1
0.6666666666666666,0.0,0.0,0.16999999999999998,9,6,5
0.6666666666666666,0.0,0.0,0.16999999999999998,9,6,4
0.001932367149758454,0.0005963029218843172,0.0009113693324219641,0.16999999999999998,9,5,1
0.6747474747474748,0.0011926058437686344,0.0020784619381657575,0.16999999999999998,9,6,3
0.004739336492890995,0.0008944543828264757,0.001504890895410083,0.16999999999999998,9,6,2
0.6666666666666666,0.0,0.0,0.16999999999999998,9,7,4
0.6666666666666666,0.0,0.0,0.16999999999999998,9,7,5
0.001932367149758454,0.0005963029218843172,0.0009113693324219641,0.16999999999999998,9,6,1
0.6747474747474748,0.0011926058437686344,0.0020784619381657575,0.16999999999999998,9,7,3
0.004739336492890995,0.0008944543828264757,0.001504890895410083,0.16999999999999998,9,7,2
0.6666666666666666,0.0,0.0,0.16999999999999998,9,8,5
0.6666666666666666,0.0,0.0,0.16999999999999998,9,8,4
0.6747474747474748,0.0011926058437686344,0.0020784619381657575,0.16999999999999998,9,8,3
0.003174603174603175,0.0008952551477170995,0.0013966480446927375,0.16999999999999998,9,7,1
0.004739336492890995,0.0008944543828264757,0.001504890895410083,0.16999999999999998,9,8,2
0.6666666666666666,0.0,0.0,0.16999999999999998,9,9,5
0.3395638629283489,0.0005963029218843172,0.0010884353741496598,0.16999999999999998,9,9,3
0.6666666666666666,0.0,0.0,0.16999999999999998,9,9,4
0.003174603174603175,0.0008952551477170995,0.0013966480446927375,0.16999999999999998,9,8,1
0.3395638629283489,0.0005963029218843172,0.0010884353741496598,0.16999999999999998,9,10,3
0.6666666666666666,0.0,0.0,0.16999999999999998,9,10,5
0.33771929824561403,0.0005963029218843172,0.0010498687664041995,0.16999999999999998,9,9,2
0.6666666666666666,0.0,0.0,0.16999999999999998,9,10,4
0.33771929824561403,0.0005963029218843172,0.0010498687664041995,0.16999999999999998,9,10,2
0.0026041666666666665,0.000596836765144733,0.0009711094925952901,0.16999999999999998,9,9,1
0.6666666666666666,0.0,0.0,0.16999999999999998,9,11,5
0.0026041666666666665,0.000596836765144733,0.0009711094925952901,0.16999999999999998,9,10,1
0.3395638629283489,0.0005963029218843172,0.0010884353741496598,0.16999999999999998,9,11,3
0.33771929824561403,0.0005963029218843172,0.0010498687664041995,0.16999999999999998,9,11,2
0.6666666666666666,0.0,0.0,0.16999999999999998,9,11,4
0.6666666666666666,0.0,0.0,0.16999999999999998,10,1,4
0.6666666666666666,0.0,0.0,0.16999999999999998,10,1,5
0.004291845493562232,0.0008992805755395684,0.001486988847583643,0.16999999999999998,9,11,1
0.6747474747474748,0.0011926058437686344,0.0020784619381657575,0.16999999999999998,10,1,3
0.002347417840375587,0.0005963029218843172,0.000951022349025202,0.16999999999999998,10,1,2
0.6666666666666666,0.0,0.0,0.16999999999999998,10,2,5
0.6666666666666666,0.0,0.0,0.16999999999999998,10,2,4
0.6747474747474748,0.0011926058437686344,0.0020784619381657575,0.16999999999999998,10,2,3
0.08601609657947686,0.334525939177102,0.13498452012383902,0.16999999999999998,10,1,1
0.002347417840375587,0.0005963029218843172,0.000951022349025202,0.16999999999999998,10,2,2
0.6666666666666666,0.0,0.0,0.16999999999999998,10,3,4
0.6666666666666666,0.0,0.0,0.16999999999999998,10,3,5
0.6747474747474748,0.0011926058437686344,0.0020784619381657575,0.16999999999999998,10,3,3
0.08601609657947686,0.334525939177102,0.13498452012383902,0.16999999999999998,10,2,1
0.002347417840375587,0.0005963029218843172,0.000951022349025202,0.16999999999999998,10,3,2
0.6666666666666666,0.0,0.0,0.16999999999999998,10,4,5
0.6747474747474748,0.0011926058437686344,0.0020784619381657575,0.16999999999999998,10,4,3
0.6666666666666666,0.0,0.0,0.16999999999999998,10,4,4
0.002347417840375587,0.0005963029218843172,0.000951022349025202,0.16999999999999998,10,4,2
0.0030651340996168583,0.0011926058437686344,0.0017171066752522002,0.16999999999999998,10,3,1
0.6666666666666666,0.0,0.0,0.16999999999999998,10,5,5
0.6666666666666666,0.0,0.0,0.16999999999999998,10,5,4
0.6747474747474748,0.0011926058437686344,0.0020784619381657575,0.16999999999999998,10,5,3
0.004739336492890995,0.0008944543828264757,0.001504890895410083,0.16999999999999998,10,5,2
0.0030651340996168583,0.0011926058437686344,0.0017171066752522002,0.16999999999999998,10,4,1
0.6666666666666666,0.0,0.0,0.16999999999999998,10,6,5
0.6747474747474748,0.0011926058437686344,0.0020784619381657575,0.16999999999999998,10,6,3
0.001932367149758454,0.0005963029218843172,0.0009113693324219641,0.16999999999999998,10,5,1
0.6666666666666666,0.0,0.0,0.16999999999999998,10,6,4
0.004739336492890995,0.0008944543828264757,0.001504890895410083,0.16999999999999998,10,6,2
0.6666666666666666,0.0,0.0,0.16999999999999998,10,7,5
0.6666666666666666,0.0,0.0,0.16999999999999998,10,7,4
0.001932367149758454,0.0005963029218843172,0.0009113693324219641,0.16999999999999998,10,6,1
0.6747474747474748,0.0011926058437686344,0.0020784619381657575,0.16999999999999998,10,7,3
0.004739336492890995,0.0008944543828264757,0.001504890895410083,0.16999999999999998,10,7,2
0.6666666666666666,0.0,0.0,0.16999999999999998,10,8,5
0.6666666666666666,0.0,0.0,0.16999999999999998,10,8,4
0.003174603174603175,0.0008952551477170995,0.0013966480446927375,0.16999999999999998,10,7,1
0.6747474747474748,0.0011926058437686344,0.0020784619381657575,0.16999999999999998,10,8,3
0.004739336492890995,0.0008944543828264757,0.001504890895410083,0.16999999999999998,10,8,2
0.6666666666666666,0.0,0.0,0.16999999999999998,10,9,5
0.6666666666666666,0.0,0.0,0.16999999999999998,10,9,4
0.3395638629283489,0.0005963029218843172,0.0010884353741496598,0.16999999999999998,10,9,3
0.003174603174603175,0.0008952551477170995,0.0013966480446927375,0.16999999999999998,10,8,1
0.33771929824561403,0.0005963029218843172,0.0010498687664041995,0.16999999999999998,10,9,2
0.6666666666666666,0.0,0.0,0.16999999999999998,10,10,5
0.3395638629283489,0.0005963029218843172,0.0010884353741496598,0.16999999999999998,10,10,3
0.6666666666666666,0.0,0.0,0.16999999999999998,10,10,4
0.33771929824561403,0.0005963029218843172,0.0010498687664041995,0.16999999999999998,10,10,2
0.0026041666666666665,0.000596836765144733,0.0009711094925952901,0.16999999999999998,10,9,1
0.3395638629283489,0.0005963029218843172,0.0010884353741496598,0.16999999999999998,10,11,3
0.6666666666666666,0.0,0.0,0.16999999999999998,10,11,5
0.6666666666666666,0.0,0.0,0.16999999999999998,10,11,4
0.33771929824561403,0.0005963029218843172,0.0010498687664041995,0.16999999999999998,10,11,2
0.0026041666666666665,0.000596836765144733,0.0009711094925952901,0.16999999999999998,10,10,1
0.6666666666666666,0.0,0.0,0.16999999999999998,11,1,4
0.004291845493562232,0.0008992805755395684,0.001486988847583643,0.16999999999999998,10,11,1
0.6666666666666666,0.0,0.0,0.16999999999999998,11,1,5
0.6747474747474748,0.0011926058437686344,0.0020784619381657575,0.16999999999999998,11,1,3
0.002347417840375587,0.0005963029218843172,0.000951022349025202,0.16999999999999998,11,1,2
0.6666666666666666,0.0,0.0,0.16999999999999998,11,2,4
0.6666666666666666,0.0,0.0,0.16999999999999998,11,2,5
0.6747474747474748,0.0011926058437686344,0.0020784619381657575,0.16999999999999998,11,2,3
0.08650793650793652,0.334525939177102,0.1350671868227135,0.16999999999999998,11,1,1
0.002347417840375587,0.0005963029218843172,0.000951022349025202,0.16999999999999998,11,2,2
0.6666666666666666,0.0,0.0,0.16999999999999998,11,3,5
0.6747474747474748,0.0011926058437686344,0.0020784619381657575,0.16999999999999998,11,3,3
0.6666666666666666,0.0,0.0,0.16999999999999998,11,3,4
0.002347417840375587,0.0005963029218843172,0.000951022349025202,0.16999999999999998,11,3,2
0.08650793650793652,0.334525939177102,0.1350671868227135,0.16999999999999998,11,2,1
0.6666666666666666,0.0,0.0,0.16999999999999998,11,4,4
0.6666666666666666,0.0,0.0,0.16999999999999998,11,4,5
0.6747474747474748,0.0011926058437686344,0.0020784619381657575,0.16999999999999998,11,4,3
0.003454231433506045,0.0011926058437686344,0.0017730496453900709,0.16999999999999998,11,3,1
0.002347417840375587,0.0005963029218843172,0.000951022349025202,0.16999999999999998,11,4,2
0.6747474747474748,0.0011926058437686344,0.0020784619381657575,0.16999999999999998,11,5,3
0.6666666666666666,0.0,0.0,0.16999999999999998,11,5,4
0.6666666666666666,0.0,0.0,0.16999999999999998,11,5,5
0.003454231433506045,0.0011926058437686344,0.0017730496453900709,0.16999999999999998,11,4,1
0.004739336492890995,0.0008944543828264757,0.001504890895410083,0.16999999999999998,11,5,2
0.6666666666666666,0.0,0.0,0.16999999999999998,11,6,5
0.6666666666666666,0.0,0.0,0.16999999999999998,11,6,4
0.002089864158829676,0.0005963029218843172,0.0009278589654372536,0.16999999999999998,11,5,1
0.6747474747474748,0.0011926058437686344,0.0020784619381657575,0.16999999999999998,11,6,3
0.004739336492890995,0.0008944543828264757,0.001504890895410083,0.16999999999999998,11,6,2
0.6666666666666666,0.0,0.0,0.16999999999999998,11,7,5
0.6666666666666666,0.0,0.0,0.16999999999999998,11,7,4
0.6747474747474748,0.0011926058437686344,0.0020784619381657575,0.16999999999999998,11,7,3
0.002089864158829676,0.0005963029218843172,0.0009278589654372536,0.16999999999999998,11,6,1
0.004739336492890995,0.0008944543828264757,0.001504890895410083,0.16999999999999998,11,7,2
0.6666666666666666,0.0,0.0,0.16999999999999998,11,8,5
0.6666666666666666,0.0,0.0,0.16999999999999998,11,8,4
0.6747474747474748,0.0011926058437686344,0.0020784619381657575,0.16999999999999998,11,8,3
0.003389830508474576,0.0008952551477170995,0.0014164305949008497,0.16999999999999998,11,7,1
0.004739336492890995,0.0008944543828264757,0.001504890895410083,0.16999999999999998,11,8,2
0.6666666666666666,0.0,0.0,0.16999999999999998,11,9,5
0.6666666666666666,0.0,0.0,0.16999999999999998,11,9,4
0.3395638629283489,0.0005963029218843172,0.0010884353741496598,0.16999999999999998,11,9,3
0.003389830508474576,0.0008952551477170995,0.0014164305949008497,0.16999999999999998,11,8,1
0.33771929824561403,0.0005963029218843172,0.0010498687664041995,0.16999999999999998,11,9,2
0.6666666666666666,0.0,0.0,0.16999999999999998,11,10,5
0.6666666666666666,0.0,0.0,0.16999999999999998,11,10,4
0.33771929824561403,0.0005963029218843172,0.0010498687664041995,0.16999999999999998,11,10,2
0.3395638629283489,0.0005963029218843172,0.0010884353741496598,0.16999999999999998,11,10,3
0.00273224043715847,0.000596836765144733,0.0009796718099436689,0.16999999999999998,11,9,1
0.6666666666666666,0.0,0.0,0.16999999999999998,11,11,5
0.6666666666666666,0.0,0.0,0.16999999999999998,11,11,4
0.3395638629283489,0.0005963029218843172,0.0010884353741496598,0.16999999999999998,11,11,3
0.00273224043715847,0.000596836765144733,0.0009796718099436689,0.16999999999999998,11,10,1
0.33771929824561403,0.0005963029218843172,0.0010498687664041995,0.16999999999999998,11,11,2
0.6666666666666666,0.0,0.0,0.16999999999999998,12,1,5
0.0045045045045045045,0.0008992805755395684,0.0014992503748125939,0.16999999999999998,11,11,1
0.6666666666666666,0.0,0.0,0.16999999999999998,12,1,4
0.6747474747474748,0.0011926058437686344,0.0020784619381657575,0.16999999999999998,12,1,3
0.002347417840375587,0.0005963029218843172,0.000951022349025202,0.16999999999999998,12,1,2
0.6666666666666666,0.0,0.0,0.16999999999999998,12,2,5
0.6747474747474748,0.0011926058437686344,0.0020784619381657575,0.16999999999999998,12,2,3
0.6666666666666666,0.0,0.0,0.16999999999999998,12,2,4
0.002347417840375587,0.0005963029218843172,0.000951022349025202,0.16999999999999998,12,2,2
0.08650793650793652,0.334525939177102,0.1350671868227135,0.16999999999999998,12,1,1
0.6666666666666666,0.0,0.0,0.16999999999999998,12,3,5
0.6666666666666666,0.0,0.0,0.16999999999999998,12,3,4
0.6747474747474748,0.0011926058437686344,0.0020784619381657575,0.16999999999999998,12,3,3
0.08650793650793652,0.334525939177102,0.1350671868227135,0.16999999999999998,12,2,1
0.002347417840375587,0.0005963029218843172,0.000951022349025202,0.16999999999999998,12,3,2
0.6747474747474748,0.0011926058437686344,0.0020784619381657575,0.16999999999999998,12,4,3
0.6666666666666666,0.0,0.0,0.16999999999999998,12,4,5
0.6666666666666666,0.0,0.0,0.16999999999999998,12,4,4
0.003454231433506045,0.0011926058437686344,0.0017730496453900709,0.16999999999999998,12,3,1
0.002347417840375587,0.0005963029218843172,0.000951022349025202,0.16999999999999998,12,4,2
0.6666666666666666,0.0,0.0,0.16999999999999998,12,5,4
0.6666666666666666,0.0,0.0,0.16999999999999998,12,5,5
0.6747474747474748,0.0011926058437686344,0.0020784619381657575,0.16999999999999998,12,5,3
0.003454231433506045,0.0011926058437686344,0.0017730496453900709,0.16999999999999998,12,4,1
0.004739336492890995,0.0008944543828264757,0.001504890895410083,0.16999999999999998,12,5,2
0.6666666666666666,0.0,0.0,0.16999999999999998,12,6,5
0.6666666666666666,0.0,0.0,0.16999999999999998,12,6,4
0.6747474747474748,0.0011926058437686344,0.0020784619381657575,0.16999999999999998,12,6,3
0.002089864158829676,0.0005963029218843172,0.0009278589654372536,0.16999999999999998,12,5,1
0.004739336492890995,0.0008944543828264757,0.001504890895410083,0.16999999999999998,12,6,2
0.6666666666666666,0.0,0.0,0.16999999999999998,12,7,5
0.6666666666666666,0.0,0.0,0.16999999999999998,12,7,4
0.002089864158829676,0.0005963029218843172,0.0009278589654372536,0.16999999999999998,12,6,1
0.6747474747474748,0.0011926058437686344,0.0020784619381657575,0.16999999999999998,12,7,3
0.004739336492890995,0.0008944543828264757,0.001504890895410083,0.16999999999999998,12,7,2
0.6666666666666666,0.0,0.0,0.16999999999999998,12,8,4
0.6666666666666666,0.0,0.0,0.16999999999999998,12,8,5
0.6747474747474748,0.0011926058437686344,0.0020784619381657575,0.16999999999999998,12,8,3
0.003389830508474576,0.0008952551477170995,0.0014164305949008497,0.16999999999999998,12,7,1
0.004739336492890995,0.0008944543828264757,0.001504890895410083,0.16999999999999998,12,8,2
0.6666666666666666,0.0,0.0,0.16999999999999998,12,9,5
0.6666666666666666,0.0,0.0,0.16999999999999998,12,9,4
0.3395638629283489,0.0005963029218843172,0.0010884353741496598,0.16999999999999998,12,9,3
0.003389830508474576,0.0008952551477170995,0.0014164305949008497,0.16999999999999998,12,8,1
0.33771929824561403,0.0005963029218843172,0.0010498687664041995,0.16999999999999998,12,9,2
0.6666666666666666,0.0,0.0,0.16999999999999998,12,10,4
0.6666666666666666,0.0,0.0,0.16999999999999998,12,10,5
0.3395638629283489,0.0005963029218843172,0.0010884353741496598,0.16999999999999998,12,10,3
0.33771929824561403,0.0005963029218843172,0.0010498687664041995,0.16999999999999998,12,10,2
0.00273224043715847,0.000596836765144733,0.0009796718099436689,0.16999999999999998,12,9,1
0.6666666666666666,0.0,0.0,0.16999999999999998,12,11,4
0.6666666666666666,0.0,0.0,0.16999999999999998,12,11,5
0.00273224043715847,0.000596836765144733,0.0009796718099436689,0.16999999999999998,12,10,1
0.3395638629283489,0.0005963029218843172,0.0010884353741496598,0.16999999999999998,12,11,3
0.33771929824561403,0.0005963029218843172,0.0010498687664041995,0.16999999999999998,12,11,2
0.6666666666666666,0.0,0.0,0.16999999999999998,13,1,4
0.0045045045045045045,0.0008992805755395684,0.0014992503748125939,0.16999999999999998,12,11,1
0.6747474747474748,0.0011926058437686344,0.0020784619381657575,0.16999999999999998,13,1,3
0.6666666666666666,0.0,0.0,0.16999999999999998,13,1,5
0.6666666666666666,0.0,0.0,0.16999999999999998,13,2,5
0.6666666666666666,0.0,0.0,0.16999999999999998,13,2,4
0.6747474747474748,0.0011926058437686344,0.0020784619381657575,0.16999999999999998,13,2,3
0.0024330900243309003,0.0005963029218843172,0.0009578544061302681,0.16999999999999998,13,1,2
0.08759318423855166,0.334525939177102,0.13519683205217797,0.16999999999999998,13,1,1
0.0024330900243309003,0.0005963029218843172,0.0009578544061302681,0.16999999999999998,13,2,2
0.6666666666666666,0.0,0.0,0.16999999999999998,13,3,5
0.6747474747474748,0.0011926058437686344,0.0020784619381657575,0.16999999999999998,13,3,3
0.6666666666666666,0.0,0.0,0.16999999999999998,13,3,4
0.08759318423855166,0.334525939177102,0.13519683205217797,0.16999999999999998,13,2,1
0.6666666666666666,0.0,0.0,0.16999999999999998,13,4,5
0.6666666666666666,0.0,0.0,0.16999999999999998,13,4,4
0.004273504273504273,0.0011926058437686344,0.0018648018648018648,0.16999999999999998,13,3,1
0.0024330900243309003,0.0005963029218843172,0.0009578544061302681,0.16999999999999998,13,4,2
0.6747474747474748,0.0011926058437686344,0.0020784619381657575,0.16999999999999998,13,4,3
0.0024330900243309003,0.0005963029218843172,0.0009578544061302681,0.16999999999999998,13,3,2
0.6747474747474748,0.0011926058437686344,0.0020784619381657575,0.16999999999999998,13,5,3
0.6666666666666666,0.0,0.0,0.16999999999999998,13,5,5
0.6666666666666666,0.0,0.0,0.16999999999999998,13,5,4
0.004830917874396135,0.0008944543828264757,0.001509433962264151,0.16999999999999998,13,5,2
0.004273504273504273,0.0011926058437686344,0.0018648018648018648,0.16999999999999998,13,4,1
0.6666666666666666,0.0,0.0,0.16999999999999998,13,6,4
0.6666666666666666,0.0,0.0,0.16999999999999998,13,6,5
0.0025445292620865138,0.0005963029218843172,0.0009661835748792269,0.16999999999999998,13,5,1
0.6747474747474748,0.0011926058437686344,0.0020784619381657575,0.16999999999999998,13,6,3
0.6666666666666666,0.0,0.0,0.16999999999999998,13,7,4
0.6747474747474748,0.0011926058437686344,0.0020784619381657575,0.16999999999999998,13,7,3
0.004830917874396135,0.0008944543828264757,0.001509433962264151,0.16999999999999998,13,7,2
0.004830917874396135,0.0008944543828264757,0.001509433962264151,0.16999999999999998,13,6,2
0.6666666666666666,0.0,0.0,0.16999999999999998,13,7,5
0.6666666666666666,0.0,0.0,0.16999999999999998,13,8,4
0.004098360655737705,0.0008952551477170995,0.0014695077149155034,0.16999999999999998,13,7,1
0.6666666666666666,0.0,0.0,0.16999999999999998,13,8,5
0.6747474747474748,0.0011926058437686344,0.0020784619381657575,0.16999999999999998,13,8,3
0.004830917874396135,0.0008944543828264757,0.001509433962264151,0.16999999999999998,13,8,2
0.6666666666666666,0.0,0.0,0.16999999999999998,13,9,5
0.6666666666666666,0.0,0.0,0.16999999999999998,13,9,4
0.0025445292620865138,0.0005963029218843172,0.0009661835748792269,0.16999999999999998,13,6,1
0.3378076062639821,0.0005963029218843172,0.0010523546435148646,0.16999999999999998,13,9,2
0.3395638629283489,0.0005963029218843172,0.0010884353741496598,0.16999999999999998,13,9,3
0.3395638629283489,0.0005963029218843172,0.0010884353741496598,0.16999999999999998,13,10,3
0.6666666666666666,0.0,0.0,0.16999999999999998,13,10,4
0.3378076062639821,0.0005963029218843172,0.0010523546435148646,0.16999999999999998,13,10,2
0.004098360655737705,0.0008952551477170995,0.0014695077149155034,0.16999999999999998,13,8,1
0.003174603174603175,0.000596836765144733,0.001004772670183371,0.16999999999999998,13,9,1
0.6666666666666666,0.0,0.0,0.16999999999999998,13,10,5
0.003174603174603175,0.000596836765144733,0.001004772670183371,0.16999999999999998,13,10,1
0.3378076062639821,0.0005963029218843172,0.0010523546435148646,0.16999999999999998,13,11,2
0.3395638629283489,0.0005963029218843172,0.0010884353741496598,0.16999999999999998,13,11,3
0.6666666666666666,0.0,0.0,0.16999999999999998,13,11,4
0.6666666666666666,0.0,0.0,0.16999999999999998,13,11,5
0.005263157894736842,0.0008992805755395684,0.0015360983102918587,0.16999999999999998,13,11,1
0.6666666666666666,0.0,0.0,0.16999999999999998,14,1,5
0.6666666666666666,0.0,0.0,0.16999999999999998,14,1,4
0.6747474747474748,0.0011926058437686344,0.0020784619381657575,0.16999999999999998,14,1,3
0.6666666666666666,0.0,0.0,0.16999999999999998,14,2,4
0.6747474747474748,0.0011926058437686344,0.0020784619381657575,0.16999999999999998,14,2,3
0.6666666666666666,0.0,0.0,0.16999999999999998,14,2,5
0.0024330900243309003,0.0005963029218843172,0.0009578544061302681,0.16999999999999998,14,2,2
0.0024330900243309003,0.0005963029218843172,0.0009578544061302681,0.16999999999999998,14,1,2
0.6666666666666666,0.0,0.0,0.16999999999999998,14,3,5
0.6666666666666666,0.0,0.0,0.16999999999999998,14,3,4
0.6747474747474748,0.0011926058437686344,0.0020784619381657575,0.16999999999999998,14,3,3
0.08759318423855166,0.334525939177102,0.13519683205217797,0.16999999999999998,14,1,1
0.08759318423855166,0.334525939177102,0.13519683205217797,0.16999999999999998,14,2,1
0.0024330900243309003,0.0005963029218843172,0.0009578544061302681,0.16999999999999998,14,3,2
0.6666666666666666,0.0,0.0,0.16999999999999998,14,4,4
0.6747474747474748,0.0011926058437686344,0.0020784619381657575,0.16999999999999998,14,4,3
0.6666666666666666,0.0,0.0,0.16999999999999998,14,4,5
0.0024330900243309003,0.0005963029218843172,0.0009578544061302681,0.16999999999999998,14,4,2
0.004273504273504273,0.0011926058437686344,0.0018648018648018648,0.16999999999999998,14,3,1
0.6666666666666666,0.0,0.0,0.16999999999999998,14,5,4
0.6666666666666666,0.0,0.0,0.16999999999999998,14,5,5
0.6747474747474748,0.0011926058437686344,0.0020784619381657575,0.16999999999999998,14,5,3
0.004273504273504273,0.0011926058437686344,0.0018648018648018648,0.16999999999999998,14,4,1
0.004830917874396135,0.0008944543828264757,0.001509433962264151,0.16999999999999998,14,5,2
0.6666666666666666,0.0,0.0,0.16999999999999998,14,6,5
0.6666666666666666,0.0,0.0,0.16999999999999998,14,6,4
0.6747474747474748,0.0011926058437686344,0.0020784619381657575,0.16999999999999998,14,6,3
0.0025445292620865138,0.0005963029218843172,0.0009661835748792269,0.16999999999999998,14,5,1
0.004830917874396135,0.0008944543828264757,0.001509433962264151,0.16999999999999998,14,6,2
0.6666666666666666,0.0,0.0,0.16999999999999998,14,7,4
0.6666666666666666,0.0,0.0,0.16999999999999998,14,7,5
0.0025445292620865138,0.0005963029218843172,0.0009661835748792269,0.16999999999999998,14,6,1
0.6747474747474748,0.0011926058437686344,0.0020784619381657575,0.16999999999999998,14,7,3
0.004830917874396135,0.0008944543828264757,0.001509433962264151,0.16999999999999998,14,7,2
0.6666666666666666,0.0,0.0,0.16999999999999998,14,8,5
0.6666666666666666,0.0,0.0,0.16999999999999998,14,8,4
0.6747474747474748,0.0011926058437686344,0.0020784619381657575,0.16999999999999998,14,8,3
0.004098360655737705,0.0008952551477170995,0.0014695077149155034,0.16999999999999998,14,7,1
0.004830917874396135,0.0008944543828264757,0.001509433962264151,0.16999999999999998,14,8,2
0.6666666666666666,0.0,0.0,0.16999999999999998,14,9,5
0.6666666666666666,0.0,0.0,0.16999999999999998,14,9,4
0.3395638629283489,0.0005963029218843172,0.0010884353741496598,0.16999999999999998,14,9,3
0.3378076062639821,0.0005963029218843172,0.0010523546435148646,0.16999999999999998,14,9,2
0.004098360655737705,0.0008952551477170995,0.0014695077149155034,0.16999999999999998,14,8,1
0.003174603174603175,0.000596836765144733,0.001004772670183371,0.16999999999999998,14,9,1
0.3395638629283489,0.0005963029218843172,0.0010884353741496598,0.16999999999999998,14,10,3
0.6666666666666666,0.0,0.0,0.16999999999999998,14,10,4
0.6666666666666666,0.0,0.0,0.16999999999999998,14,10,5
0.3378076062639821,0.0005963029218843172,0.0010523546435148646,0.16999999999999998,14,10,2
0.3395638629283489,0.0005963029218843172,0.0010884353741496598,0.16999999999999998,14,11,3
0.6666666666666666,0.0,0.0,0.16999999999999998,14,11,5
0.6666666666666666,0.0,0.0,0.16999999999999998,14,11,4
0.003174603174603175,0.000596836765144733,0.001004772670183371,0.16999999999999998,14,10,1
0.3378076062639821,0.0005963029218843172,0.0010523546435148646,0.16999999999999998,14,11,2
0.6666666666666666,0.0,0.0,0.16999999999999998,15,1,5
0.6666666666666666,0.0,0.0,0.16999999999999998,15,1,4
0.005263157894736842,0.0008992805755395684,0.0015360983102918587,0.16999999999999998,14,11,1
0.6747474747474748,0.0011926058437686344,0.0020784619381657575,0.16999999999999998,15,1,3
0.0024330900243309003,0.0005963029218843172,0.0009578544061302681,0.16999999999999998,15,1,2
0.6666666666666666,0.0,0.0,0.16999999999999998,15,2,4
0.6666666666666666,0.0,0.0,0.16999999999999998,15,2,5
0.11585606959272439,0.334525939177102,0.1685727900881582,0.16999999999999998,15,1,1
0.6747474747474748,0.0011926058437686344,0.0020784619381657575,0.16999999999999998,15,2,3
0.0024330900243309003,0.0005963029218843172,0.0009578544061302681,0.16999999999999998,15,2,2
0.6666666666666666,0.0,0.0,0.16999999999999998,15,3,5
0.6666666666666666,0.0,0.0,0.16999999999999998,15,3,4
0.6747474747474748,0.0011926058437686344,0.0020784619381657575,0.16999999999999998,15,3,3
0.11585606959272439,0.334525939177102,0.1685727900881582,0.16999999999999998,15,2,1
0.0024330900243309003,0.0005963029218843172,0.0009578544061302681,0.16999999999999998,15,3,2
0.6666666666666666,0.0,0.0,0.16999999999999998,15,4,5
0.6666666666666666,0.0,0.0,0.16999999999999998,15,4,4
0.6747474747474748,0.0011926058437686344,0.0020784619381657575,0.16999999999999998,15,4,3
0.004694835680751174,0.0011926058437686344,0.001902044698050404,0.16999999999999998,15,3,1
0.0024330900243309003,0.0005963029218843172,0.0009578544061302681,0.16999999999999998,15,4,2
0.6666666666666666,0.0,0.0,0.16999999999999998,15,5,4
0.6666666666666666,0.0,0.0,0.16999999999999998,15,5,5
0.6747474747474748,0.0011926058437686344,0.0020784619381657575,0.16999999999999998,15,5,3
0.004694835680751174,0.0011926058437686344,0.001902044698050404,0.16999999999999998,15,4,1
0.004830917874396135,0.0008944543828264757,0.001509433962264151,0.16999999999999998,15,5,2
0.0027548209366391185,0.0005963029218843172,0.0009803921568627453,0.16999999999999998,15,5,1
0.6666666666666666,0.0,0.0,0.16999999999999998,15,6,5
0.6747474747474748,0.0011926058437686344,0.0020784619381657575,0.16999999999999998,15,6,3
0.6666666666666666,0.0,0.0,0.16999999999999998,15,6,4
0.004830917874396135,0.0008944543828264757,0.001509433962264151,0.16999999999999998,15,6,2
0.6666666666666666,0.0,0.0,0.16999999999999998,15,7,5
0.6666666666666666,0.0,0.0,0.16999999999999998,15,7,4
0.6747474747474748,0.0011926058437686344,0.0020784619381657575,0.16999999999999998,15,7,3
0.0027548209366391185,0.0005963029218843172,0.0009803921568627453,0.16999999999999998,15,6,1
0.004830917874396135,0.0008944543828264757,0.001509433962264151,0.16999999999999998,15,7,2
0.6666666666666666,0.0,0.0,0.16999999999999998,15,8,5
0.6666666666666666,0.0,0.0,0.16999999999999998,15,8,4
0.004405286343612335,0.0008952551477170995,0.001488095238095238,0.16999999999999998,15,7,1
0.004830917874396135,0.0008944543828264757,0.001509433962264151,0.16999999999999998,15,8,2
0.6747474747474748,0.0011926058437686344,0.0020784619381657575,0.16999999999999998,15,8,3
0.6666666666666666,0.0,0.0,0.16999999999999998,15,9,5
0.3378076062639821,0.0005963029218843172,0.0010523546435148646,0.16999999999999998,15,9,2
0.004405286343612335,0.0008952551477170995,0.001488095238095238,0.16999999999999998,15,8,1
0.6666666666666666,0.0,0.0,0.16999999999999998,15,9,4
0.3395638629283489,0.0005963029218843172,0.0010884353741496598,0.16999999999999998,15,9,3
0.6666666666666666,0.0,0.0,0.16999999999999998,15,10,5
0.00338409475465313,0.000596836765144733,0.0010147133434804667,0.16999999999999998,15,9,1
0.3378076062639821,0.0005963029218843172,0.0010523546435148646,0.16999999999999998,15,10,2
0.6666666666666666,0.0,0.0,0.16999999999999998,15,10,4
0.3395638629283489,0.0005963029218843172,0.0010884353741496598,0.16999999999999998,15,10,3
0.3395638629283489,0.0005963029218843172,0.0010884353741496598,0.16999999999999998,15,11,3
0.6666666666666666,0.0,0.0,0.16999999999999998,15,11,4
0.3378076062639821,0.0005963029218843172,0.0010523546435148646,0.16999999999999998,15,11,2
0.6666666666666666,0.0,0.0,0.16999999999999998,15,11,5
0.00338409475465313,0.000596836765144733,0.0010147133434804667,0.16999999999999998,15,10,1
0.6666666666666666,0.0,0.0,0.16999999999999998,16,1,4
0.00558659217877095,0.0008992805755395684,0.001549186676994578,0.16999999999999998,15,11,1
0.6666666666666666,0.0,0.0,0.16999999999999998,16,1,5
0.6747474747474748,0.0011926058437686344,0.0020784619381657575,0.16999999999999998,16,1,3
0.0024330900243309003,0.0005963029218843172,0.0009578544061302681,0.16999999999999998,16,1,2
0.6747474747474748,0.0011926058437686344,0.0020784619381657575,0.16999999999999998,16,2,3
0.6666666666666666,0.0,0.0,0.16999999999999998,16,2,4
0.6666666666666666,0.0,0.0,0.16999999999999998,16,2,5
0.11585606959272439,0.334525939177102,0.1685727900881582,0.16999999999999998,16,1,1
0.0024330900243309003,0.0005963029218843172,0.0009578544061302681,0.16999999999999998,16,2,2
0.6666666666666666,0.0,0.0,0.16999999999999998,16,3,5
0.11585606959272439,0.334525939177102,0.1685727900881582,0.16999999999999998,16,2,1
0.6666666666666666,0.0,0.0,0.16999999999999998,16,3,4
0.6747474747474748,0.0011926058437686344,0.0020784619381657575,0.16999999999999998,16,3,3
0.0024330900243309003,0.0005963029218843172,0.0009578544061302681,0.16999999999999998,16,3,2
0.6747474747474748,0.0011926058437686344,0.0020784619381657575,0.16999999999999998,16,4,3
0.6666666666666666,0.0,0.0,0.16999999999999998,16,4,5
0.6666666666666666,0.0,0.0,0.16999999999999998,16,4,4
0.004694835680751174,0.0011926058437686344,0.001902044698050404,0.16999999999999998,16,3,1
0.0024330900243309003,0.0005963029218843172,0.0009578544061302681,0.16999999999999998,16,4,2
0.6666666666666666,0.0,0.0,0.16999999999999998,16,5,5
0.6666666666666666,0.0,0.0,0.16999999999999998,16,5,4
0.6747474747474748,0.0011926058437686344,0.0020784619381657575,0.16999999999999998,16,5,3
0.004694835680751174,0.0011926058437686344,0.001902044698050404,0.16999999999999998,16,4,1
0.004830917874396135,0.0008944543828264757,0.001509433962264151,0.16999999999999998,16,5,2
0.6666666666666666,0.0,0.0,0.16999999999999998,16,6,5
0.6666666666666666,0.0,0.0,0.16999999999999998,16,6,4
0.0027548209366391185,0.0005963029218843172,0.0009803921568627453,0.16999999999999998,16,5,1
0.004830917874396135,0.0008944543828264757,0.001509433962264151,0.16999999999999998,16,6,2
0.6747474747474748,0.0011926058437686344,0.0020784619381657575,0.16999999999999998,16,6,3
0.0027548209366391185,0.0005963029218843172,0.0009803921568627453,0.16999999999999998,16,6,1
0.6666666666666666,0.0,0.0,0.16999999999999998,16,7,5
0.6666666666666666,0.0,0.0,0.16999999999999998,16,7,4
0.6747474747474748,0.0011926058437686344,0.0020784619381657575,0.16999999999999998,16,7,3
0.004830917874396135,0.0008944543828264757,0.001509433962264151,0.16999999999999998,16,7,2
0.6666666666666666,0.0,0.0,0.16999999999999998,16,8,5
0.004405286343612335,0.0008952551477170995,0.001488095238095238,0.16999999999999998,16,7,1
0.6666666666666666,0.0,0.0,0.16999999999999998,16,8,4
0.004830917874396135,0.0008944543828264757,0.001509433962264151,0.16999999999999998,16,8,2
0.6747474747474748,0.0011926058437686344,0.0020784619381657575,0.16999999999999998,16,8,3
0.6666666666666666,0.0,0.0,0.16999999999999998,16,9,5
0.3395638629283489,0.0005963029218843172,0.0010884353741496598,0.16999999999999998,16,9,3
0.6666666666666666,0.0,0.0,0.16999999999999998,16,9,4
0.004405286343612335,0.0008952551477170995,0.001488095238095238,0.16999999999999998,16,8,1
0.3378076062639821,0.0005963029218843172,0.0010523546435148646,0.16999999999999998,16,9,2
0.00338409475465313,0.000596836765144733,0.0010147133434804667,0.16999999999999998,16,9,1
0.3378076062639821,0.0005963029218843172,0.0010523546435148646,0.16999999999999998,16,10,2
0.6666666666666666,0.0,0.0,0.16999999999999998,16,10,4
0.3395638629283489,0.0005963029218843172,0.0010884353741496598,0.16999999999999998,16,10,3
0.6666666666666666,0.0,0.0,0.16999999999999998,16,10,5
0.6666666666666666,0.0,0.0,0.16999999999999998,16,11,5
0.00338409475465313,0.000596836765144733,0.0010147133434804667,0.16999999999999998,16,10,1
0.3395638629283489,0.0005963029218843172,0.0010884353741496598,0.16999999999999998,16,11,3
0.6666666666666666,0.0,0.0,0.16999999999999998,16,11,4
0.3378076062639821,0.0005963029218843172,0.0010523546435148646,0.16999999999999998,16,11,2
0.6666666666666666,0.0,0.0,0.16999999999999998,17,1,5
0.6666666666666666,0.0,0.0,0.16999999999999998,17,1,4
0.00558659217877095,0.0008992805755395684,0.001549186676994578,0.16999999999999998,16,11,1
0.6833333333333332,0.0011926058437686344,0.0022259321090706734,0.16999999999999998,17,1,3
0.33789954337899547,0.0005963029218843172,0.0010548523206751054,0.16999999999999998,17,1,2
0.6666666666666666,0.0,0.0,0.16999999999999998,17,2,5
0.6666666666666666,0.0,0.0,0.16999999999999998,17,2,4
0.6833333333333332,0.0011926058437686344,0.0022259321090706734,0.16999999999999998,17,2,3
0.11664361456892576,0.334525939177102,0.1686288937944567,0.16999999999999998,17,1,1
0.33789954337899547,0.0005963029218843172,0.0010548523206751054,0.16999999999999998,17,2,2
0.6666666666666666,0.0,0.0,0.16999999999999998,17,3,5
0.6666666666666666,0.0,0.0,0.16999999999999998,17,3,4
0.6833333333333332,0.0011926058437686344,0.0022259321090706734,0.16999999999999998,17,3,3
0.11664361456892576,0.334525939177102,0.1686288937944567,0.16999999999999998,17,2,1
0.33789954337899547,0.0005963029218843172,0.0010548523206751054,0.16999999999999998,17,3,2
0.6833333333333332,0.0011926058437686344,0.0022259321090706734,0.16999999999999998,17,4,3
0.6666666666666666,0.0,0.0,0.16999999999999998,17,4,5
0.3388203017832647,0.0011926058437686344,0.0019593436198873378,0.16999999999999998,17,3,1
0.6666666666666666,0.0,0.0,0.16999999999999998,17,4,4
0.33789954337899547,0.0005963029218843172,0.0010548523206751054,0.16999999999999998,17,4,2
0.6666666666666666,0.0,0.0,0.16999999999999998,17,5,5
0.6833333333333332,0.0011926058437686344,0.0022259321090706734,0.16999999999999998,17,5,3
0.6666666666666666,0.0,0.0,0.16999999999999998,17,5,4
0.3411458333333333,0.0008944543828264757,0.0016051364365971107,0.16999999999999998,17,5,2
0.3388203017832647,0.0011926058437686344,0.0019593436198873378,0.16999999999999998,17,4,1
0.6833333333333332,0.0011926058437686344,0.0022259321090706734,0.16999999999999998,17,6,3
0.6666666666666666,0.0,0.0,0.16999999999999998,17,6,5
0.6666666666666666,0.0,0.0,0.16999999999999998,17,6,4
0.3364779874213837,0.0005963029218843172,0.0010025062656641604,0.16999999999999998,17,5,1
0.3411458333333333,0.0008944543828264757,0.0016051364365971107,0.16999999999999998,17,6,2
0.6666666666666666,0.0,0.0,0.16999999999999998,17,7,5
0.6833333333333332,0.0011926058437686344,0.0022259321090706734,0.16999999999999998,17,7,3
0.3364779874213837,0.0005963029218843172,0.0010025062656641604,0.16999999999999998,17,6,1
0.6666666666666666,0.0,0.0,0.16999999999999998,17,7,4
0.3411458333333333,0.0008944543828264757,0.0016051364365971107,0.16999999999999998,17,7,2
0.6833333333333332,0.0011926058437686344,0.0022259321090706734,0.16999999999999998,17,8,3
0.6666666666666666,0.0,0.0,0.16999999999999998,17,8,4
0.6666666666666666,0.0,0.0,0.16999999999999998,17,8,5
0.338235294117647,0.0008952551477170995,0.0015140045420136263,0.16999999999999998,17,7,1
0.3411458333333333,0.0008944543828264757,0.0016051364365971107,0.16999999999999998,17,8,2
0.3461538461538462,0.0005963029218843172,0.0011396011396011397,0.16999999999999998,17,9,3
0.6666666666666666,0.0,0.0,0.16999999999999998,17,9,5
0.6666666666666666,0.0,0.0,0.16999999999999998,17,9,4
0.338235294117647,0.0008952551477170995,0.0015140045420136263,0.16999999999999998,17,8,1
0.6732673267326733,0.0005963029218843172,0.00109379272627837,0.16999999999999998,17,9,2
0.3461538461538462,0.0005963029218843172,0.0011396011396011397,0.16999999999999998,17,10,3
0.6666666666666666,0.0,0.0,0.16999999999999998,17,10,5
0.33705772811918067,0.000596836765144733,0.0010288065843621398,0.16999999999999998,17,9,1
0.6666666666666666,0.0,0.0,0.16999999999999998,17,10,4
0.6732673267326733,0.0005963029218843172,0.00109379272627837,0.16999999999999998,17,10,2
0.3461538461538462,0.0005963029218843172,0.0011396011396011397,0.16999999999999998,17,11,3
0.33705772811918067,0.000596836765144733,0.0010288065843621398,0.16999999999999998,17,10,1
0.6666666666666666,0.0,0.0,0.16999999999999998,17,11,5
0.6732673267326733,0.0005963029218843172,0.00109379272627837,0.16999999999999998,17,11,2
0.6666666666666666,0.0,0.0,0.16999999999999998,17,11,4
0.6666666666666666,0.0,0.0,0.16999999999999998,18,1,5
0.6833333333333332,0.0011926058437686344,0.0022259321090706734,0.16999999999999998,18,1,3
0.6666666666666666,0.0,0.0,0.16999999999999998,18,1,4
0.006134969325153374,0.0008992805755395684,0.001568627450980392,0.16999999999999998,17,11,1
0.33789954337899547,0.0005963029218843172,0.0010548523206751054,0.16999999999999998,18,1,2
0.6833333333333332,0.0011926058437686344,0.0022259321090706734,0.16999999999999998,18,2,3
0.6666666666666666,0.0,0.0,0.16999999999999998,18,2,5
0.6666666666666666,0.0,0.0,0.16999999999999998,18,2,4
0.11664361456892576,0.334525939177102,0.1686288937944567,0.16999999999999998,18,1,1
0.33789954337899547,0.0005963029218843172,0.0010548523206751054,0.16999999999999998,18,2,2
0.6833333333333332,0.0011926058437686344,0.0022259321090706734,0.16999999999999998,18,3,3
0.6666666666666666,0.0,0.0,0.16999999999999998,18,3,4
0.33789954337899547,0.0005963029218843172,0.0010548523206751054,0.16999999999999998,18,3,2
0.6666666666666666,0.0,0.0,0.16999999999999998,18,3,5
0.11664361456892576,0.334525939177102,0.1686288937944567,0.16999999999999998,18,2,1
0.6833333333333332,0.0011926058437686344,0.0022259321090706734,0.16999999999999998,18,4,3
0.6666666666666666,0.0,0.0,0.16999999999999998,18,4,5
0.6666666666666666,0.0,0.0,0.16999999999999998,18,4,4
0.3388203017832647,0.0011926058437686344,0.0019593436198873378,0.16999999999999998,18,3,1
0.33789954337899547,0.0005963029218843172,0.0010548523206751054,0.16999999999999998,18,4,2
0.6833333333333332,0.0011926058437686344,0.0022259321090706734,0.16999999999999998,18,5,3
0.6666666666666666,0.0,0.0,0.16999999999999998,18,5,4
0.6666666666666666,0.0,0.0,0.16999999999999998,18,5,5
0.3388203017832647,0.0011926058437686344,0.0019593436198873378,0.16999999999999998,18,4,1
0.3411458333333333,0.0008944543828264757,0.0016051364365971107,0.16999999999999998,18,5,2
0.6833333333333332,0.0011926058437686344,0.0022259321090706734,0.16999999999999998,18,6,3
0.6666666666666666,0.0,0.0,0.16999999999999998,18,6,5
0.3364779874213837,0.0005963029218843172,0.0010025062656641604,0.16999999999999998,18,5,1
0.6666666666666666,0.0,0.0,0.16999999999999998,18,6,4
0.3411458333333333,0.0008944543828264757,0.0016051364365971107,0.16999999999999998,18,6,2
0.6666666666666666,0.0,0.0,0.16999999999999998,18,7,4
0.6666666666666666,0.0,0.0,0.16999999999999998,18,7,5
0.6833333333333332,0.0011926058437686344,0.0022259321090706734,0.16999999999999998,18,7,3
0.3411458333333333,0.0008944543828264757,0.0016051364365971107,0.16999999999999998,18,7,2
0.3364779874213837,0.0005963029218843172,0.0010025062656641604,0.16999999999999998,18,6,1
0.6666666666666666,0.0,0.0,0.16999999999999998,18,8,5
0.6833333333333332,0.0011926058437686344,0.0022259321090706734,0.16999999999999998,18,8,3
0.6666666666666666,0.0,0.0,0.16999999999999998,18,8,4
0.3411458333333333,0.0008944543828264757,0.0016051364365971107,0.16999999999999998,18,8,2
0.338235294117647,0.0008952551477170995,0.0015140045420136263,0.16999999999999998,18,7,1
0.6666666666666666,0.0,0.0,0.16999999999999998,18,9,4
0.3461538461538462,0.0005963029218843172,0.0011396011396011397,0.16999999999999998,18,9,3
0.6732673267326733,0.0005963029218843172,0.00109379272627837,0.16999999999999998,18,9,2
0.6666666666666666,0.0,0.0,0.16999999999999998,18,9,5
0.338235294117647,0.0008952551477170995,0.0015140045420136263,0.16999999999999998,18,8,1
0.3461538461538462,0.0005963029218843172,0.0011396011396011397,0.16999999999999998,18,10,3
0.6666666666666666,0.0,0.0,0.16999999999999998,18,10,4
0.33705772811918067,0.000596836765144733,0.0010288065843621398,0.16999999999999998,18,9,1
0.6666666666666666,0.0,0.0,0.16999999999999998,18,10,5
0.6732673267326733,0.0005963029218843172,0.00109379272627837,0.16999999999999998,18,10,2
0.6666666666666666,0.0,0.0,0.16999999999999998,18,11,5
0.3461538461538462,0.0005963029218843172,0.0011396011396011397,0.16999999999999998,18,11,3
0.6666666666666666,0.0,0.0,0.16999999999999998,18,11,4
0.6732673267326733,0.0005963029218843172,0.00109379272627837,0.16999999999999998,18,11,2
0.33705772811918067,0.000596836765144733,0.0010288065843621398,0.16999999999999998,18,10,1
0.6833333333333332,0.0011926058437686344,0.0022259321090706734,0.16999999999999998,19,1,3
0.6666666666666666,0.0,0.0,0.16999999999999998,19,1,5
0.6666666666666666,0.0,0.0,0.16999999999999998,19,1,4
0.006134969325153374,0.0008992805755395684,0.001568627450980392,0.16999999999999998,18,11,1
0.33789954337899547,0.0005963029218843172,0.0010548523206751054,0.16999999999999998,19,1,2
0.6666666666666666,0.0,0.0,0.16999999999999998,19,2,5
0.6833333333333332,0.0011926058437686344,0.0022259321090706734,0.16999999999999998,19,2,3
0.6666666666666666,0.0,0.0,0.16999999999999998,19,2,4
0.006633499170812604,0.0011926058437686344,0.0020217336365933787,0.16999999999999998,19,1,1
0.33789954337899547,0.0005963029218843172,0.0010548523206751054,0.16999999999999998,19,2,2
0.6833333333333332,0.0011926058437686344,0.0022259321090706734,0.16999999999999998,19,3,3
0.6666666666666666,0.0,0.0,0.16999999999999998,19,3,5
0.6666666666666666,0.0,0.0,0.16999999999999998,19,3,4
0.33789954337899547,0.0005963029218843172,0.0010548523206751054,0.16999999999999998,19,3,2
0.006633499170812604,0.0011926058437686344,0.0020217336365933787,0.16999999999999998,19,2,1
0.6833333333333332,0.0011926058437686344,0.0022259321090706734,0.16999999999999998,19,4,3
0.6666666666666666,0.0,0.0,0.16999999999999998,19,4,5
0.6666666666666666,0.0,0.0,0.16999999999999998,19,4,4
0.3395348837209302,0.0011926058437686344,0.002000500125031258,0.16999999999999998,19,3,1
0.33789954337899547,0.0005963029218843172,0.0010548523206751054,0.16999999999999998,19,4,2
0.6666666666666666,0.0,0.0,0.16999999999999998,19,5,4
0.6833333333333332,0.0011926058437686344,0.0022259321090706734,0.16999999999999998,19,5,3
0.6666666666666666,0.0,0.0,0.16999999999999998,19,5,5
0.3411458333333333,0.0008944543828264757,0.0016051364365971107,0.16999999999999998,19,5,2
0.3395348837209302,0.0011926058437686344,0.002000500125031258,0.16999999999999998,19,4,1
0.6833333333333332,0.0011926058437686344,0.0022259321090706734,0.16999999999999998,19,6,3
0.6666666666666666,0.0,0.0,0.16999999999999998,19,6,5
0.6666666666666666,0.0,0.0,0.16999999999999998,19,6,4
0.336734693877551,0.0005963029218843172,0.0010147133434804667,0.16999999999999998,19,5,1
0.3411458333333333,0.0008944543828264757,0.0016051364365971107,0.16999999999999998,19,6,2
0.6666666666666666,0.0,0.0,0.16999999999999998,19,7,4
0.6833333333333332,0.0011926058437686344,0.0022259321090706734,0.16999999999999998,19,7,3
0.3411458333333333,0.0008944543828264757,0.0016051364365971107,0.16999999999999998,19,7,2
0.6666666666666666,0.0,0.0,0.16999999999999998,19,7,5
0.336734693877551,0.0005963029218843172,0.0010147133434804667,0.16999999999999998,19,6,1
0.6833333333333332,0.0011926058437686344,0.0022259321090706734,0.16999999999999998,19,8,3
0.3387096774193548,0.0008952551477170995,0.0015349194167306216,0.16999999999999998,19,7,1
0.6666666666666666,0.0,0.0,0.16999999999999998,19,8,4
0.6666666666666666,0.0,0.0,0.16999999999999998,19,8,5
0.3411458333333333,0.0008944543828264757,0.0016051364365971107,0.16999999999999998,19,8,2
0.3461538461538462,0.0005963029218843172,0.0011396011396011397,0.16999999999999998,19,9,3
0.6666666666666666,0.0,0.0,0.16999999999999998,19,9,5
0.6732673267326733,0.0005963029218843172,0.00109379272627837,0.16999999999999998,19,9,2
0.6666666666666666,0.0,0.0,0.16999999999999998,19,9,4
0.3387096774193548,0.0008952551477170995,0.0015349194167306216,0.16999999999999998,19,8,1
0.3461538461538462,0.0005963029218843172,0.0011396011396011397,0.16999999999999998,19,10,3
0.6666666666666666,0.0,0.0,0.16999999999999998,19,10,5
0.6666666666666666,0.0,0.0,0.16999999999999998,19,10,4
0.3373493975903614,0.000596836765144733,0.0010392309690828788,0.16999999999999998,19,9,1
0.6732673267326733,0.0005963029218843172,0.00109379272627837,0.16999999999999998,19,10,2
0.3461538461538462,0.0005963029218843172,0.0011396011396011397,0.16999999999999998,19,11,3
0.6732673267326733,0.0005963029218843172,0.00109379272627837,0.16999999999999998,19,11,2
0.3373493975903614,0.000596836765144733,0.0010392309690828788,0.16999999999999998,19,10,1
0.6666666666666666,0.0,0.0,0.16999999999999998,19,11,5
0.6666666666666666,0.0,0.0,0.16999999999999998,19,11,4
0.6833333333333332,0.0011926058437686344,0.0022259321090706734,0.16999999999999998,20,1,3
0.6666666666666666,0.0,0.0,0.16999999999999998,20,1,5
0.006622516556291391,0.0008992805755395684,0.0015835312747426763,0.16999999999999998,19,11,1
0.6666666666666666,0.0,0.0,0.16999999999999998,20,1,4
0.33789954337899547,0.0005963029218843172,0.0010548523206751054,0.16999999999999998,20,1,2
0.6833333333333332,0.0011926058437686344,0.0022259321090706734,0.16999999999999998,20,2,3
0.6666666666666666,0.0,0.0,0.16999999999999998,20,2,5
0.33789954337899547,0.0005963029218843172,0.0010548523206751054,0.16999999999999998,20,2,2
0.6666666666666666,0.0,0.0,0.16999999999999998,20,2,4
0.006633499170812604,0.0011926058437686344,0.0020217336365933787,0.16999999999999998,20,1,1
0.6833333333333332,0.0011926058437686344,0.0022259321090706734,0.16999999999999998,20,3,3
0.006633499170812604,0.0011926058437686344,0.0020217336365933787,0.16999999999999998,20,2,1
0.6666666666666666,0.0,0.0,0.16999999999999998,20,3,4
0.6666666666666666,0.0,0.0,0.16999999999999998,20,3,5
0.33789954337899547,0.0005963029218843172,0.0010548523206751054,0.16999999999999998,20,3,2
0.6833333333333332,0.0011926058437686344,0.0022259321090706734,0.16999999999999998,20,4,3
0.6666666666666666,0.0,0.0,0.16999999999999998,20,4,4
0.6666666666666666,0.0,0.0,0.16999999999999998,20,4,5
0.3395348837209302,0.0011926058437686344,0.002000500125031258,0.16999999999999998,20,3,1
0.33789954337899547,0.0005963029218843172,0.0010548523206751054,0.16999999999999998,20,4,2
0.6666666666666666,0.0,0.0,0.16999999999999998,20,5,4
0.6666666666666666,0.0,0.0,0.16999999999999998,20,5,5
0.6833333333333332,0.0011926058437686344,0.0022259321090706734,0.16999999999999998,20,5,3
0.3395348837209302,0.0011926058437686344,0.002000500125031258,0.16999999999999998,20,4,1
0.3411458333333333,0.0008944543828264757,0.0016051364365971107,0.16999999999999998,20,5,2
0.6833333333333332,0.0011926058437686344,0.0022259321090706734,0.16999999999999998,20,6,3
0.6666666666666666,0.0,0.0,0.16999999999999998,20,6,4
0.336734693877551,0.0005963029218843172,0.0010147133434804667,0.16999999999999998,20,5,1
0.3411458333333333,0.0008944543828264757,0.0016051364365971107,0.16999999999999998,20,6,2
0.6666666666666666,0.0,0.0,0.16999999999999998,20,6,5
0.336734693877551,0.0005963029218843172,0.0010147133434804667,0.16999999999999998,20,6,1
0.6666666666666666,0.0,0.0,0.16999999999999998,20,7,5
0.6833333333333332,0.0011926058437686344,0.0022259321090706734,0.16999999999999998,20,7,3
0.6666666666666666,0.0,0.0,0.16999999999999998,20,7,4
0.3411458333333333,0.0008944543828264757,0.0016051364365971107,0.16999999999999998,20,7,2
0.6833333333333332,0.0011926058437686344,0.0022259321090706734,0.16999999999999998,20,8,3
0.6666666666666666,0.0,0.0,0.16999999999999998,20,8,5
0.6666666666666666,0.0,0.0,0.16999999999999998,20,8,4
0.3387096774193548,0.0008952551477170995,0.0015349194167306216,0.16999999999999998,20,7,1
0.3411458333333333,0.0008944543828264757,0.0016051364365971107,0.16999999999999998,20,8,2
0.3461538461538462,0.0005963029218843172,0.0011396011396011397,0.16999999999999998,20,9,3
0.6666666666666666,0.0,0.0,0.16999999999999998,20,9,5
0.6666666666666666,0.0,0.0,0.16999999999999998,20,9,4
0.3387096774193548,0.0008952551477170995,0.0015349194167306216,0.16999999999999998,20,8,1
0.6732673267326733,0.0005963029218843172,0.00109379272627837,0.16999999999999998,20,9,2
0.3461538461538462,0.0005963029218843172,0.0011396011396011397,0.16999999999999998,20,10,3
0.3373493975903614,0.000596836765144733,0.0010392309690828788,0.16999999999999998,20,9,1
0.6666666666666666,0.0,0.0,0.16999999999999998,20,10,4
0.6666666666666666,0.0,0.0,0.16999999999999998,20,10,5
0.6732673267326733,0.0005963029218843172,0.00109379272627837,0.16999999999999998,20,10,2
0.3461538461538462,0.0005963029218843172,0.0011396011396011397,0.16999999999999998,20,11,3
0.6666666666666666,0.0,0.0,0.16999999999999998,20,11,5
0.3373493975903614,0.000596836765144733,0.0010392309690828788,0.16999999999999998,20,10,1
0.6666666666666666,0.0,0.0,0.16999999999999998,20,11,4
0.6732673267326733,0.0005963029218843172,0.00109379272627837,0.16999999999999998,20,11,2
0.6833333333333332,0.0011926058437686344,0.0022259321090706734,0.16999999999999998,21,1,3
0.6666666666666666,0.0,0.0,0.16999999999999998,21,1,4
0.6666666666666666,0.0,0.0,0.16999999999999998,21,1,5
0.33884297520661155,0.0005963029218843172,0.0010761366693570083,0.16999999999999998,21,1,2
0.006622516556291391,0.0008992805755395684,0.0015835312747426763,0.16999999999999998,20,11,1
0.6666666666666666,0.0,0.0,0.16999999999999998,21,2,4
0.6833333333333332,0.0011926058437686344,0.0022259321090706734,0.16999999999999998,21,2,3
0.6666666666666666,0.0,0.0,0.16999999999999998,21,2,5
0.33884297520661155,0.0005963029218843172,0.0010761366693570083,0.16999999999999998,21,2,2
0.0058823529411764705,0.0008944543828264757,0.0015527950310559003,0.16999999999999998,21,1,1
0.6833333333333332,0.0011926058437686344,0.0022259321090706734,0.16999999999999998,21,3,3
0.6666666666666666,0.0,0.0,0.16999999999999998,21,3,5
0.6666666666666666,0.0,0.0,0.16999999999999998,21,3,4
0.33884297520661155,0.0005963029218843172,0.0010761366693570083,0.16999999999999998,21,3,2
0.0058823529411764705,0.0008944543828264757,0.0015527950310559003,0.16999999999999998,21,2,1
0.3386243386243386,0.0008944543828264757,0.0015302218821729148,0.16999999999999998,21,3,1
0.6666666666666666,0.0,0.0,0.16999999999999998,21,4,4
0.6833333333333332,0.0011926058437686344,0.0022259321090706734,0.16999999999999998,21,4,3
0.6666666666666666,0.0,0.0,0.16999999999999998,21,4,5
0.33884297520661155,0.0005963029218843172,0.0010761366693570083,0.16999999999999998,21,4,2
0.6833333333333332,0.0011926058437686344,0.0022259321090706734,0.16999999999999998,21,5,3
0.6666666666666666,0.0,0.0,0.16999999999999998,21,5,5
0.3420289855072464,0.0008944543828264757,0.0016220600162206002,0.16999999999999998,21,5,2
0.6666666666666666,0.0,0.0,0.16999999999999998,21,5,4
0.3386243386243386,0.0008944543828264757,0.0015302218821729148,0.16999999999999998,21,4,1
0.6833333333333332,0.0011926058437686344,0.0022259321090706734,0.16999999999999998,21,6,3
0.6666666666666666,0.0,0.0,0.16999999999999998,21,6,4
0.6666666666666666,0.0,0.0,0.16999999999999998,21,6,5
0.33699633699633696,0.0005963029218843172,0.0010256410256410259,0.16999999999999998,21,5,1
0.3420289855072464,0.0008944543828264757,0.0016220600162206002,0.16999999999999998,21,6,2
0.6666666666666666,0.0,0.0,0.16999999999999998,21,7,4
0.6666666666666666,0.0,0.0,0.16999999999999998,21,7,5
0.6833333333333332,0.0011926058437686344,0.0022259321090706734,0.16999999999999998,21,7,3
0.33699633699633696,0.0005963029218843172,0.0010256410256410259,0.16999999999999998,21,6,1
0.3420289855072464,0.0008944543828264757,0.0016220600162206002,0.16999999999999998,21,7,2
0.6833333333333332,0.0011926058437686344,0.0022259321090706734,0.16999999999999998,21,8,3
0.3391472868217054,0.0008952551477170995,0.0015515903801396433,0.16999999999999998,21,7,1
0.6666666666666666,0.0,0.0,0.16999999999999998,21,8,5
0.6666666666666666,0.0,0.0,0.16999999999999998,21,8,4
0.3420289855072464,0.0008944543828264757,0.0016220600162206002,0.16999999999999998,21,8,2
0.3461538461538462,0.0005963029218843172,0.0011396011396011397,0.16999999999999998,21,9,3
0.3391472868217054,0.0008952551477170995,0.0015515903801396433,0.16999999999999998,21,8,1
0.6739926739926739,0.0005963029218843172,0.0011028398125172319,0.16999999999999998,21,9,2
0.6666666666666666,0.0,0.0,0.16999999999999998,21,9,4
0.6666666666666666,0.0,0.0,0.16999999999999998,21,9,5
0.6666666666666666,0.0,0.0,0.16999999999999998,21,10,5
0.3461538461538462,0.0005963029218843172,0.0011396011396011397,0.16999999999999998,21,10,3
0.6666666666666666,0.0,0.0,0.16999999999999998,21,10,4
0.3377777777777778,0.000596836765144733,0.0010523546435148646,0.16999999999999998,21,9,1
0.6739926739926739,0.0005963029218843172,0.0011028398125172319,0.16999999999999998,21,10,2
0.3461538461538462,0.0005963029218843172,0.0011396011396011397,0.16999999999999998,21,11,3
0.6666666666666666,0.0,0.0,0.16999999999999998,21,11,5
0.6666666666666666,0.0,0.0,0.16999999999999998,21,11,4
0.3377777777777778,0.000596836765144733,0.0010523546435148646,0.16999999999999998,21,10,1
0.6739926739926739,0.0005963029218843172,0.0011028398125172319,0.16999999999999998,21,11,2
0.0070921985815602835,0.0008992805755395684,0.0015961691939345571,0.16999999999999998,21,11,1
0.6666666666666666,0.0,0.0,0.16999999999999998,22,1,5
0.6833333333333332,0.0011926058437686344,0.0022259321090706734,0.16999999999999998,22,1,3
0.6666666666666666,0.0,0.0,0.16999999999999998,22,1,4
0.33884297520661155,0.0005963029218843172,0.0010761366693570083,0.16999999999999998,22,1,2
0.6833333333333332,0.0011926058437686344,0.0022259321090706734,0.16999999999999998,22,2,3
0.6666666666666666,0.0,0.0,0.16999999999999998,22,2,5
0.33884297520661155,0.0005963029218843172,0.0010761366693570083,0.16999999999999998,22,2,2
0.6666666666666666,0.0,0.0,0.16999999999999998,22,2,4
0.0058823529411764705,0.0008944543828264757,0.0015527950310559003,0.16999999999999998,22,1,1
0.6666666666666666,0.0,0.0,0.16999999999999998,22,3,5
0.0058823529411764705,0.0008944543828264757,0.0015527950310559003,0.16999999999999998,22,2,1
0.6666666666666666,0.0,0.0,0.16999999999999998,22,3,4
0.6833333333333332,0.0011926058437686344,0.0022259321090706734,0.16999999999999998,22,3,3
0.33884297520661155,0.0005963029218843172,0.0010761366693570083,0.16999999999999998,22,3,2
0.6833333333333332,0.0011926058437686344,0.0022259321090706734,0.16999999999999998,22,4,3
0.6666666666666666,0.0,0.0,0.16999999999999998,22,4,5
0.6666666666666666,0.0,0.0,0.16999999999999998,22,4,4
0.3386243386243386,0.0008944543828264757,0.0015302218821729148,0.16999999999999998,22,3,1
0.33884297520661155,0.0005963029218843172,0.0010761366693570083,0.16999999999999998,22,4,2
0.6833333333333332,0.0011926058437686344,0.0022259321090706734,0.16999999999999998,22,5,3
0.3420289855072464,0.0008944543828264757,0.0016220600162206002,0.16999999999999998,22,5,2
0.6666666666666666,0.0,0.0,0.16999999999999998,22,5,5
0.3386243386243386,0.0008944543828264757,0.0015302218821729148,0.16999999999999998,22,4,1
0.6666666666666666,0.0,0.0,0.16999999999999998,22,5,4
0.33699633699633696,0.0005963029218843172,0.0010256410256410259,0.16999999999999998,22,5,1
0.6666666666666666,0.0,0.0,0.16999999999999998,22,6,4
0.6666666666666666,0.0,0.0,0.16999999999999998,22,6,5
0.6833333333333332,0.0011926058437686344,0.0022259321090706734,0.16999999999999998,22,6,3
0.3420289855072464,0.0008944543828264757,0.0016220600162206002,0.16999999999999998,22,6,2
0.6666666666666666,0.0,0.0,0.16999999999999998,22,7,5
0.6666666666666666,0.0,0.0,0.16999999999999998,22,7,4
0.3420289855072464,0.0008944543828264757,0.0016220600162206002,0.16999999999999998,22,7,2
0.33699633699633696,0.0005963029218843172,0.0010256410256410259,0.16999999999999998,22,6,1
0.6833333333333332,0.0011926058437686344,0.0022259321090706734,0.16999999999999998,22,7,3
0.6666666666666666,0.0,0.0,0.16999999999999998,22,8,4
0.6833333333333332,0.0011926058437686344,0.0022259321090706734,0.16999999999999998,22,8,3
0.6666666666666666,0.0,0.0,0.16999999999999998,22,8,5
0.3391472868217054,0.0008952551477170995,0.0015515903801396433,0.16999999999999998,22,7,1
0.3420289855072464,0.0008944543828264757,0.0016220600162206002,0.16999999999999998,22,8,2
0.3461538461538462,0.0005963029218843172,0.0011396011396011397,0.16999999999999998,22,9,3
0.6666666666666666,0.0,0.0,0.16999999999999998,22,9,4
0.6666666666666666,0.0,0.0,0.16999999999999998,22,9,5
0.3391472868217054,0.0008952551477170995,0.0015515903801396433,0.16999999999999998,22,8,1
0.6739926739926739,0.0005963029218843172,0.0011028398125172319,0.16999999999999998,22,9,2
0.3461538461538462,0.0005963029218843172,0.0011396011396011397,0.16999999999999998,22,10,3
0.3377777777777778,0.000596836765144733,0.0010523546435148646,0.16999999999999998,22,9,1
0.6666666666666666,0.0,0.0,0.16999999999999998,22,10,5
0.6666666666666666,0.0,0.0,0.16999999999999998,22,10,4
0.6739926739926739,0.0005963029218843172,0.0011028398125172319,0.16999999999999998,22,10,2
0.3377777777777778,0.000596836765144733,0.0010523546435148646,0.16999999999999998,22,10,1
0.3461538461538462,0.0005963029218843172,0.0011396011396011397,0.16999999999999998,22,11,3
0.6666666666666666,0.0,0.0,0.16999999999999998,22,11,4
0.6666666666666666,0.0,0.0,0.16999999999999998,22,11,5
0.6739926739926739,0.0005963029218843172,0.0011028398125172319,0.16999999999999998,22,11,2
0.6666666666666666,0.0,0.0,0.16999999999999998,23,1,5
0.6666666666666666,0.0,0.0,0.16999999999999998,23,1,4
0.0070921985815602835,0.0008992805755395684,0.0015961691939345571,0.16999999999999998,22,11,1
0.6833333333333332,0.0011926058437686344,0.0022259321090706734,0.16999999999999998,23,1,3
0.33884297520661155,0.0005963029218843172,0.0010761366693570083,0.16999999999999998,23,1,2
0.6833333333333332,0.0011926058437686344,0.0022259321090706734,0.16999999999999998,23,2,3
0.6666666666666666,0.0,0.0,0.16999999999999998,23,2,5
0.6666666666666666,0.0,0.0,0.16999999999999998,23,2,4
0.33884297520661155,0.0005963029218843172,0.0010761366693570083,0.16999999999999998,23,2,2
0.0064516129032258064,0.0008944543828264757,0.0015710919088766692,0.16999999999999998,23,1,1
0.6833333333333332,0.0011926058437686344,0.0022259321090706734,0.16999999999999998,23,3,3
0.33884297520661155,0.0005963029218843172,0.0010761366693570083,0.16999999999999998,23,3,2
0.6666666666666666,0.0,0.0,0.16999999999999998,23,3,5
0.6666666666666666,0.0,0.0,0.16999999999999998,23,3,4
0.0064516129032258064,0.0008944543828264757,0.0015710919088766692,0.16999999999999998,23,2,1
0.6833333333333332,0.0011926058437686344,0.0022259321090706734,0.16999999999999998,23,4,3
0.33918128654970764,0.0008944543828264757,0.001551590380139643,0.16999999999999998,23,3,1
0.6666666666666666,0.0,0.0,0.16999999999999998,23,4,5
0.33884297520661155,0.0005963029218843172,0.0010761366693570083,0.16999999999999998,23,4,2
0.6666666666666666,0.0,0.0,0.16999999999999998,23,4,4
0.6833333333333332,0.0011926058437686344,0.0022259321090706734,0.16999999999999998,23,5,3
0.6666666666666666,0.0,0.0,0.16999999999999998,23,5,4
0.33918128654970764,0.0008944543828264757,0.001551590380139643,0.16999999999999998,23,4,1
0.6666666666666666,0.0,0.0,0.16999999999999998,23,5,5
0.3420289855072464,0.0008944543828264757,0.0016220600162206002,0.16999999999999998,23,5,2
0.6666666666666666,0.0,0.0,0.16999999999999998,23,6,5
0.6833333333333332,0.0011926058437686344,0.0022259321090706734,0.16999999999999998,23,6,3
0.33727810650887574,0.0005963029218843172,0.001036001036001036,0.16999999999999998,23,5,1
0.6666666666666666,0.0,0.0,0.16999999999999998,23,6,4
0.3420289855072464,0.0008944543828264757,0.0016220600162206002,0.16999999999999998,23,6,2
0.6666666666666666,0.0,0.0,0.16999999999999998,23,7,4
0.6833333333333332,0.0011926058437686344,0.0022259321090706734,0.16999999999999998,23,7,3
0.6666666666666666,0.0,0.0,0.16999999999999998,23,7,5
0.33727810650887574,0.0005963029218843172,0.001036001036001036,0.16999999999999998,23,6,1
0.3420289855072464,0.0008944543828264757,0.0016220600162206002,0.16999999999999998,23,7,2
0.6833333333333332,0.0011926058437686344,0.0022259321090706734,0.16999999999999998,23,8,3
0.6666666666666666,0.0,0.0,0.16999999999999998,23,8,5
0.33954451345755693,0.0008952551477170995,0.001564945226917058,0.16999999999999998,23,7,1
0.6666666666666666,0.0,0.0,0.16999999999999998,23,8,4
0.3420289855072464,0.0008944543828264757,0.0016220600162206002,0.16999999999999998,23,8,2
0.3461538461538462,0.0005963029218843172,0.0011396011396011397,0.16999999999999998,23,9,3
0.33954451345755693,0.0008952551477170995,0.001564945226917058,0.16999999999999998,23,8,1
0.6739926739926739,0.0005963029218843172,0.0011028398125172319,0.16999999999999998,23,9,2
0.6666666666666666,0.0,0.0,0.16999999999999998,23,9,5
0.6666666666666666,0.0,0.0,0.16999999999999998,23,9,4
0.3461538461538462,0.0005963029218843172,0.0011396011396011397,0.16999999999999998,23,10,3
0.33809523809523806,0.000596836765144733,0.0010607265977194379,0.16999999999999998,23,9,1
0.6666666666666666,0.0,0.0,0.16999999999999998,23,10,5
0.6739926739926739,0.0005963029218843172,0.0011028398125172319,0.16999999999999998,23,10,2
0.6666666666666666,0.0,0.0,0.16999999999999998,23,10,4
0.3461538461538462,0.0005963029218843172,0.0011396011396011397,0.16999999999999998,23,11,3
0.6666666666666666,0.0,0.0,0.16999999999999998,23,11,5
0.6666666666666666,0.0,0.0,0.16999999999999998,23,11,4
0.33809523809523806,0.000596836765144733,0.0010607265977194379,0.16999999999999998,23,10,1
0.6739926739926739,0.0005963029218843172,0.0011028398125172319,0.16999999999999998,23,11,2
0.6833333333333332,0.0011926058437686344,0.0022259321090706734,0.16999999999999998,24,1,3
0.6666666666666666,0.0,0.0,0.16999999999999998,24,1,4
0.6666666666666666,0.0,0.0,0.16999999999999998,24,1,5
0.007462686567164179,0.0008992805755395684,0.001605136436597111,0.16999999999999998,23,11,1
0.33884297520661155,0.0005963029218843172,0.0010761366693570083,0.16999999999999998,24,1,2
0.6666666666666666,0.0,0.0,0.16999999999999998,24,2,4
0.6833333333333332,0.0011926058437686344,0.0022259321090706734,0.16999999999999998,24,2,3
0.6666666666666666,0.0,0.0,0.16999999999999998,24,2,5
0.0064516129032258064,0.0008944543828264757,0.0015710919088766692,0.16999999999999998,24,1,1
0.33884297520661155,0.0005963029218843172,0.0010761366693570083,0.16999999999999998,24,2,2
0.6666666666666666,0.0,0.0,0.16999999999999998,24,3,4
0.6833333333333332,0.0011926058437686344,0.0022259321090706734,0.16999999999999998,24,3,3
0.6666666666666666,0.0,0.0,0.16999999999999998,24,3,5
0.0064516129032258064,0.0008944543828264757,0.0015710919088766692,0.16999999999999998,24,2,1
0.33884297520661155,0.0005963029218843172,0.0010761366693570083,0.16999999999999998,24,3,2
0.6666666666666666,0.0,0.0,0.16999999999999998,24,4,5
0.6833333333333332,0.0011926058437686344,0.0022259321090706734,0.16999999999999998,24,4,3
0.6666666666666666,0.0,0.0,0.16999999999999998,24,4,4
0.33918128654970764,0.0008944543828264757,0.001551590380139643,0.16999999999999998,24,3,1
0.33884297520661155,0.0005963029218843172,0.0010761366693570083,0.16999999999999998,24,4,2
0.6666666666666666,0.0,0.0,0.16999999999999998,24,5,4
0.6833333333333332,0.0011926058437686344,0.0022259321090706734,0.16999999999999998,24,5,3
0.6666666666666666,0.0,0.0,0.16999999999999998,24,5,5
0.3420289855072464,0.0008944543828264757,0.0016220600162206002,0.16999999999999998,24,5,2
0.33918128654970764,0.0008944543828264757,0.001551590380139643,0.16999999999999998,24,4,1
0.6833333333333332,0.0011926058437686344,0.0022259321090706734,0.16999999999999998,24,6,3
0.3420289855072464,0.0008944543828264757,0.0016220600162206002,0.16999999999999998,24,6,2
0.6666666666666666,0.0,0.0,0.16999999999999998,24,6,5
0.6666666666666666,0.0,0.0,0.16999999999999998,24,6,4
0.33727810650887574,0.0005963029218843172,0.001036001036001036,0.16999999999999998,24,5,1
0.6833333333333332,0.0011926058437686344,0.0022259321090706734,0.16999999999999998,24,7,3
0.33727810650887574,0.0005963029218843172,0.001036001036001036,0.16999999999999998,24,6,1
0.3420289855072464,0.0008944543828264757,0.0016220600162206002,0.16999999999999998,24,7,2
0.6666666666666666,0.0,0.0,0.16999999999999998,24,7,4
0.6666666666666666,0.0,0.0,0.16999999999999998,24,7,5
0.33954451345755693,0.0008952551477170995,0.001564945226917058,0.16999999999999998,24,7,1
0.6666666666666666,0.0,0.0,0.16999999999999998,24,8,4
0.6833333333333332,0.0011926058437686344,0.0022259321090706734,0.16999999999999998,24,8,3
0.6666666666666666,0.0,0.0,0.16999999999999998,24,8,5
0.3420289855072464,0.0008944543828264757,0.0016220600162206002,0.16999999999999998,24,8,2
0.6666666666666666,0.0,0.0,0.16999999999999998,24,9,5
0.3461538461538462,0.0005963029218843172,0.0011396011396011397,0.16999999999999998,24,9,3
0.6666666666666666,0.0,0.0,0.16999999999999998,24,9,4
0.33954451345755693,0.0008952551477170995,0.001564945226917058,0.16999999999999998,24,8,1
0.6739926739926739,0.0005963029218843172,0.0011028398125172319,0.16999999999999998,24,9,2
0.6666666666666666,0.0,0.0,0.16999999999999998,24,10,4
0.3461538461538462,0.0005963029218843172,0.0011396011396011397,0.16999999999999998,24,10,3
0.33809523809523806,0.000596836765144733,0.0010607265977194379,0.16999999999999998,24,9,1
0.6666666666666666,0.0,0.0,0.16999999999999998,24,10,5
0.6739926739926739,0.0005963029218843172,0.0011028398125172319,0.16999999999999998,24,10,2
0.3461538461538462,0.0005963029218843172,0.0011396011396011397,0.16999999999999998,24,11,3
0.6666666666666666,0.0,0.0,0.16999999999999998,24,11,5
0.33809523809523806,0.000596836765144733,0.0010607265977194379,0.16999999999999998,24,10,1
0.6666666666666666,0.0,0.0,0.16999999999999998,24,11,4
0.6739926739926739,0.0005963029218843172,0.0011028398125172319,0.16999999999999998,24,11,2
0.6732456140350876,0.000896057347670251,0.0015772870662460567,0.19666666666666666,1,1,3
0.6666666666666666,0.0,0.0,0.19666666666666666,1,1,5
0.007462686567164179,0.0008992805755395684,0.001605136436597111,0.16999999999999998,24,11,1
0.6666666666666666,0.0,0.0,0.19666666666666666,1,1,4
0.002304147465437788,0.0008944543828264757,0.001288659793814433,0.19666666666666666,1,1,2
0.6732456140350876,0.000896057347670251,0.0015772870662460567,0.19666666666666666,1,2,3
0.6666666666666666,0.0,0.0,0.19666666666666666,1,2,5
0.6666666666666666,0.0,0.0,0.19666666666666666,1,2,4
0.002304147465437788,0.0008944543828264757,0.001288659793814433,0.19666666666666666,1,2,2
0.6666666666666666,0.0,0.0,0.19666666666666666,1,3,4
0.6666666666666666,0.0,0.0,0.19666666666666666,1,3,5
0.6732456140350876,0.000896057347670251,0.0015772870662460567,0.19666666666666666,1,3,3
0.0009149130832570906,0.0008976660682226212,0.0009062075215224287,0.19666666666666666,1,1,1
0.002304147465437788,0.0008944543828264757,0.001288659793814433,0.19666666666666666,1,3,2
0.6666666666666666,0.0,0.0,0.19666666666666666,1,4,5
0.6666666666666666,0.0,0.0,0.19666666666666666,1,4,4
0.6732456140350876,0.000896057347670251,0.0015772870662460567,0.19666666666666666,1,4,3
0.002304147465437788,0.0008944543828264757,0.001288659793814433,0.19666666666666666,1,4,2
0.0009149130832570906,0.0008976660682226212,0.0009062075215224287,0.19666666666666666,1,2,1
0.6732456140350876,0.000896057347670251,0.0015772870662460567,0.19666666666666666,1,5,3
0.6666666666666666,0.0,0.0,0.19666666666666666,1,5,5
0.000878348704435661,0.0005984440454817474,0.0007118704395799964,0.19666666666666666,1,3,1
0.6666666666666666,0.0,0.0,0.19666666666666666,1,5,4
0.003773584905660377,0.0008944543828264757,0.0014461315979754155,0.19666666666666666,1,5,2
0.6666666666666666,0.0,0.0,0.19666666666666666,1,6,4
0.000878348704435661,0.0005984440454817474,0.0007118704395799964,0.19666666666666666,1,4,1
0.6666666666666666,0.0,0.0,0.19666666666666666,1,6,5
0.6732456140350876,0.000896057347670251,0.0015772870662460567,0.19666666666666666,1,6,3
0.0006337135614702154,0.0002992220227408737,0.0004065040650406504,0.19666666666666666,1,5,1
0.003773584905660377,0.0008944543828264757,0.0014461315979754155,0.19666666666666666,1,6,2
0.6666666666666666,0.0,0.0,0.19666666666666666,1,7,5
0.6666666666666666,0.0,0.0,0.19666666666666666,1,7,4
0.6732456140350876,0.000896057347670251,0.0015772870662460567,0.19666666666666666,1,7,3
0.0006337135614702154,0.0002992220227408737,0.0004065040650406504,0.19666666666666666,1,6,1
0.6666666666666666,0.0,0.0,0.19666666666666666,1,8,4
0.6666666666666666,0.0,0.0,0.19666666666666666,1,8,5
0.003773584905660377,0.0008944543828264757,0.0014461315979754155,0.19666666666666666,1,7,2
0.6732456140350876,0.000896057347670251,0.0015772870662460567,0.19666666666666666,1,8,3
0.0008771929824561404,0.0002981514609421586,0.0004450378282153983,0.19666666666666666,1,7,1
0.6666666666666666,0.0,0.0,0.19666666666666666,1,9,5
0.6666666666666666,0.0,0.0,0.19666666666666666,1,9,4
0.003773584905660377,0.0008944543828264757,0.0014461315979754155,0.19666666666666666,1,8,2
0.34057971014492755,0.0005963029218843172,0.0011019283746556473,0.19666666666666666,1,9,3
0.0008771929824561404,0.0002981514609421586,0.0004450378282153983,0.19666666666666666,1,8,1
0.33699633699633696,0.000596836765144733,0.0010264305876315114,0.19666666666666666,1,9,2
0.6666666666666666,0.0,0.0,0.19666666666666666,1,10,5
0.6666666666666666,0.0,0.0,0.19666666666666666,1,10,4
0.34057971014492755,0.0005963029218843172,0.0011019283746556473,0.19666666666666666,1,10,3
0.33699633699633696,0.000596836765144733,0.0010264305876315114,0.19666666666666666,1,10,2
0.0012578616352201257,0.0002981514609421586,0.00048204386599180526,0.19666666666666666,1,9,1
0.6666666666666666,0.0,0.0,0.19666666666666666,1,11,4
0.34057971014492755,0.0005963029218843172,0.0011019283746556473,0.19666666666666666,1,11,3
0.6666666666666666,0.0,0.0,0.19666666666666666,1,11,5
0.0012578616352201257,0.0002981514609421586,0.00048204386599180526,0.19666666666666666,1,10,1
0.33699633699633696,0.000596836765144733,0.0010264305876315114,0.19666666666666666,1,11,2
0.6666666666666666,0.0,0.0,0.19666666666666666,2,1,5
0.6666666666666666,0.0,0.0,0.19666666666666666,2,1,4
0.0015220700152207,0.0002981514609421586,0.0004986287708800798,0.19666666666666666,1,11,1
0.6732456140350876,0.000896057347670251,0.0015772870662460567,0.19666666666666666,2,1,3
0.6666666666666666,0.0,0.0,0.19666666666666666,2,2,5
0.002304147465437788,0.0008944543828264757,0.001288659793814433,0.19666666666666666,2,1,2
0.6666666666666666,0.0,0.0,0.19666666666666666,2,2,4
0.6732456140350876,0.000896057347670251,0.0015772870662460567,0.19666666666666666,2,2,3
0.002304147465437788,0.0008944543828264757,0.001288659793814433,0.19666666666666666,2,2,2
0.6666666666666666,0.0,0.0,0.19666666666666666,2,3,4
0.6666666666666666,0.0,0.0,0.19666666666666666,2,3,5
0.6732456140350876,0.000896057347670251,0.0015772870662460567,0.19666666666666666,2,3,3
0.0009149130832570906,0.0008976660682226212,0.0009062075215224287,0.19666666666666666,2,1,1
0.6666666666666666,0.0,0.0,0.19666666666666666,2,4,5
0.6666666666666666,0.0,0.0,0.19666666666666666,2,4,4
0.6732456140350876,0.000896057347670251,0.0015772870662460567,0.19666666666666666,2,4,3
0.002304147465437788,0.0008944543828264757,0.001288659793814433,0.19666666666666666,2,3,2
0.0009149130832570906,0.0008976660682226212,0.0009062075215224287,0.19666666666666666,2,2,1
0.002304147465437788,0.0008944543828264757,0.001288659793814433,0.19666666666666666,2,4,2
0.6732456140350876,0.000896057347670251,0.0015772870662460567,0.19666666666666666,2,5,3
0.000878348704435661,0.0005984440454817474,0.0007118704395799964,0.19666666666666666,2,3,1
0.6666666666666666,0.0,0.0,0.19666666666666666,2,5,5
0.6666666666666666,0.0,0.0,0.19666666666666666,2,5,4
0.003773584905660377,0.0008944543828264757,0.0014461315979754155,0.19666666666666666,2,5,2
0.6666666666666666,0.0,0.0,0.19666666666666666,2,6,5
0.6666666666666666,0.0,0.0,0.19666666666666666,2,6,4
0.000878348704435661,0.0005984440454817474,0.0007118704395799964,0.19666666666666666,2,4,1
0.6732456140350876,0.000896057347670251,0.0015772870662460567,0.19666666666666666,2,6,3
0.0006337135614702154,0.0002992220227408737,0.0004065040650406504,0.19666666666666666,2,5,1
0.003773584905660377,0.0008944543828264757,0.0014461315979754155,0.19666666666666666,2,6,2
0.6666666666666666,0.0,0.0,0.19666666666666666,2,7,4
0.6666666666666666,0.0,0.0,0.19666666666666666,2,7,5
0.0006337135614702154,0.0002992220227408737,0.0004065040650406504,0.19666666666666666,2,6,1
0.6732456140350876,0.000896057347670251,0.0015772870662460567,0.19666666666666666,2,7,3
0.003773584905660377,0.0008944543828264757,0.0014461315979754155,0.19666666666666666,2,7,2
0.6666666666666666,0.0,0.0,0.19666666666666666,2,8,5
0.6666666666666666,0.0,0.0,0.19666666666666666,2,8,4
0.0008771929824561404,0.0002981514609421586,0.0004450378282153983,0.19666666666666666,2,7,1
0.6732456140350876,0.000896057347670251,0.0015772870662460567,0.19666666666666666,2,8,3
0.6666666666666666,0.0,0.0,0.19666666666666666,2,9,5
0.6666666666666666,0.0,0.0,0.19666666666666666,2,9,4
0.003773584905660377,0.0008944543828264757,0.0014461315979754155,0.19666666666666666,2,8,2
0.34057971014492755,0.0005963029218843172,0.0011019283746556473,0.19666666666666666,2,9,3
0.0008771929824561404,0.0002981514609421586,0.0004450378282153983,0.19666666666666666,2,8,1
0.6666666666666666,0.0,0.0,0.19666666666666666,2,10,4
0.33699633699633696,0.000596836765144733,0.0010264305876315114,0.19666666666666666,2,9,2
0.6666666666666666,0.0,0.0,0.19666666666666666,2,10,5
0.34057971014492755,0.0005963029218843172,0.0011019283746556473,0.19666666666666666,2,10,3
0.0012578616352201257,0.0002981514609421586,0.00048204386599180526,0.19666666666666666,2,9,1
0.33699633699633696,0.000596836765144733,0.0010264305876315114,0.19666666666666666,2,10,2
0.34057971014492755,0.0005963029218843172,0.0011019283746556473,0.19666666666666666,2,11,3
0.0012578616352201257,0.0002981514609421586,0.00048204386599180526,0.19666666666666666,2,10,1
0.6666666666666666,0.0,0.0,0.19666666666666666,2,11,5
0.6666666666666666,0.0,0.0,0.19666666666666666,2,11,4
0.33699633699633696,0.000596836765144733,0.0010264305876315114,0.19666666666666666,2,11,2
0.6666666666666666,0.0,0.0,0.19666666666666666,3,1,5
0.6666666666666666,0.0,0.0,0.19666666666666666,3,1,4
0.0015220700152207,0.0002981514609421586,0.0004986287708800798,0.19666666666666666,2,11,1
0.6732456140350876,0.000896057347670251,0.0015772870662460567,0.19666666666666666,3,1,3
0.6666666666666666,0.0,0.0,0.19666666666666666,3,2,4
0.6666666666666666,0.0,0.0,0.19666666666666666,3,2,5
0.002304147465437788,0.0008944543828264757,0.001288659793814433,0.19666666666666666,3,1,2
0.6732456140350876,0.000896057347670251,0.0015772870662460567,0.19666666666666666,3,2,3
0.6666666666666666,0.0,0.0,0.19666666666666666,3,3,5
0.6666666666666666,0.0,0.0,0.19666666666666666,3,3,4
0.002304147465437788,0.0008944543828264757,0.001288659793814433,0.19666666666666666,3,2,2
0.6732456140350876,0.000896057347670251,0.0015772870662460567,0.19666666666666666,3,3,3
0.0009149130832570906,0.0008976660682226212,0.0009062075215224287,0.19666666666666666,3,1,1
0.6666666666666666,0.0,0.0,0.19666666666666666,3,4,4
0.002304147465437788,0.0008944543828264757,0.001288659793814433,0.19666666666666666,3,3,2
0.6732456140350876,0.000896057347670251,0.0015772870662460567,0.19666666666666666,3,4,3
0.6666666666666666,0.0,0.0,0.19666666666666666,3,4,5
0.0009149130832570906,0.0008976660682226212,0.0009062075215224287,0.19666666666666666,3,2,1
0.002304147465437788,0.0008944543828264757,0.001288659793814433,0.19666666666666666,3,4,2
0.6666666666666666,0.0,0.0,0.19666666666666666,3,5,4
0.6666666666666666,0.0,0.0,0.19666666666666666,3,5,5
0.6732456140350876,0.000896057347670251,0.0015772870662460567,0.19666666666666666,3,5,3
0.000878348704435661,0.0005984440454817474,0.0007118704395799964,0.19666666666666666,3,3,1
0.003773584905660377,0.0008944543828264757,0.0014461315979754155,0.19666666666666666,3,5,2
0.000878348704435661,0.0005984440454817474,0.0007118704395799964,0.19666666666666666,3,4,1
0.6666666666666666,0.0,0.0,0.19666666666666666,3,6,5
0.6666666666666666,0.0,0.0,0.19666666666666666,3,6,4
0.6732456140350876,0.000896057347670251,0.0015772870662460567,0.19666666666666666,3,6,3
0.0006337135614702154,0.0002992220227408737,0.0004065040650406504,0.19666666666666666,3,5,1
0.003773584905660377,0.0008944543828264757,0.0014461315979754155,0.19666666666666666,3,6,2
0.6666666666666666,0.0,0.0,0.19666666666666666,3,7,4
0.6666666666666666,0.0,0.0,0.19666666666666666,3,7,5
0.6732456140350876,0.000896057347670251,0.0015772870662460567,0.19666666666666666,3,7,3
0.0006337135614702154,0.0002992220227408737,0.0004065040650406504,0.19666666666666666,3,6,1
0.003773584905660377,0.0008944543828264757,0.0014461315979754155,0.19666666666666666,3,7,2
0.6666666666666666,0.0,0.0,0.19666666666666666,3,8,5
0.6666666666666666,0.0,0.0,0.19666666666666666,3,8,4
0.6732456140350876,0.000896057347670251,0.0015772870662460567,0.19666666666666666,3,8,3
0.0008771929824561404,0.0002981514609421586,0.0004450378282153983,0.19666666666666666,3,7,1
0.003773584905660377,0.0008944543828264757,0.0014461315979754155,0.19666666666666666,3,8,2
0.6666666666666666,0.0,0.0,0.19666666666666666,3,9,5
0.6666666666666666,0.0,0.0,0.19666666666666666,3,9,4
0.34057971014492755,0.0005963029218843172,0.0011019283746556473,0.19666666666666666,3,9,3
0.33699633699633696,0.000596836765144733,0.0010264305876315114,0.19666666666666666,3,9,2
0.0008771929824561404,0.0002981514609421586,0.0004450378282153983,0.19666666666666666,3,8,1
0.34057971014492755,0.0005963029218843172,0.0011019283746556473,0.19666666666666666,3,10,3
0.6666666666666666,0.0,0.0,0.19666666666666666,3,10,5
0.6666666666666666,0.0,0.0,0.19666666666666666,3,10,4
0.0012578616352201257,0.0002981514609421586,0.00048204386599180526,0.19666666666666666,3,9,1
0.33699633699633696,0.000596836765144733,0.0010264305876315114,0.19666666666666666,3,10,2
0.6666666666666666,0.0,0.0,0.19666666666666666,3,11,5
0.6666666666666666,0.0,0.0,0.19666666666666666,3,11,4
0.34057971014492755,0.0005963029218843172,0.0011019283746556473,0.19666666666666666,3,11,3
0.0012578616352201257,0.0002981514609421586,0.00048204386599180526,0.19666666666666666,3,10,1
0.33699633699633696,0.000596836765144733,0.0010264305876315114,0.19666666666666666,3,11,2
0.6732456140350876,0.000896057347670251,0.0015772870662460567,0.19666666666666666,4,1,3
0.6666666666666666,0.0,0.0,0.19666666666666666,4,1,5
0.0015220700152207,0.0002981514609421586,0.0004986287708800798,0.19666666666666666,3,11,1
0.6666666666666666,0.0,0.0,0.19666666666666666,4,1,4
0.6666666666666666,0.0,0.0,0.19666666666666666,4,2,5
0.002304147465437788,0.0008944543828264757,0.001288659793814433,0.19666666666666666,4,1,2
0.6666666666666666,0.0,0.0,0.19666666666666666,4,2,4
0.6732456140350876,0.000896057347670251,0.0015772870662460567,0.19666666666666666,4,2,3
0.002304147465437788,0.0008944543828264757,0.001288659793814433,0.19666666666666666,4,2,2
0.6666666666666666,0.0,0.0,0.19666666666666666,4,3,5
0.6666666666666666,0.0,0.0,0.19666666666666666,4,3,4
0.6732456140350876,0.000896057347670251,0.0015772870662460567,0.19666666666666666,4,3,3
0.0009149130832570906,0.0008976660682226212,0.0009062075215224287,0.19666666666666666,4,1,1
0.6666666666666666,0.0,0.0,0.19666666666666666,4,4,5
0.6666666666666666,0.0,0.0,0.19666666666666666,4,4,4
0.002304147465437788,0.0008944543828264757,0.001288659793814433,0.19666666666666666,4,3,2
0.6732456140350876,0.000896057347670251,0.0015772870662460567,0.19666666666666666,4,4,3
0.0009149130832570906,0.0008976660682226212,0.0009062075215224287,0.19666666666666666,4,2,1
0.002304147465437788,0.0008944543828264757,0.001288659793814433,0.19666666666666666,4,4,2
0.000878348704435661,0.0005984440454817474,0.0007118704395799964,0.19666666666666666,4,3,1
0.6666666666666666,0.0,0.0,0.19666666666666666,4,5,5
0.6666666666666666,0.0,0.0,0.19666666666666666,4,5,4
0.003773584905660377,0.0008944543828264757,0.0014461315979754155,0.19666666666666666,4,5,2
0.6732456140350876,0.000896057347670251,0.0015772870662460567,0.19666666666666666,4,5,3
0.6666666666666666,0.0,0.0,0.19666666666666666,4,6,5
0.6666666666666666,0.0,0.0,0.19666666666666666,4,6,4
0.000878348704435661,0.0005984440454817474,0.0007118704395799964,0.19666666666666666,4,4,1
0.0006337135614702154,0.0002992220227408737,0.0004065040650406504,0.19666666666666666,4,5,1
0.6732456140350876,0.000896057347670251,0.0015772870662460567,0.19666666666666666,4,6,3
0.003773584905660377,0.0008944543828264757,0.0014461315979754155,0.19666666666666666,4,6,2
0.6666666666666666,0.0,0.0,0.19666666666666666,4,7,4
0.6666666666666666,0.0,0.0,0.19666666666666666,4,7,5
0.0006337135614702154,0.0002992220227408737,0.0004065040650406504,0.19666666666666666,4,6,1
0.6732456140350876,0.000896057347670251,0.0015772870662460567,0.19666666666666666,4,7,3
0.6666666666666666,0.0,0.0,0.19666666666666666,4,8,4
0.003773584905660377,0.0008944543828264757,0.0014461315979754155,0.19666666666666666,4,7,2
0.6666666666666666,0.0,0.0,0.19666666666666666,4,8,5
0.0008771929824561404,0.0002981514609421586,0.0004450378282153983,0.19666666666666666,4,7,1
0.6732456140350876,0.000896057347670251,0.0015772870662460567,0.19666666666666666,4,8,3
0.003773584905660377,0.0008944543828264757,0.0014461315979754155,0.19666666666666666,4,8,2
0.6666666666666666,0.0,0.0,0.19666666666666666,4,9,5
0.6666666666666666,0.0,0.0,0.19666666666666666,4,9,4
0.34057971014492755,0.0005963029218843172,0.0011019283746556473,0.19666666666666666,4,9,3
0.0008771929824561404,0.0002981514609421586,0.0004450378282153983,0.19666666666666666,4,8,1
0.33699633699633696,0.000596836765144733,0.0010264305876315114,0.19666666666666666,4,9,2
0.6666666666666666,0.0,0.0,0.19666666666666666,4,10,5
0.6666666666666666,0.0,0.0,0.19666666666666666,4,10,4
0.34057971014492755,0.0005963029218843172,0.0011019283746556473,0.19666666666666666,4,10,3
0.0012578616352201257,0.0002981514609421586,0.00048204386599180526,0.19666666666666666,4,9,1
0.33699633699633696,0.000596836765144733,0.0010264305876315114,0.19666666666666666,4,10,2
0.6666666666666666,0.0,0.0,0.19666666666666666,4,11,5
0.34057971014492755,0.0005963029218843172,0.0011019283746556473,0.19666666666666666,4,11,3
0.0012578616352201257,0.0002981514609421586,0.00048204386599180526,0.19666666666666666,4,10,1
0.6666666666666666,0.0,0.0,0.19666666666666666,4,11,4
0.33699633699633696,0.000596836765144733,0.0010264305876315114,0.19666666666666666,4,11,2
0.0015220700152207,0.0002981514609421586,0.0004986287708800798,0.19666666666666666,4,11,1
0.6666666666666666,0.0,0.0,0.19666666666666666,5,1,5
0.6666666666666666,0.0,0.0,0.19666666666666666,5,1,4
0.6732456140350876,0.000896057347670251,0.0015772870662460567,0.19666666666666666,5,1,3
0.6666666666666666,0.0,0.0,0.19666666666666666,5,2,4
0.6666666666666666,0.0,0.0,0.19666666666666666,5,2,5
0.002304147465437788,0.0008944543828264757,0.001288659793814433,0.19666666666666666,5,1,2
0.6732456140350876,0.000896057347670251,0.0015772870662460567,0.19666666666666666,5,2,3
0.002304147465437788,0.0008944543828264757,0.001288659793814433,0.19666666666666666,5,2,2
0.6666666666666666,0.0,0.0,0.19666666666666666,5,3,4
0.6666666666666666,0.0,0.0,0.19666666666666666,5,3,5
0.0013440860215053762,0.0008976660682226212,0.0010764262648008613,0.19666666666666666,5,1,1
0.6732456140350876,0.000896057347670251,0.0015772870662460567,0.19666666666666666,5,3,3
0.0013440860215053762,0.0008976660682226212,0.0010764262648008613,0.19666666666666666,5,2,1
0.6666666666666666,0.0,0.0,0.19666666666666666,5,4,4
0.6666666666666666,0.0,0.0,0.19666666666666666,5,4,5
0.6732456140350876,0.000896057347670251,0.0015772870662460567,0.19666666666666666,5,4,3
0.002304147465437788,0.0008944543828264757,0.001288659793814433,0.19666666666666666,5,3,2
0.002304147465437788,0.0008944543828264757,0.001288659793814433,0.19666666666666666,5,4,2
0.001177856301531213,0.0005984440454817474,0.0007936507936507935,0.19666666666666666,5,3,1
0.6732456140350876,0.000896057347670251,0.0015772870662460567,0.19666666666666666,5,5,3
0.6666666666666666,0.0,0.0,0.19666666666666666,5,5,5
0.6666666666666666,0.0,0.0,0.19666666666666666,5,5,4
0.003773584905660377,0.0008944543828264757,0.0014461315979754155,0.19666666666666666,5,5,2
0.001177856301531213,0.0005984440454817474,0.0007936507936507935,0.19666666666666666,5,4,1
0.6666666666666666,0.0,0.0,0.19666666666666666,5,6,5
0.6666666666666666,0.0,0.0,0.19666666666666666,5,6,4
0.0008481764206955048,0.0002992220227408737,0.00044238000442380006,0.19666666666666666,5,5,1
0.6732456140350876,0.000896057347670251,0.0015772870662460567,0.19666666666666666,5,6,3
0.003773584905660377,0.0008944543828264757,0.0014461315979754155,0.19666666666666666,5,6,2
0.6666666666666666,0.0,0.0,0.19666666666666666,5,7,5
0.6666666666666666,0.0,0.0,0.19666666666666666,5,7,4
0.0008481764206955048,0.0002992220227408737,0.00044238000442380006,0.19666666666666666,5,6,1
0.6732456140350876,0.000896057347670251,0.0015772870662460567,0.19666666666666666,5,7,3
0.6666666666666666,0.0,0.0,0.19666666666666666,5,8,5
0.6666666666666666,0.0,0.0,0.19666666666666666,5,8,4
0.003773584905660377,0.0008944543828264757,0.0014461315979754155,0.19666666666666666,5,7,2
0.0010787486515641857,0.0002981514609421586,0.000467180565288484,0.19666666666666666,5,7,1
0.6732456140350876,0.000896057347670251,0.0015772870662460567,0.19666666666666666,5,8,3
0.6666666666666666,0.0,0.0,0.19666666666666666,5,9,5
0.6666666666666666,0.0,0.0,0.19666666666666666,5,9,4
0.003773584905660377,0.0008944543828264757,0.0014461315979754155,0.19666666666666666,5,8,2
0.0010787486515641857,0.0002981514609421586,0.000467180565288484,0.19666666666666666,5,8,1
0.34057971014492755,0.0005963029218843172,0.0011019283746556473,0.19666666666666666,5,9,3
0.33699633699633696,0.000596836765144733,0.0010264305876315114,0.19666666666666666,5,9,2
0.0015082956259426848,0.0002981514609421586,0.0004978839930296242,0.19666666666666666,5,9,1
0.34057971014492755,0.0005963029218843172,0.0011019283746556473,0.19666666666666666,5,10,3
0.6666666666666666,0.0,0.0,0.19666666666666666,5,10,5
0.6666666666666666,0.0,0.0,0.19666666666666666,5,10,4
0.33699633699633696,0.000596836765144733,0.0010264305876315114,0.19666666666666666,5,10,2
0.34057971014492755,0.0005963029218843172,0.0011019283746556473,0.19666666666666666,5,11,3
0.0015082956259426848,0.0002981514609421586,0.0004978839930296242,0.19666666666666666,5,10,1
0.6666666666666666,0.0,0.0,0.19666666666666666,5,11,5
0.6666666666666666,0.0,0.0,0.19666666666666666,5,11,4
0.33699633699633696,0.000596836765144733,0.0010264305876315114,0.19666666666666666,5,11,2
0.6666666666666666,0.0,0.0,0.19666666666666666,6,1,5
0.6666666666666666,0.0,0.0,0.19666666666666666,6,1,4
0.0018315018315018317,0.0002981514609421586,0.0005128205128205129,0.19666666666666666,5,11,1
0.6732456140350876,0.000896057347670251,0.0015772870662460567,0.19666666666666666,6,1,3
0.6666666666666666,0.0,0.0,0.19666666666666666,6,2,5
0.6666666666666666,0.0,0.0,0.19666666666666666,6,2,4
0.002304147465437788,0.0008944543828264757,0.001288659793814433,0.19666666666666666,6,1,2
0.6732456140350876,0.000896057347670251,0.0015772870662460567,0.19666666666666666,6,2,3
0.002304147465437788,0.0008944543828264757,0.001288659793814433,0.19666666666666666,6,2,2
0.6666666666666666,0.0,0.0,0.19666666666666666,6,3,5
0.6732456140350876,0.000896057347670251,0.0015772870662460567,0.19666666666666666,6,3,3
0.6666666666666666,0.0,0.0,0.19666666666666666,6,3,4
0.0013440860215053762,0.0008976660682226212,0.0010764262648008613,0.19666666666666666,6,1,1
0.002304147465437788,0.0008944543828264757,0.001288659793814433,0.19666666666666666,6,3,2
0.6666666666666666,0.0,0.0,0.19666666666666666,6,4,5
0.0013440860215053762,0.0008976660682226212,0.0010764262648008613,0.19666666666666666,6,2,1
0.6732456140350876,0.000896057347670251,0.0015772870662460567,0.19666666666666666,6,4,3
0.6666666666666666,0.0,0.0,0.19666666666666666,6,4,4
0.001177856301531213,0.0005984440454817474,0.0007936507936507935,0.19666666666666666,6,3,1
0.6732456140350876,0.000896057347670251,0.0015772870662460567,0.19666666666666666,6,5,3
0.002304147465437788,0.0008944543828264757,0.001288659793814433,0.19666666666666666,6,4,2
0.6666666666666666,0.0,0.0,0.19666666666666666,6,5,5
0.003773584905660377,0.0008944543828264757,0.0014461315979754155,0.19666666666666666,6,5,2
0.6666666666666666,0.0,0.0,0.19666666666666666,6,5,4
0.6666666666666666,0.0,0.0,0.19666666666666666,6,6,4
0.0008481764206955048,0.0002992220227408737,0.00044238000442380006,0.19666666666666666,6,5,1
0.001177856301531213,0.0005984440454817474,0.0007936507936507935,0.19666666666666666,6,4,1
0.6666666666666666,0.0,0.0,0.19666666666666666,6,6,5
0.6732456140350876,0.000896057347670251,0.0015772870662460567,0.19666666666666666,6,6,3
0.6666666666666666,0.0,0.0,0.19666666666666666,6,7,5
0.003773584905660377,0.0008944543828264757,0.0014461315979754155,0.19666666666666666,6,6,2
0.6666666666666666,0.0,0.0,0.19666666666666666,6,7,4
0.6732456140350876,0.000896057347670251,0.0015772870662460567,0.19666666666666666,6,7,3
0.0008481764206955048,0.0002992220227408737,0.00044238000442380006,0.19666666666666666,6,6,1
0.003773584905660377,0.0008944543828264757,0.0014461315979754155,0.19666666666666666,6,7,2
0.6666666666666666,0.0,0.0,0.19666666666666666,6,8,5
0.6666666666666666,0.0,0.0,0.19666666666666666,6,8,4
0.6732456140350876,0.000896057347670251,0.0015772870662460567,0.19666666666666666,6,8,3
0.0010787486515641857,0.0002981514609421586,0.000467180565288484,0.19666666666666666,6,7,1
0.003773584905660377,0.0008944543828264757,0.0014461315979754155,0.19666666666666666,6,8,2
0.6666666666666666,0.0,0.0,0.19666666666666666,6,9,4
0.6666666666666666,0.0,0.0,0.19666666666666666,6,9,5
0.34057971014492755,0.0005963029218843172,0.0011019283746556473,0.19666666666666666,6,9,3
0.0010787486515641857,0.0002981514609421586,0.000467180565288484,0.19666666666666666,6,8,1
0.33699633699633696,0.000596836765144733,0.0010264305876315114,0.19666666666666666,6,9,2
0.6666666666666666,0.0,0.0,0.19666666666666666,6,10,5
0.6666666666666666,0.0,0.0,0.19666666666666666,6,10,4
0.0015082956259426848,0.0002981514609421586,0.0004978839930296242,0.19666666666666666,6,9,1
0.34057971014492755,0.0005963029218843172,0.0011019283746556473,0.19666666666666666,6,10,3
0.33699633699633696,0.000596836765144733,0.0010264305876315114,0.19666666666666666,6,10,2
0.6666666666666666,0.0,0.0,0.19666666666666666,6,11,5
0.6666666666666666,0.0,0.0,0.19666666666666666,6,11,4
0.33699633699633696,0.000596836765144733,0.0010264305876315114,0.19666666666666666,6,11,2
0.0015082956259426848,0.0002981514609421586,0.0004978839930296242,0.19666666666666666,6,10,1
0.34057971014492755,0.0005963029218843172,0.0011019283746556473,0.19666666666666666,6,11,3
0.6666666666666666,0.0,0.0,0.19666666666666666,7,1,4
0.0018315018315018317,0.0002981514609421586,0.0005128205128205129,0.19666666666666666,6,11,1
0.6666666666666666,0.0,0.0,0.19666666666666666,7,1,5
0.6732456140350876,0.000896057347670251,0.0015772870662460567,0.19666666666666666,7,1,3
0.6666666666666666,0.0,0.0,0.19666666666666666,7,2,5
0.002304147465437788,0.0008944543828264757,0.001288659793814433,0.19666666666666666,7,1,2
0.6666666666666666,0.0,0.0,0.19666666666666666,7,2,4
0.6732456140350876,0.000896057347670251,0.0015772870662460567,0.19666666666666666,7,2,3
0.6666666666666666,0.0,0.0,0.19666666666666666,7,3,5
0.6666666666666666,0.0,0.0,0.19666666666666666,7,3,4
0.6732456140350876,0.000896057347670251,0.0015772870662460567,0.19666666666666666,7,3,3
0.002304147465437788,0.0008944543828264757,0.001288659793814433,0.19666666666666666,7,2,2
0.0013679890560875513,0.0008976660682226212,0.001084010840108401,0.19666666666666666,7,1,1
0.002304147465437788,0.0008944543828264757,0.001288659793814433,0.19666666666666666,7,3,2
0.6666666666666666,0.0,0.0,0.19666666666666666,7,4,4
0.6666666666666666,0.0,0.0,0.19666666666666666,7,4,5
0.6732456140350876,0.000896057347670251,0.0015772870662460567,0.19666666666666666,7,4,3
0.0013679890560875513,0.0008976660682226212,0.001084010840108401,0.19666666666666666,7,2,1
0.0011862396204033213,0.0005984440454817474,0.0007955449482895784,0.19666666666666666,7,3,1
0.002304147465437788,0.0008944543828264757,0.001288659793814433,0.19666666666666666,7,4,2
0.6732456140350876,0.000896057347670251,0.0015772870662460567,0.19666666666666666,7,5,3
0.6666666666666666,0.0,0.0,0.19666666666666666,7,5,5
0.6666666666666666,0.0,0.0,0.19666666666666666,7,5,4
0.003773584905660377,0.0008944543828264757,0.0014461315979754155,0.19666666666666666,7,5,2
0.0011862396204033213,0.0005984440454817474,0.0007955449482895784,0.19666666666666666,7,4,1
0.6666666666666666,0.0,0.0,0.19666666666666666,7,6,5
0.6666666666666666,0.0,0.0,0.19666666666666666,7,6,4
0.0008547008547008547,0.0002992220227408737,0.0004432624113475178,0.19666666666666666,7,5,1
0.6732456140350876,0.000896057347670251,0.0015772870662460567,0.19666666666666666,7,6,3
0.003773584905660377,0.0008944543828264757,0.0014461315979754155,0.19666666666666666,7,6,2
0.6666666666666666,0.0,0.0,0.19666666666666666,7,7,5
0.6666666666666666,0.0,0.0,0.19666666666666666,7,7,4
0.0008547008547008547,0.0002992220227408737,0.0004432624113475178,0.19666666666666666,7,6,1
0.6732456140350876,0.000896057347670251,0.0015772870662460567,0.19666666666666666,7,7,3
0.6666666666666666,0.0,0.0,0.19666666666666666,7,8,4
0.6666666666666666,0.0,0.0,0.19666666666666666,7,8,5
0.003773584905660377,0.0008944543828264757,0.0014461315979754155,0.19666666666666666,7,7,2
0.6732456140350876,0.000896057347670251,0.0015772870662460567,0.19666666666666666,7,8,3
0.0010822510822510823,0.0002981514609421586,0.00046750818139317446,0.19666666666666666,7,7,1
0.003773584905660377,0.0008944543828264757,0.0014461315979754155,0.19666666666666666,7,8,2
0.6666666666666666,0.0,0.0,0.19666666666666666,7,9,5
0.34057971014492755,0.0005963029218843172,0.0011019283746556473,0.19666666666666666,7,9,3
0.6666666666666666,0.0,0.0,0.19666666666666666,7,9,4
0.0010822510822510823,0.0002981514609421586,0.00046750818139317446,0.19666666666666666,7,8,1
0.33699633699633696,0.000596836765144733,0.0010264305876315114,0.19666666666666666,7,9,2
0.34057971014492755,0.0005963029218843172,0.0011019283746556473,0.19666666666666666,7,10,3
0.6666666666666666,0.0,0.0,0.19666666666666666,7,10,5
0.6666666666666666,0.0,0.0,0.19666666666666666,7,10,4
0.0015082956259426848,0.0002981514609421586,0.0004978839930296242,0.19666666666666666,7,9,1
0.33699633699633696,0.000596836765144733,0.0010264305876315114,0.19666666666666666,7,10,2
0.6666666666666666,0.0,0.0,0.19666666666666666,7,11,5
0.34057971014492755,0.0005963029218843172,0.0011019283746556473,0.19666666666666666,7,11,3
0.0015082956259426848,0.0002981514609421586,0.0004978839930296242,0.19666666666666666,7,10,1
0.6666666666666666,0.0,0.0,0.19666666666666666,7,11,4
0.33699633699633696,0.000596836765144733,0.0010264305876315114,0.19666666666666666,7,11,2
0.6666666666666666,0.0,0.0,0.19666666666666666,8,1,5
0.0018315018315018317,0.0002981514609421586,0.0005128205128205129,0.19666666666666666,7,11,1
0.6666666666666666,0.0,0.0,0.19666666666666666,8,1,4
0.6732456140350876,0.000896057347670251,0.0015772870662460567,0.19666666666666666,8,1,3
0.6666666666666666,0.0,0.0,0.19666666666666666,8,2,5
0.6666666666666666,0.0,0.0,0.19666666666666666,8,2,4
0.002304147465437788,0.0008944543828264757,0.001288659793814433,0.19666666666666666,8,1,2
0.6732456140350876,0.000896057347670251,0.0015772870662460567,0.19666666666666666,8,2,3
0.6666666666666666,0.0,0.0,0.19666666666666666,8,3,5
0.6732456140350876,0.000896057347670251,0.0015772870662460567,0.19666666666666666,8,3,3
0.6666666666666666,0.0,0.0,0.19666666666666666,8,3,4
0.002304147465437788,0.0008944543828264757,0.001288659793814433,0.19666666666666666,8,2,2
0.0013679890560875513,0.0008976660682226212,0.001084010840108401,0.19666666666666666,8,1,1
0.002304147465437788,0.0008944543828264757,0.001288659793814433,0.19666666666666666,8,3,2
0.6666666666666666,0.0,0.0,0.19666666666666666,8,4,5
0.6666666666666666,0.0,0.0,0.19666666666666666,8,4,4
0.0013679890560875513,0.0008976660682226212,0.001084010840108401,0.19666666666666666,8,2,1
0.6732456140350876,0.000896057347670251,0.0015772870662460567,0.19666666666666666,8,4,3
0.0011862396204033213,0.0005984440454817474,0.0007955449482895784,0.19666666666666666,8,3,1
0.002304147465437788,0.0008944543828264757,0.001288659793814433,0.19666666666666666,8,4,2
0.6666666666666666,0.0,0.0,0.19666666666666666,8,5,5
0.6666666666666666,0.0,0.0,0.19666666666666666,8,5,4
0.6732456140350876,0.000896057347670251,0.0015772870662460567,0.19666666666666666,8,5,3
0.003773584905660377,0.0008944543828264757,0.0014461315979754155,0.19666666666666666,8,5,2
0.0011862396204033213,0.0005984440454817474,0.0007955449482895784,0.19666666666666666,8,4,1
0.6666666666666666,0.0,0.0,0.19666666666666666,8,6,4
0.6666666666666666,0.0,0.0,0.19666666666666666,8,6,5
0.0008547008547008547,0.0002992220227408737,0.0004432624113475178,0.19666666666666666,8,5,1
0.6732456140350876,0.000896057347670251,0.0015772870662460567,0.19666666666666666,8,6,3
0.003773584905660377,0.0008944543828264757,0.0014461315979754155,0.19666666666666666,8,6,2
0.6666666666666666,0.0,0.0,0.19666666666666666,8,7,4
0.6666666666666666,0.0,0.0,0.19666666666666666,8,7,5
0.0008547008547008547,0.0002992220227408737,0.0004432624113475178,0.19666666666666666,8,6,1
0.6732456140350876,0.000896057347670251,0.0015772870662460567,0.19666666666666666,8,7,3
0.6666666666666666,0.0,0.0,0.19666666666666666,8,8,5
0.6666666666666666,0.0,0.0,0.19666666666666666,8,8,4
0.003773584905660377,0.0008944543828264757,0.0014461315979754155,0.19666666666666666,8,7,2
0.0010822510822510823,0.0002981514609421586,0.00046750818139317446,0.19666666666666666,8,7,1
0.6732456140350876,0.000896057347670251,0.0015772870662460567,0.19666666666666666,8,8,3
0.6666666666666666,0.0,0.0,0.19666666666666666,8,9,4
0.6666666666666666,0.0,0.0,0.19666666666666666,8,9,5
0.003773584905660377,0.0008944543828264757,0.0014461315979754155,0.19666666666666666,8,8,2
0.34057971014492755,0.0005963029218843172,0.0011019283746556473,0.19666666666666666,8,9,3
0.0010822510822510823,0.0002981514609421586,0.00046750818139317446,0.19666666666666666,8,8,1
0.6666666666666666,0.0,0.0,0.19666666666666666,8,10,5
0.33699633699633696,0.000596836765144733,0.0010264305876315114,0.19666666666666666,8,9,2
0.6666666666666666,0.0,0.0,0.19666666666666666,8,10,4
0.0015082956259426848,0.0002981514609421586,0.0004978839930296242,0.19666666666666666,8,9,1
0.34057971014492755,0.0005963029218843172,0.0011019283746556473,0.19666666666666666,8,10,3
0.33699633699633696,0.000596836765144733,0.0010264305876315114,0.19666666666666666,8,10,2
0.0015082956259426848,0.0002981514609421586,0.0004978839930296242,0.19666666666666666,8,10,1
0.6666666666666666,0.0,0.0,0.19666666666666666,8,11,5
0.34057971014492755,0.0005963029218843172,0.0011019283746556473,0.19666666666666666,8,11,3
0.6666666666666666,0.0,0.0,0.19666666666666666,8,11,4
0.33699633699633696,0.000596836765144733,0.0010264305876315114,0.19666666666666666,8,11,2
0.6666666666666666,0.0,0.0,0.19666666666666666,9,1,4
0.6666666666666666,0.0,0.0,0.19666666666666666,9,1,5
0.0018315018315018317,0.0002981514609421586,0.0005128205128205129,0.19666666666666666,8,11,1
0.6732456140350876,0.000896057347670251,0.0015772870662460567,0.19666666666666666,9,1,3
0.0024330900243309003,0.0005963029218843172,0.0009578544061302681,0.19666666666666666,9,1,2
0.6666666666666666,0.0,0.0,0.19666666666666666,9,2,5
0.6666666666666666,0.0,0.0,0.19666666666666666,9,2,4
0.6732456140350876,0.000896057347670251,0.0015772870662460567,0.19666666666666666,9,2,3
0.0024330900243309003,0.0005963029218843172,0.0009578544061302681,0.19666666666666666,9,2,2
0.6666666666666666,0.0,0.0,0.19666666666666666,9,3,4
0.6666666666666666,0.0,0.0,0.19666666666666666,9,3,5
0.0021598272138228943,0.0008976660682226212,0.0012682308180088776,0.19666666666666666,9,1,1
0.6732456140350876,0.000896057347670251,0.0015772870662460567,0.19666666666666666,9,3,3
0.0024330900243309003,0.0005963029218843172,0.0009578544061302681,0.19666666666666666,9,3,2
0.0021598272138228943,0.0008976660682226212,0.0012682308180088776,0.19666666666666666,9,2,1
0.6732456140350876,0.000896057347670251,0.0015772870662460567,0.19666666666666666,9,4,3
0.6666666666666666,0.0,0.0,0.19666666666666666,9,4,5
0.6666666666666666,0.0,0.0,0.19666666666666666,9,4,4
0.0017590149516270887,0.0005984440454817474,0.0008930564858227282,0.19666666666666666,9,3,1
0.0024330900243309003,0.0005963029218843172,0.0009578544061302681,0.19666666666666666,9,4,2
0.6732456140350876,0.000896057347670251,0.0015772870662460567,0.19666666666666666,9,5,3
0.6666666666666666,0.0,0.0,0.19666666666666666,9,5,5
0.6666666666666666,0.0,0.0,0.19666666666666666,9,5,4
0.0017590149516270887,0.0005984440454817474,0.0008930564858227282,0.19666666666666666,9,4,1
0.003584229390681004,0.0005963029218843172,0.0010224948875255625,0.19666666666666666,9,5,2
0.6666666666666666,0.0,0.0,0.19666666666666666,9,6,4
0.6732456140350876,0.000896057347670251,0.0015772870662460567,0.19666666666666666,9,6,3
0.6666666666666666,0.0,0.0,0.19666666666666666,9,6,5
0.0011494252873563218,0.0002992220227408737,0.0004748338081671415,0.19666666666666666,9,5,1
0.003584229390681004,0.0005963029218843172,0.0010224948875255625,0.19666666666666666,9,6,2
0.6666666666666666,0.0,0.0,0.19666666666666666,9,7,4
0.6666666666666666,0.0,0.0,0.19666666666666666,9,7,5
0.0011494252873563218,0.0002992220227408737,0.0004748338081671415,0.19666666666666666,9,6,1
0.6732456140350876,0.000896057347670251,0.0015772870662460567,0.19666666666666666,9,7,3
0.003584229390681004,0.0005963029218843172,0.0010224948875255625,0.19666666666666666,9,7,2
0.6666666666666666,0.0,0.0,0.19666666666666666,9,8,5
0.6666666666666666,0.0,0.0,0.19666666666666666,9,8,4
0.0014245014245014246,0.0002981514609421586,0.0004930966469428008,0.19666666666666666,9,7,1
0.003584229390681004,0.0005963029218843172,0.0010224948875255625,0.19666666666666666,9,8,2
0.6732456140350876,0.000896057347670251,0.0015772870662460567,0.19666666666666666,9,8,3
0.6666666666666666,0.0,0.0,0.19666666666666666,9,9,5
0.6666666666666666,0.0,0.0,0.19666666666666666,9,9,4
0.34057971014492755,0.0005963029218843172,0.0011019283746556473,0.19666666666666666,9,9,3
0.33568075117370894,0.0002984183825723665,0.0005295207836907599,0.19666666666666666,9,9,2
0.0014245014245014246,0.0002981514609421586,0.0004930966469428008,0.19666666666666666,9,8,1
0.34057971014492755,0.0005963029218843172,0.0011019283746556473,0.19666666666666666,9,10,3
0.6666666666666666,0.0,0.0,0.19666666666666666,9,10,5
0.6666666666666666,0.0,0.0,0.19666666666666666,9,10,4
0.33568075117370894,0.0002984183825723665,0.0005295207836907599,0.19666666666666666,9,10,2
0.0018315018315018317,0.0002981514609421586,0.0005128205128205129,0.19666666666666666,9,9,1
0.34057971014492755,0.0005963029218843172,0.0011019283746556473,0.19666666666666666,9,11,3
0.0018315018315018317,0.0002981514609421586,0.0005128205128205129,0.19666666666666666,9,10,1
0.6666666666666666,0.0,0.0,0.19666666666666666,9,11,4
0.33568075117370894,0.0002984183825723665,0.0005295207836907599,0.19666666666666666,9,11,2
0.6666666666666666,0.0,0.0,0.19666666666666666,9,11,5
0.6666666666666666,0.0,0.0,0.19666666666666666,10,1,5
0.6666666666666666,0.0,0.0,0.19666666666666666,10,1,4
0.6732456140350876,0.000896057347670251,0.0015772870662460567,0.19666666666666666,10,1,3
0.0021367521367521365,0.0002981514609421586,0.0005232862375719518,0.19666666666666666,9,11,1
0.6666666666666666,0.0,0.0,0.19666666666666666,10,2,5
0.6666666666666666,0.0,0.0,0.19666666666666666,10,2,4
0.0024330900243309003,0.0005963029218843172,0.0009578544061302681,0.19666666666666666,10,1,2
0.6732456140350876,0.000896057347670251,0.0015772870662460567,0.19666666666666666,10,2,3
0.0021598272138228943,0.0008976660682226212,0.0012682308180088776,0.19666666666666666,10,1,1
0.0024330900243309003,0.0005963029218843172,0.0009578544061302681,0.19666666666666666,10,2,2
0.6666666666666666,0.0,0.0,0.19666666666666666,10,3,4
0.6666666666666666,0.0,0.0,0.19666666666666666,10,3,5
0.6732456140350876,0.000896057347670251,0.0015772870662460567,0.19666666666666666,10,3,3
0.0024330900243309003,0.0005963029218843172,0.0009578544061302681,0.19666666666666666,10,3,2
0.0021598272138228943,0.0008976660682226212,0.0012682308180088776,0.19666666666666666,10,2,1
0.6666666666666666,0.0,0.0,0.19666666666666666,10,4,4
0.6666666666666666,0.0,0.0,0.19666666666666666,10,4,5
0.6732456140350876,0.000896057347670251,0.0015772870662460567,0.19666666666666666,10,4,3
0.0024330900243309003,0.0005963029218843172,0.0009578544061302681,0.19666666666666666,10,4,2
0.0017590149516270887,0.0005984440454817474,0.0008930564858227282,0.19666666666666666,10,3,1
0.6732456140350876,0.000896057347670251,0.0015772870662460567,0.19666666666666666,10,5,3
0.6666666666666666,0.0,0.0,0.19666666666666666,10,5,5
0.6666666666666666,0.0,0.0,0.19666666666666666,10,5,4
0.003584229390681004,0.0005963029218843172,0.0010224948875255625,0.19666666666666666,10,5,2
0.0017590149516270887,0.0005984440454817474,0.0008930564858227282,0.19666666666666666,10,4,1
0.6666666666666666,0.0,0.0,0.19666666666666666,10,6,4
0.6666666666666666,0.0,0.0,0.19666666666666666,10,6,5
0.6732456140350876,0.000896057347670251,0.0015772870662460567,0.19666666666666666,10,6,3
0.0011494252873563218,0.0002992220227408737,0.0004748338081671415,0.19666666666666666,10,5,1
0.003584229390681004,0.0005963029218843172,0.0010224948875255625,0.19666666666666666,10,6,2
0.6666666666666666,0.0,0.0,0.19666666666666666,10,7,5
0.6666666666666666,0.0,0.0,0.19666666666666666,10,7,4
0.6732456140350876,0.000896057347670251,0.0015772870662460567,0.19666666666666666,10,7,3
0.0011494252873563218,0.0002992220227408737,0.0004748338081671415,0.19666666666666666,10,6,1
0.003584229390681004,0.0005963029218843172,0.0010224948875255625,0.19666666666666666,10,7,2
0.6666666666666666,0.0,0.0,0.19666666666666666,10,8,5
0.6666666666666666,0.0,0.0,0.19666666666666666,10,8,4
0.6732456140350876,0.000896057347670251,0.0015772870662460567,0.19666666666666666,10,8,3
0.003584229390681004,0.0005963029218843172,0.0010224948875255625,0.19666666666666666,10,8,2
0.0014245014245014246,0.0002981514609421586,0.0004930966469428008,0.19666666666666666,10,7,1
0.34057971014492755,0.0005963029218843172,0.0011019283746556473,0.19666666666666666,10,9,3
0.6666666666666666,0.0,0.0,0.19666666666666666,10,9,5
0.6666666666666666,0.0,0.0,0.19666666666666666,10,9,4
0.0014245014245014246,0.0002981514609421586,0.0004930966469428008,0.19666666666666666,10,8,1
0.33568075117370894,0.0002984183825723665,0.0005295207836907599,0.19666666666666666,10,9,2
0.34057971014492755,0.0005963029218843172,0.0011019283746556473,0.19666666666666666,10,10,3
0.6666666666666666,0.0,0.0,0.19666666666666666,10,10,4
0.6666666666666666,0.0,0.0,0.19666666666666666,10,10,5
0.0018315018315018317,0.0002981514609421586,0.0005128205128205129,0.19666666666666666,10,9,1
0.33568075117370894,0.0002984183825723665,0.0005295207836907599,0.19666666666666666,10,10,2
0.0018315018315018317,0.0002981514609421586,0.0005128205128205129,0.19666666666666666,10,10,1
0.6666666666666666,0.0,0.0,0.19666666666666666,10,11,4
0.6666666666666666,0.0,0.0,0.19666666666666666,10,11,5
0.34057971014492755,0.0005963029218843172,0.0011019283746556473,0.19666666666666666,10,11,3
0.33568075117370894,0.0002984183825723665,0.0005295207836907599,0.19666666666666666,10,11,2
0.6666666666666666,0.0,0.0,0.19666666666666666,11,1,5
0.0021367521367521365,0.0002981514609421586,0.0005232862375719518,0.19666666666666666,10,11,1
0.6666666666666666,0.0,0.0,0.19666666666666666,11,1,4
0.6732456140350876,0.000896057347670251,0.0015772870662460567,0.19666666666666666,11,1,3
0.0024330900243309003,0.0005963029218843172,0.0009578544061302681,0.19666666666666666,11,1,2
0.6666666666666666,0.0,0.0,0.19666666666666666,11,2,5
0.6666666666666666,0.0,0.0,0.19666666666666666,11,2,4
0.6732456140350876,0.000896057347670251,0.0015772870662460567,0.19666666666666666,11,2,3
0.002457002457002457,0.0008976660682226212,0.001314924391847469,0.19666666666666666,11,1,1
0.0024330900243309003,0.0005963029218843172,0.0009578544061302681,0.19666666666666666,11,2,2
0.6666666666666666,0.0,0.0,0.19666666666666666,11,3,5
0.6732456140350876,0.000896057347670251,0.0015772870662460567,0.19666666666666666,11,3,3
0.6666666666666666,0.0,0.0,0.19666666666666666,11,3,4
0.0024330900243309003,0.0005963029218843172,0.0009578544061302681,0.19666666666666666,11,3,2
0.002457002457002457,0.0008976660682226212,0.001314924391847469,0.19666666666666666,11,2,1
0.6732456140350876,0.000896057347670251,0.0015772870662460567,0.19666666666666666,11,4,3
0.6666666666666666,0.0,0.0,0.19666666666666666,11,4,5
0.6666666666666666,0.0,0.0,0.19666666666666666,11,4,4
0.001937984496124031,0.0005984440454817474,0.0009144947416552356,0.19666666666666666,11,3,1
0.0024330900243309003,0.0005963029218843172,0.0009578544061302681,0.19666666666666666,11,4,2
0.6666666666666666,0.0,0.0,0.19666666666666666,11,5,5
0.6732456140350876,0.000896057347670251,0.0015772870662460567,0.19666666666666666,11,5,3
0.6666666666666666,0.0,0.0,0.19666666666666666,11,5,4
0.001937984496124031,0.0005984440454817474,0.0009144947416552356,0.19666666666666666,11,4,1
0.003584229390681004,0.0005963029218843172,0.0010224948875255625,0.19666666666666666,11,5,2
0.6666666666666666,0.0,0.0,0.19666666666666666,11,6,5
0.6666666666666666,0.0,0.0,0.19666666666666666,11,6,4
0.003584229390681004,0.0005963029218843172,0.0010224948875255625,0.19666666666666666,11,6,2
0.0012391573729863693,0.0002992220227408737,0.00048204386599180526,0.19666666666666666,11,5,1
0.6732456140350876,0.000896057347670251,0.0015772870662460567,0.19666666666666666,11,6,3
0.6666666666666666,0.0,0.0,0.19666666666666666,11,7,5
0.6666666666666666,0.0,0.0,0.19666666666666666,11,7,4
0.0012391573729863693,0.0002992220227408737,0.00048204386599180526,0.19666666666666666,11,6,1
0.6732456140350876,0.000896057347670251,0.0015772870662460567,0.19666666666666666,11,7,3
0.003584229390681004,0.0005963029218843172,0.0010224948875255625,0.19666666666666666,11,7,2
0.6666666666666666,0.0,0.0,0.19666666666666666,11,8,5
0.6666666666666666,0.0,0.0,0.19666666666666666,11,8,4
0.6732456140350876,0.000896057347670251,0.0015772870662460567,0.19666666666666666,11,8,3
0.0014749262536873156,0.0002981514609421586,0.000496031746031746,0.19666666666666666,11,7,1
0.003584229390681004,0.0005963029218843172,0.0010224948875255625,0.19666666666666666,11,8,2
0.6666666666666666,0.0,0.0,0.19666666666666666,11,9,5
0.6666666666666666,0.0,0.0,0.19666666666666666,11,9,4
0.0014749262536873156,0.0002981514609421586,0.000496031746031746,0.19666666666666666,11,8,1
0.34057971014492755,0.0005963029218843172,0.0011019283746556473,0.19666666666666666,11,9,3
0.33568075117370894,0.0002984183825723665,0.0005295207836907599,0.19666666666666666,11,9,2
0.6666666666666666,0.0,0.0,0.19666666666666666,11,10,5
0.6666666666666666,0.0,0.0,0.19666666666666666,11,10,4
0.34057971014492755,0.0005963029218843172,0.0011019283746556473,0.19666666666666666,11,10,3
0.33568075117370894,0.0002984183825723665,0.0005295207836907599,0.19666666666666666,11,10,2
0.0018726591760299626,0.0002981514609421586,0.0005144032921810699,0.19666666666666666,11,9,1
0.6666666666666666,0.0,0.0,0.19666666666666666,11,11,5
0.6666666666666666,0.0,0.0,0.19666666666666666,11,11,4
0.0018726591760299626,0.0002981514609421586,0.0005144032921810699,0.19666666666666666,11,10,1
0.34057971014492755,0.0005963029218843172,0.0011019283746556473,0.19666666666666666,11,11,3
0.33568075117370894,0.0002984183825723665,0.0005295207836907599,0.19666666666666666,11,11,2
0.6666666666666666,0.0,0.0,0.19666666666666666,12,1,5
0.6666666666666666,0.0,0.0,0.19666666666666666,12,1,4
0.0021929824561403508,0.0002981514609421586,0.0005249343832020997,0.19666666666666666,11,11,1
0.6732456140350876,0.000896057347670251,0.0015772870662460567,0.19666666666666666,12,1,3
0.0024330900243309003,0.0005963029218843172,0.0009578544061302681,0.19666666666666666,12,1,2
0.6666666666666666,0.0,0.0,0.19666666666666666,12,2,5
0.6666666666666666,0.0,0.0,0.19666666666666666,12,2,4
0.6732456140350876,0.000896057347670251,0.0015772870662460567,0.19666666666666666,12,2,3
0.0024330900243309003,0.0005963029218843172,0.0009578544061302681,0.19666666666666666,12,2,2
0.6666666666666666,0.0,0.0,0.19666666666666666,12,3,5
0.002457002457002457,0.0008976660682226212,0.001314924391847469,0.19666666666666666,12,1,1
0.6732456140350876,0.000896057347670251,0.0015772870662460567,0.19666666666666666,12,3,3
0.6666666666666666,0.0,0.0,0.19666666666666666,12,3,4
0.0024330900243309003,0.0005963029218843172,0.0009578544061302681,0.19666666666666666,12,3,2
0.002457002457002457,0.0008976660682226212,0.001314924391847469,0.19666666666666666,12,2,1
0.6666666666666666,0.0,0.0,0.19666666666666666,12,4,4
0.6732456140350876,0.000896057347670251,0.0015772870662460567,0.19666666666666666,12,4,3
0.6666666666666666,0.0,0.0,0.19666666666666666,12,4,5
0.001937984496124031,0.0005984440454817474,0.0009144947416552356,0.19666666666666666,12,3,1
0.0024330900243309003,0.0005963029218843172,0.0009578544061302681,0.19666666666666666,12,4,2
0.6732456140350876,0.000896057347670251,0.0015772870662460567,0.19666666666666666,12,5,3
0.6666666666666666,0.0,0.0,0.19666666666666666,12,5,5
0.003584229390681004,0.0005963029218843172,0.0010224948875255625,0.19666666666666666,12,5,2
0.6666666666666666,0.0,0.0,0.19666666666666666,12,5,4
0.001937984496124031,0.0005984440454817474,0.0009144947416552356,0.19666666666666666,12,4,1
0.6666666666666666,0.0,0.0,0.19666666666666666,12,6,5
0.0012391573729863693,0.0002992220227408737,0.00048204386599180526,0.19666666666666666,12,5,1
0.6666666666666666,0.0,0.0,0.19666666666666666,12,6,4
0.6732456140350876,0.000896057347670251,0.0015772870662460567,0.19666666666666666,12,6,3
0.003584229390681004,0.0005963029218843172,0.0010224948875255625,0.19666666666666666,12,6,2
0.6666666666666666,0.0,0.0,0.19666666666666666,12,7,4
0.0012391573729863693,0.0002992220227408737,0.00048204386599180526,0.19666666666666666,12,6,1
0.6666666666666666,0.0,0.0,0.19666666666666666,12,7,5
0.6732456140350876,0.000896057347670251,0.0015772870662460567,0.19666666666666666,12,7,3
0.003584229390681004,0.0005963029218843172,0.0010224948875255625,0.19666666666666666,12,7,2
0.6666666666666666,0.0,0.0,0.19666666666666666,12,8,4
0.6666666666666666,0.0,0.0,0.19666666666666666,12,8,5
0.6732456140350876,0.000896057347670251,0.0015772870662460567,0.19666666666666666,12,8,3
0.003584229390681004,0.0005963029218843172,0.0010224948875255625,0.19666666666666666,12,8,2
0.0014749262536873156,0.0002981514609421586,0.000496031746031746,0.19666666666666666,12,7,1
0.6666666666666666,0.0,0.0,0.19666666666666666,12,9,4
0.34057971014492755,0.0005963029218843172,0.0011019283746556473,0.19666666666666666,12,9,3
0.6666666666666666,0.0,0.0,0.19666666666666666,12,9,5
0.33568075117370894,0.0002984183825723665,0.0005295207836907599,0.19666666666666666,12,9,2
0.0014749262536873156,0.0002981514609421586,0.000496031746031746,0.19666666666666666,12,8,1
0.6666666666666666,0.0,0.0,0.19666666666666666,12,10,5
0.6666666666666666,0.0,0.0,0.19666666666666666,12,10,4
0.34057971014492755,0.0005963029218843172,0.0011019283746556473,0.19666666666666666,12,10,3
0.0018726591760299626,0.0002981514609421586,0.0005144032921810699,0.19666666666666666,12,9,1
0.33568075117370894,0.0002984183825723665,0.0005295207836907599,0.19666666666666666,12,10,2
0.6666666666666666,0.0,0.0,0.19666666666666666,12,11,4
0.34057971014492755,0.0005963029218843172,0.0011019283746556473,0.19666666666666666,12,11,3
0.33568075117370894,0.0002984183825723665,0.0005295207836907599,0.19666666666666666,12,11,2
0.6666666666666666,0.0,0.0,0.19666666666666666,12,11,5
0.0018726591760299626,0.0002981514609421586,0.0005144032921810699,0.19666666666666666,12,10,1
0.6666666666666666,0.0,0.0,0.19666666666666666,13,1,5
0.6666666666666666,0.0,0.0,0.19666666666666666,13,1,4
0.0021929824561403508,0.0002981514609421586,0.0005249343832020997,0.19666666666666666,12,11,1
0.6732456140350876,0.000896057347670251,0.0015772870662460567,0.19666666666666666,13,1,3
0.002506265664160401,0.0005963029218843172,0.0009633911368015414,0.19666666666666666,13,1,2
0.6666666666666666,0.0,0.0,0.19666666666666666,13,2,4
0.6666666666666666,0.0,0.0,0.19666666666666666,13,2,5
0.6732456140350876,0.000896057347670251,0.0015772870662460567,0.19666666666666666,13,2,3
0.003067484662576687,0.0008976660682226212,0.0013888888888888892,0.19666666666666666,13,1,1
0.002506265664160401,0.0005963029218843172,0.0009633911368015414,0.19666666666666666,13,2,2
0.6666666666666666,0.0,0.0,0.19666666666666666,13,3,5
0.6666666666666666,0.0,0.0,0.19666666666666666,13,3,4
0.003067484662576687,0.0008976660682226212,0.0013888888888888892,0.19666666666666666,13,2,1
0.6732456140350876,0.000896057347670251,0.0015772870662460567,0.19666666666666666,13,3,3
0.002506265664160401,0.0005963029218843172,0.0009633911368015414,0.19666666666666666,13,3,2
0.6732456140350876,0.000896057347670251,0.0015772870662460567,0.19666666666666666,13,4,3
0.6666666666666666,0.0,0.0,0.19666666666666666,13,4,5
0.6666666666666666,0.0,0.0,0.19666666666666666,13,4,4
0.0023148148148148147,0.0005984440454817474,0.0009510223490252021,0.19666666666666666,13,3,1
0.002506265664160401,0.0005963029218843172,0.0009633911368015414,0.19666666666666666,13,4,2
0.6666666666666666,0.0,0.0,0.19666666666666666,13,5,5
0.6732456140350876,0.000896057347670251,0.0015772870662460567,0.19666666666666666,13,5,3
0.6666666666666666,0.0,0.0,0.19666666666666666,13,5,4
0.0023148148148148147,0.0005984440454817474,0.0009510223490252021,0.19666666666666666,13,4,1
0.0036630036630036634,0.0005963029218843172,0.0010256410256410259,0.19666666666666666,13,5,2
0.6666666666666666,0.0,0.0,0.19666666666666666,13,6,4
0.6666666666666666,0.0,0.0,0.19666666666666666,13,6,5
0.001488095238095238,0.0002992220227408737,0.0004982561036372695,0.19666666666666666,13,5,1
0.6732456140350876,0.000896057347670251,0.0015772870662460567,0.19666666666666666,13,6,3
0.0036630036630036634,0.0005963029218843172,0.0010256410256410259,0.19666666666666666,13,6,2
0.6666666666666666,0.0,0.0,0.19666666666666666,13,7,5
0.6666666666666666,0.0,0.0,0.19666666666666666,13,7,4
0.001488095238095238,0.0002992220227408737,0.0004982561036372695,0.19666666666666666,13,6,1
0.6732456140350876,0.000896057347670251,0.0015772870662460567,0.19666666666666666,13,7,3
0.0036630036630036634,0.0005963029218843172,0.0010256410256410259,0.19666666666666666,13,7,2
0.6666666666666666,0.0,0.0,0.19666666666666666,13,8,5
0.6666666666666666,0.0,0.0,0.19666666666666666,13,8,4
0.6732456140350876,0.000896057347670251,0.0015772870662460567,0.19666666666666666,13,8,3
0.0017452006980802793,0.0002981514609421586,0.0005092946269416857,0.19666666666666666,13,7,1
0.0036630036630036634,0.0005963029218843172,0.0010256410256410259,0.19666666666666666,13,8,2
0.34057971014492755,0.0005963029218843172,0.0011019283746556473,0.19666666666666666,13,9,3
0.6666666666666666,0.0,0.0,0.19666666666666666,13,9,4
0.6666666666666666,0.0,0.0,0.19666666666666666,13,9,5
0.0017452006980802793,0.0002981514609421586,0.0005092946269416857,0.19666666666666666,13,8,1
0.3357314148681055,0.0002984183825723665,0.0005307855626326964,0.19666666666666666,13,9,2
0.6666666666666666,0.0,0.0,0.19666666666666666,13,10,5
0.6666666666666666,0.0,0.0,0.19666666666666666,13,10,4
0.0021645021645021645,0.0002981514609421586,0.0005241090146750524,0.19666666666666666,13,9,1
0.34057971014492755,0.0005963029218843172,0.0011019283746556473,0.19666666666666666,13,10,3
0.3357314148681055,0.0002984183825723665,0.0005307855626326964,0.19666666666666666,13,10,2
0.6666666666666666,0.0,0.0,0.19666666666666666,13,11,5
0.6666666666666666,0.0,0.0,0.19666666666666666,13,11,4
0.0021645021645021645,0.0002981514609421586,0.0005241090146750524,0.19666666666666666,13,10,1
0.34057971014492755,0.0005963029218843172,0.0011019283746556473,0.19666666666666666,13,11,3
0.3357314148681055,0.0002984183825723665,0.0005307855626326964,0.19666666666666666,13,11,2
0.0025252525252525255,0.0002981514609421586,0.0005333333333333333,0.19666666666666666,13,11,1
0.6666666666666666,0.0,0.0,0.19666666666666666,14,1,5
0.6732456140350876,0.000896057347670251,0.0015772870662460567,0.19666666666666666,14,1,3
0.6666666666666666,0.0,0.0,0.19666666666666666,14,1,4
0.002506265664160401,0.0005963029218843172,0.0009633911368015414,0.19666666666666666,14,1,2
0.6666666666666666,0.0,0.0,0.19666666666666666,14,2,4
0.6666666666666666,0.0,0.0,0.19666666666666666,14,2,5
0.6732456140350876,0.000896057347670251,0.0015772870662460567,0.19666666666666666,14,2,3
0.003067484662576687,0.0008976660682226212,0.0013888888888888892,0.19666666666666666,14,1,1
0.002506265664160401,0.0005963029218843172,0.0009633911368015414,0.19666666666666666,14,2,2
0.6732456140350876,0.000896057347670251,0.0015772870662460567,0.19666666666666666,14,3,3
0.6666666666666666,0.0,0.0,0.19666666666666666,14,3,5
0.6666666666666666,0.0,0.0,0.19666666666666666,14,3,4
0.002506265664160401,0.0005963029218843172,0.0009633911368015414,0.19666666666666666,14,3,2
0.003067484662576687,0.0008976660682226212,0.0013888888888888892,0.19666666666666666,14,2,1
0.6666666666666666,0.0,0.0,0.19666666666666666,14,4,5
0.6666666666666666,0.0,0.0,0.19666666666666666,14,4,4
0.6732456140350876,0.000896057347670251,0.0015772870662460567,0.19666666666666666,14,4,3
0.0023148148148148147,0.0005984440454817474,0.0009510223490252021,0.19666666666666666,14,3,1
0.002506265664160401,0.0005963029218843172,0.0009633911368015414,0.19666666666666666,14,4,2
0.6732456140350876,0.000896057347670251,0.0015772870662460567,0.19666666666666666,14,5,3
0.6666666666666666,0.0,0.0,0.19666666666666666,14,5,4
0.6666666666666666,0.0,0.0,0.19666666666666666,14,5,5
0.0023148148148148147,0.0005984440454817474,0.0009510223490252021,0.19666666666666666,14,4,1
0.0036630036630036634,0.0005963029218843172,0.0010256410256410259,0.19666666666666666,14,5,2
0.6666666666666666,0.0,0.0,0.19666666666666666,14,6,5
0.6666666666666666,0.0,0.0,0.19666666666666666,14,6,4
0.001488095238095238,0.0002992220227408737,0.0004982561036372695,0.19666666666666666,14,5,1
0.6732456140350876,0.000896057347670251,0.0015772870662460567,0.19666666666666666,14,6,3
0.0036630036630036634,0.0005963029218843172,0.0010256410256410259,0.19666666666666666,14,6,2
0.6666666666666666,0.0,0.0,0.19666666666666666,14,7,5
0.6732456140350876,0.000896057347670251,0.0015772870662460567,0.19666666666666666,14,7,3
0.6666666666666666,0.0,0.0,0.19666666666666666,14,7,4
0.001488095238095238,0.0002992220227408737,0.0004982561036372695,0.19666666666666666,14,6,1
0.0036630036630036634,0.0005963029218843172,0.0010256410256410259,0.19666666666666666,14,7,2
0.6666666666666666,0.0,0.0,0.19666666666666666,14,8,5
0.6666666666666666,0.0,0.0,0.19666666666666666,14,8,4
0.0017452006980802793,0.0002981514609421586,0.0005092946269416857,0.19666666666666666,14,7,1
0.6732456140350876,0.000896057347670251,0.0015772870662460567,0.19666666666666666,14,8,3
0.0036630036630036634,0.0005963029218843172,0.0010256410256410259,0.19666666666666666,14,8,2
0.6666666666666666,0.0,0.0,0.19666666666666666,14,9,5
0.34057971014492755,0.0005963029218843172,0.0011019283746556473,0.19666666666666666,14,9,3
0.3357314148681055,0.0002984183825723665,0.0005307855626326964,0.19666666666666666,14,9,2
0.6666666666666666,0.0,0.0,0.19666666666666666,14,9,4
0.0017452006980802793,0.0002981514609421586,0.0005092946269416857,0.19666666666666666,14,8,1
0.6666666666666666,0.0,0.0,0.19666666666666666,14,10,4
0.6666666666666666,0.0,0.0,0.19666666666666666,14,10,5
0.34057971014492755,0.0005963029218843172,0.0011019283746556473,0.19666666666666666,14,10,3
0.0021645021645021645,0.0002981514609421586,0.0005241090146750524,0.19666666666666666,14,9,1
0.3357314148681055,0.0002984183825723665,0.0005307855626326964,0.19666666666666666,14,10,2
0.34057971014492755,0.0005963029218843172,0.0011019283746556473,0.19666666666666666,14,11,3
0.6666666666666666,0.0,0.0,0.19666666666666666,14,11,5
0.6666666666666666,0.0,0.0,0.19666666666666666,14,11,4
0.0021645021645021645,0.0002981514609421586,0.0005241090146750524,0.19666666666666666,14,10,1
0.3357314148681055,0.0002984183825723665,0.0005307855626326964,0.19666666666666666,14,11,2
0.6666666666666666,0.0,0.0,0.19666666666666666,15,1,5
0.6666666666666666,0.0,0.0,0.19666666666666666,15,1,4
0.0025252525252525255,0.0002981514609421586,0.0005333333333333333,0.19666666666666666,14,11,1
0.6732456140350876,0.000896057347670251,0.0015772870662460567,0.19666666666666666,15,1,3
0.002506265664160401,0.0005963029218843172,0.0009633911368015414,0.19666666666666666,15,1,2
0.6666666666666666,0.0,0.0,0.19666666666666666,15,2,5
0.6666666666666666,0.0,0.0,0.19666666666666666,15,2,4
0.002506265664160401,0.0005963029218843172,0.0009633911368015414,0.19666666666666666,15,2,2
0.0034965034965034965,0.0008976660682226212,0.0014285714285714286,0.19666666666666666,15,1,1
0.6732456140350876,0.000896057347670251,0.0015772870662460567,0.19666666666666666,15,2,3
0.6666666666666666,0.0,0.0,0.19666666666666666,15,3,5
0.6732456140350876,0.000896057347670251,0.0015772870662460567,0.19666666666666666,15,3,3
0.6666666666666666,0.0,0.0,0.19666666666666666,15,3,4
0.0034965034965034965,0.0008976660682226212,0.0014285714285714286,0.19666666666666666,15,2,1
0.6666666666666666,0.0,0.0,0.19666666666666666,15,4,5
0.002506265664160401,0.0005963029218843172,0.0009633911368015414,0.19666666666666666,15,3,2
0.6666666666666666,0.0,0.0,0.19666666666666666,15,4,4
0.0025542784163473816,0.0005984440454817474,0.0009696969696969697,0.19666666666666666,15,3,1
0.6732456140350876,0.000896057347670251,0.0015772870662460567,0.19666666666666666,15,4,3
0.002506265664160401,0.0005963029218843172,0.0009633911368015414,0.19666666666666666,15,4,2
0.6666666666666666,0.0,0.0,0.19666666666666666,15,5,4
0.6666666666666666,0.0,0.0,0.19666666666666666,15,5,5
0.6732456140350876,0.000896057347670251,0.0015772870662460567,0.19666666666666666,15,5,3
0.0036630036630036634,0.0005963029218843172,0.0010256410256410259,0.19666666666666666,15,5,2
0.0025542784163473816,0.0005984440454817474,0.0009696969696969697,0.19666666666666666,15,4,1
0.6666666666666666,0.0,0.0,0.19666666666666666,15,6,5
0.6732456140350876,0.000896057347670251,0.0015772870662460567,0.19666666666666666,15,6,3
0.6666666666666666,0.0,0.0,0.19666666666666666,15,6,4
0.0036630036630036634,0.0005963029218843172,0.0010256410256410259,0.19666666666666666,15,6,2
0.001594896331738437,0.0002992220227408737,0.0005039052658100277,0.19666666666666666,15,5,1
0.6666666666666666,0.0,0.0,0.19666666666666666,15,7,4
0.001594896331738437,0.0002992220227408737,0.0005039052658100277,0.19666666666666666,15,6,1
0.6666666666666666,0.0,0.0,0.19666666666666666,15,7,5
0.6732456140350876,0.000896057347670251,0.0015772870662460567,0.19666666666666666,15,7,3
0.6666666666666666,0.0,0.0,0.19666666666666666,15,8,5
0.6666666666666666,0.0,0.0,0.19666666666666666,15,8,4
0.0036630036630036634,0.0005963029218843172,0.0010256410256410259,0.19666666666666666,15,7,2
0.33516483516483514,0.0002981514609421586,0.0005128205128205129,0.19666666666666666,15,7,1
0.6732456140350876,0.000896057347670251,0.0015772870662460567,0.19666666666666666,15,8,3
0.0036630036630036634,0.0005963029218843172,0.0010256410256410259,0.19666666666666666,15,8,2
0.6666666666666666,0.0,0.0,0.19666666666666666,15,9,5
0.6666666666666666,0.0,0.0,0.19666666666666666,15,9,4
0.34057971014492755,0.0005963029218843172,0.0011019283746556473,0.19666666666666666,15,9,3
0.33516483516483514,0.0002981514609421586,0.0005128205128205129,0.19666666666666666,15,8,1
0.3357314148681055,0.0002984183825723665,0.0005307855626326964,0.19666666666666666,15,9,2
0.6666666666666666,0.0,0.0,0.19666666666666666,15,10,5
0.34057971014492755,0.0005963029218843172,0.0011019283746556473,0.19666666666666666,15,10,3
0.3356009070294785,0.0002981514609421586,0.0005270092226613965,0.19666666666666666,15,9,1
0.6666666666666666,0.0,0.0,0.19666666666666666,15,10,4
0.3357314148681055,0.0002984183825723665,0.0005307855626326964,0.19666666666666666,15,10,2
0.34057971014492755,0.0005963029218843172,0.0011019283746556473,0.19666666666666666,15,11,3
0.6666666666666666,0.0,0.0,0.19666666666666666,15,11,4
0.6666666666666666,0.0,0.0,0.19666666666666666,15,11,5
0.3356009070294785,0.0002981514609421586,0.0005270092226613965,0.19666666666666666,15,10,1
0.3357314148681055,0.0002984183825723665,0.0005307855626326964,0.19666666666666666,15,11,2
0.0026246719160104987,0.0002981514609421586,0.0005354752342704149,0.19666666666666666,15,11,1
0.6666666666666666,0.0,0.0,0.19666666666666666,16,1,5
0.6666666666666666,0.0,0.0,0.19666666666666666,16,1,4
0.6732456140350876,0.000896057347670251,0.0015772870662460567,0.19666666666666666,16,1,3
0.002506265664160401,0.0005963029218843172,0.0009633911368015414,0.19666666666666666,16,1,2
0.6666666666666666,0.0,0.0,0.19666666666666666,16,2,5
0.6666666666666666,0.0,0.0,0.19666666666666666,16,2,4
0.6732456140350876,0.000896057347670251,0.0015772870662460567,0.19666666666666666,16,2,3
0.002506265664160401,0.0005963029218843172,0.0009633911368015414,0.19666666666666666,16,2,2
0.6666666666666666,0.0,0.0,0.19666666666666666,16,3,5
0.0034965034965034965,0.0008976660682226212,0.0014285714285714286,0.19666666666666666,16,1,1
0.6732456140350876,0.000896057347670251,0.0015772870662460567,0.19666666666666666,16,3,3
0.6666666666666666,0.0,0.0,0.19666666666666666,16,3,4
0.002506265664160401,0.0005963029218843172,0.0009633911368015414,0.19666666666666666,16,3,2
0.0034965034965034965,0.0008976660682226212,0.0014285714285714286,0.19666666666666666,16,2,1
0.6666666666666666,0.0,0.0,0.19666666666666666,16,4,5
0.6666666666666666,0.0,0.0,0.19666666666666666,16,4,4
0.6732456140350876,0.000896057347670251,0.0015772870662460567,0.19666666666666666,16,4,3
0.0025542784163473816,0.0005984440454817474,0.0009696969696969697,0.19666666666666666,16,3,1
0.002506265664160401,0.0005963029218843172,0.0009633911368015414,0.19666666666666666,16,4,2
0.6732456140350876,0.000896057347670251,0.0015772870662460567,0.19666666666666666,16,5,3
0.6666666666666666,0.0,0.0,0.19666666666666666,16,5,4
0.0025542784163473816,0.0005984440454817474,0.0009696969696969697,0.19666666666666666,16,4,1
0.6666666666666666,0.0,0.0,0.19666666666666666,16,5,5
0.0036630036630036634,0.0005963029218843172,0.0010256410256410259,0.19666666666666666,16,5,2
0.6666666666666666,0.0,0.0,0.19666666666666666,16,6,5
0.6666666666666666,0.0,0.0,0.19666666666666666,16,6,4
0.001594896331738437,0.0002992220227408737,0.0005039052658100277,0.19666666666666666,16,5,1
0.6732456140350876,0.000896057347670251,0.0015772870662460567,0.19666666666666666,16,6,3
0.0036630036630036634,0.0005963029218843172,0.0010256410256410259,0.19666666666666666,16,6,2
0.6666666666666666,0.0,0.0,0.19666666666666666,16,7,5
0.6666666666666666,0.0,0.0,0.19666666666666666,16,7,4
0.001594896331738437,0.0002992220227408737,0.0005039052658100277,0.19666666666666666,16,6,1
0.6732456140350876,0.000896057347670251,0.0015772870662460567,0.19666666666666666,16,7,3
0.0036630036630036634,0.0005963029218843172,0.0010256410256410259,0.19666666666666666,16,7,2
0.33516483516483514,0.0002981514609421586,0.0005128205128205129,0.19666666666666666,16,7,1
0.6732456140350876,0.000896057347670251,0.0015772870662460567,0.19666666666666666,16,8,3
0.6666666666666666,0.0,0.0,0.19666666666666666,16,8,5
0.6666666666666666,0.0,0.0,0.19666666666666666,16,8,4
0.0036630036630036634,0.0005963029218843172,0.0010256410256410259,0.19666666666666666,16,8,2
0.34057971014492755,0.0005963029218843172,0.0011019283746556473,0.19666666666666666,16,9,3
0.6666666666666666,0.0,0.0,0.19666666666666666,16,9,5
0.6666666666666666,0.0,0.0,0.19666666666666666,16,9,4
0.33516483516483514,0.0002981514609421586,0.0005128205128205129,0.19666666666666666,16,8,1
0.3357314148681055,0.0002984183825723665,0.0005307855626326964,0.19666666666666666,16,9,2
0.6666666666666666,0.0,0.0,0.19666666666666666,16,10,5
0.34057971014492755,0.0005963029218843172,0.0011019283746556473,0.19666666666666666,16,10,3
0.6666666666666666,0.0,0.0,0.19666666666666666,16,10,4
0.3357314148681055,0.0002984183825723665,0.0005307855626326964,0.19666666666666666,16,10,2
0.3356009070294785,0.0002981514609421586,0.0005270092226613965,0.19666666666666666,16,9,1
0.3356009070294785,0.0002981514609421586,0.0005270092226613965,0.19666666666666666,16,10,1
0.6666666666666666,0.0,0.0,0.19666666666666666,16,11,4
0.6666666666666666,0.0,0.0,0.19666666666666666,16,11,5
0.34057971014492755,0.0005963029218843172,0.0011019283746556473,0.19666666666666666,16,11,3
0.3357314148681055,0.0002984183825723665,0.0005307855626326964,0.19666666666666666,16,11,2
0.6666666666666666,0.0,0.0,0.19666666666666666,17,1,5
0.6666666666666666,0.0,0.0,0.19666666666666666,17,1,4
0.0026246719160104987,0.0002981514609421586,0.0005354752342704149,0.19666666666666666,16,11,1
0.6811594202898551,0.000896057347670251,0.001687763713080169,0.19666666666666666,17,1,3
0.004329004329004329,0.0005963029218843172,0.0010482180293501049,0.19666666666666666,17,1,2
0.6666666666666666,0.0,0.0,0.19666666666666666,17,2,4
0.6666666666666666,0.0,0.0,0.19666666666666666,17,2,5
0.6811594202898551,0.000896057347670251,0.001687763713080169,0.19666666666666666,17,2,3
0.004329004329004329,0.0005963029218843172,0.0010482180293501049,0.19666666666666666,17,2,2
0.004016064257028113,0.0008976660682226212,0.001467351430667645,0.19666666666666666,17,1,1
0.6811594202898551,0.000896057347670251,0.001687763713080169,0.19666666666666666,17,3,3
0.6666666666666666,0.0,0.0,0.19666666666666666,17,3,4
0.6666666666666666,0.0,0.0,0.19666666666666666,17,3,5
0.004016064257028113,0.0008976660682226212,0.001467351430667645,0.19666666666666666,17,2,1
0.004329004329004329,0.0005963029218843172,0.0010482180293501049,0.19666666666666666,17,3,2
0.6811594202898551,0.000896057347670251,0.001687763713080169,0.19666666666666666,17,4,3
0.0029895366218236174,0.0005984440454817474,0.0009972575417601596,0.19666666666666666,17,3,1
0.6666666666666666,0.0,0.0,0.19666666666666666,17,4,4
0.6666666666666666,0.0,0.0,0.19666666666666666,17,4,5
0.004329004329004329,0.0005963029218843172,0.0010482180293501049,0.19666666666666666,17,4,2
0.6811594202898551,0.000896057347670251,0.001687763713080169,0.19666666666666666,17,5,3
0.6666666666666666,0.0,0.0,0.19666666666666666,17,5,5
0.0029895366218236174,0.0005984440454817474,0.0009972575417601596,0.19666666666666666,17,4,1
0.6666666666666666,0.0,0.0,0.19666666666666666,17,5,4
0.005509641873278237,0.0005963029218843172,0.0010761366693570083,0.19666666666666666,17,5,2
0.6666666666666666,0.0,0.0,0.19666666666666666,17,6,5
0.6666666666666666,0.0,0.0,0.19666666666666666,17,6,4
0.6811594202898551,0.000896057347670251,0.001687763713080169,0.19666666666666666,17,6,3
0.0018214936247723133,0.0002992220227408737,0.0005140066820868671,0.19666666666666666,17,5,1
0.005509641873278237,0.0005963029218843172,0.0010761366693570083,0.19666666666666666,17,6,2
0.6666666666666666,0.0,0.0,0.19666666666666666,17,7,5
0.6666666666666666,0.0,0.0,0.19666666666666666,17,7,4
0.6811594202898551,0.000896057347670251,0.001687763713080169,0.19666666666666666,17,7,3
0.005509641873278237,0.0005963029218843172,0.0010761366693570083,0.19666666666666666,17,7,2
0.0018214936247723133,0.0002992220227408737,0.0005140066820868671,0.19666666666666666,17,6,1
0.6811594202898551,0.000896057347670251,0.001687763713080169,0.19666666666666666,17,8,3
0.6666666666666666,0.0,0.0,0.19666666666666666,17,8,5
0.6666666666666666,0.0,0.0,0.19666666666666666,17,8,4
0.33535353535353535,0.0002981514609421586,0.0005196154845414394,0.19666666666666666,17,7,1
0.005509641873278237,0.0005963029218843172,0.0010761366693570083,0.19666666666666666,17,8,2
0.34591194968553457,0.0005963029218843172,0.001138627953316254,0.19666666666666666,17,9,3
0.6699346405228758,0.0002984183825723665,0.000546896363139185,0.19666666666666666,17,9,2
0.6666666666666666,0.0,0.0,0.19666666666666666,17,9,4
0.6666666666666666,0.0,0.0,0.19666666666666666,17,9,5
0.33535353535353535,0.0002981514609421586,0.0005196154845414394,0.19666666666666666,17,8,1
0.6666666666666666,0.0,0.0,0.19666666666666666,17,10,5
0.6666666666666666,0.0,0.0,0.19666666666666666,17,10,4
0.3358024691358024,0.0002981514609421586,0.0005320563979781856,0.19666666666666666,17,9,1
0.34591194968553457,0.0005963029218843172,0.001138627953316254,0.19666666666666666,17,10,3
0.6699346405228758,0.0002984183825723665,0.000546896363139185,0.19666666666666666,17,10,2
0.3358024691358024,0.0002981514609421586,0.0005320563979781856,0.19666666666666666,17,10,1
0.6666666666666666,0.0,0.0,0.19666666666666666,17,11,4
0.34591194968553457,0.0005963029218843172,0.001138627953316254,0.19666666666666666,17,11,3
0.6666666666666666,0.0,0.0,0.19666666666666666,17,11,5
0.6699346405228758,0.0002984183825723665,0.000546896363139185,0.19666666666666666,17,11,2
0.6666666666666666,0.0,0.0,0.19666666666666666,18,1,4
0.6666666666666666,0.0,0.0,0.19666666666666666,18,1,5
0.6811594202898551,0.000896057347670251,0.001687763713080169,0.19666666666666666,18,1,3
0.002849002849002849,0.0002981514609421586,0.0005398110661268557,0.19666666666666666,17,11,1
0.004329004329004329,0.0005963029218843172,0.0010482180293501049,0.19666666666666666,18,1,2
0.6811594202898551,0.000896057347670251,0.001687763713080169,0.19666666666666666,18,2,3
0.6666666666666666,0.0,0.0,0.19666666666666666,18,2,4
0.6666666666666666,0.0,0.0,0.19666666666666666,18,2,5
0.004016064257028113,0.0008976660682226212,0.001467351430667645,0.19666666666666666,18,1,1
0.004329004329004329,0.0005963029218843172,0.0010482180293501049,0.19666666666666666,18,2,2
0.6811594202898551,0.000896057347670251,0.001687763713080169,0.19666666666666666,18,3,3
0.6666666666666666,0.0,0.0,0.19666666666666666,18,3,5
0.6666666666666666,0.0,0.0,0.19666666666666666,18,3,4
0.004016064257028113,0.0008976660682226212,0.001467351430667645,0.19666666666666666,18,2,1
0.004329004329004329,0.0005963029218843172,0.0010482180293501049,0.19666666666666666,18,3,2
0.6811594202898551,0.000896057347670251,0.001687763713080169,0.19666666666666666,18,4,3
0.6666666666666666,0.0,0.0,0.19666666666666666,18,4,5
0.004329004329004329,0.0005963029218843172,0.0010482180293501049,0.19666666666666666,18,4,2
0.6666666666666666,0.0,0.0,0.19666666666666666,18,4,4
0.0029895366218236174,0.0005984440454817474,0.0009972575417601596,0.19666666666666666,18,3,1
0.0029895366218236174,0.0005984440454817474,0.0009972575417601596,0.19666666666666666,18,4,1
0.6666666666666666,0.0,0.0,0.19666666666666666,18,5,5
0.6666666666666666,0.0,0.0,0.19666666666666666,18,5,4
0.6811594202898551,0.000896057347670251,0.001687763713080169,0.19666666666666666,18,5,3
0.005509641873278237,0.0005963029218843172,0.0010761366693570083,0.19666666666666666,18,5,2
0.6666666666666666,0.0,0.0,0.19666666666666666,18,6,4
0.6811594202898551,0.000896057347670251,0.001687763713080169,0.19666666666666666,18,6,3
0.6666666666666666,0.0,0.0,0.19666666666666666,18,6,5
0.005509641873278237,0.0005963029218843172,0.0010761366693570083,0.19666666666666666,18,6,2
0.0018214936247723133,0.0002992220227408737,0.0005140066820868671,0.19666666666666666,18,5,1
0.6666666666666666,0.0,0.0,0.19666666666666666,18,7,5
0.6811594202898551,0.000896057347670251,0.001687763713080169,0.19666666666666666,18,7,3
0.6666666666666666,0.0,0.0,0.19666666666666666,18,7,4
0.0018214936247723133,0.0002992220227408737,0.0005140066820868671,0.19666666666666666,18,6,1
0.005509641873278237,0.0005963029218843172,0.0010761366693570083,0.19666666666666666,18,7,2
0.6811594202898551,0.000896057347670251,0.001687763713080169,0.19666666666666666,18,8,3
0.6666666666666666,0.0,0.0,0.19666666666666666,18,8,5
0.33535353535353535,0.0002981514609421586,0.0005196154845414394,0.19666666666666666,18,7,1
0.005509641873278237,0.0005963029218843172,0.0010761366693570083,0.19666666666666666,18,8,2
0.6666666666666666,0.0,0.0,0.19666666666666666,18,8,4
0.34591194968553457,0.0005963029218843172,0.001138627953316254,0.19666666666666666,18,9,3
0.33535353535353535,0.0002981514609421586,0.0005196154845414394,0.19666666666666666,18,8,1
0.6666666666666666,0.0,0.0,0.19666666666666666,18,9,5
0.6666666666666666,0.0,0.0,0.19666666666666666,18,9,4
0.6699346405228758,0.0002984183825723665,0.000546896363139185,0.19666666666666666,18,9,2
0.6666666666666666,0.0,0.0,0.19666666666666666,18,10,4
0.34591194968553457,0.0005963029218843172,0.001138627953316254,0.19666666666666666,18,10,3
0.6666666666666666,0.0,0.0,0.19666666666666666,18,10,5
0.3358024691358024,0.0002981514609421586,0.0005320563979781856,0.19666666666666666,18,9,1
0.6699346405228758,0.0002984183825723665,0.000546896363139185,0.19666666666666666,18,10,2
0.6666666666666666,0.0,0.0,0.19666666666666666,18,11,5
0.34591194968553457,0.0005963029218843172,0.001138627953316254,0.19666666666666666,18,11,3
0.6666666666666666,0.0,0.0,0.19666666666666666,18,11,4
0.3358024691358024,0.0002981514609421586,0.0005320563979781856,0.19666666666666666,18,10,1
0.6699346405228758,0.0002984183825723665,0.000546896363139185,0.19666666666666666,18,11,2
0.6811594202898551,0.000896057347670251,0.001687763713080169,0.19666666666666666,19,1,3
0.6666666666666666,0.0,0.0,0.19666666666666666,19,1,5
0.002849002849002849,0.0002981514609421586,0.0005398110661268557,0.19666666666666666,18,11,1
0.6666666666666666,0.0,0.0,0.19666666666666666,19,1,4
0.004329004329004329,0.0005963029218843172,0.0010482180293501049,0.19666666666666666,19,1,2
0.6666666666666666,0.0,0.0,0.19666666666666666,19,2,5
0.6811594202898551,0.000896057347670251,0.001687763713080169,0.19666666666666666,19,2,3
0.6666666666666666,0.0,0.0,0.19666666666666666,19,2,4
0.004739336492890995,0.0008976660682226212,0.001509433962264151,0.19666666666666666,19,1,1
0.004329004329004329,0.0005963029218843172,0.0010482180293501049,0.19666666666666666,19,2,2
0.6811594202898551,0.000896057347670251,0.001687763713080169,0.19666666666666666,19,3,3
0.6666666666666666,0.0,0.0,0.19666666666666666,19,3,5
0.6666666666666666,0.0,0.0,0.19666666666666666,19,3,4
0.004739336492890995,0.0008976660682226212,0.001509433962264151,0.19666666666666666,19,2,1
0.004329004329004329,0.0005963029218843172,0.0010482180293501049,0.19666666666666666,19,3,2
0.6811594202898551,0.000896057347670251,0.001687763713080169,0.19666666666666666,19,4,3
0.6666666666666666,0.0,0.0,0.19666666666666666,19,4,5
0.6666666666666666,0.0,0.0,0.19666666666666666,19,4,4
0.004329004329004329,0.0005963029218843172,0.0010482180293501049,0.19666666666666666,19,4,2
0.0033670033670033673,0.0005984440454817474,0.0010162601626016261,0.19666666666666666,19,3,1
0.6811594202898551,0.000896057347670251,0.001687763713080169,0.19666666666666666,19,5,3
0.6666666666666666,0.0,0.0,0.19666666666666666,19,5,5
0.6666666666666666,0.0,0.0,0.19666666666666666,19,5,4
0.0033670033670033673,0.0005984440454817474,0.0010162601626016261,0.19666666666666666,19,4,1
0.005509641873278237,0.0005963029218843172,0.0010761366693570083,0.19666666666666666,19,5,2
0.6666666666666666,0.0,0.0,0.19666666666666666,19,6,5
0.6666666666666666,0.0,0.0,0.19666666666666666,19,6,4
0.6811594202898551,0.000896057347670251,0.001687763713080169,0.19666666666666666,19,6,3
0.001949317738791423,0.0002992220227408737,0.0005188067444876783,0.19666666666666666,19,5,1
0.005509641873278237,0.0005963029218843172,0.0010761366693570083,0.19666666666666666,19,6,2
0.6666666666666666,0.0,0.0,0.19666666666666666,19,7,4
0.6811594202898551,0.000896057347670251,0.001687763713080169,0.19666666666666666,19,7,3
0.6666666666666666,0.0,0.0,0.19666666666666666,19,7,5
0.001949317738791423,0.0002992220227408737,0.0005188067444876783,0.19666666666666666,19,6,1
0.005509641873278237,0.0005963029218843172,0.0010761366693570083,0.19666666666666666,19,7,2
0.3355119825708061,0.0002981514609421586,0.0005245213742460005,0.19666666666666666,19,7,1
0.6666666666666666,0.0,0.0,0.19666666666666666,19,8,5
0.6811594202898551,0.000896057347670251,0.001687763713080169,0.19666666666666666,19,8,3
0.6666666666666666,0.0,0.0,0.19666666666666666,19,8,4
0.005509641873278237,0.0005963029218843172,0.0010761366693570083,0.19666666666666666,19,8,2
0.34591194968553457,0.0005963029218843172,0.001138627953316254,0.19666666666666666,19,9,3
0.6666666666666666,0.0,0.0,0.19666666666666666,19,9,5
0.6666666666666666,0.0,0.0,0.19666666666666666,19,9,4
0.3355119825708061,0.0002981514609421586,0.0005245213742460005,0.19666666666666666,19,8,1
0.6699346405228758,0.0002984183825723665,0.000546896363139185,0.19666666666666666,19,9,2
0.34591194968553457,0.0005963029218843172,0.001138627953316254,0.19666666666666666,19,10,3
0.6666666666666666,0.0,0.0,0.19666666666666666,19,10,5
0.3359580052493438,0.0002981514609421586,0.0005354752342704149,0.19666666666666666,19,9,1
0.6699346405228758,0.0002984183825723665,0.000546896363139185,0.19666666666666666,19,10,2
0.6666666666666666,0.0,0.0,0.19666666666666666,19,10,4
0.34591194968553457,0.0005963029218843172,0.001138627953316254,0.19666666666666666,19,11,3
0.6666666666666666,0.0,0.0,0.19666666666666666,19,11,5
0.3359580052493438,0.0002981514609421586,0.0005354752342704149,0.19666666666666666,19,10,1
0.6666666666666666,0.0,0.0,0.19666666666666666,19,11,4
0.6699346405228758,0.0002984183825723665,0.000546896363139185,0.19666666666666666,19,11,2
0.6666666666666666,0.0,0.0,0.19666666666666666,20,1,5
0.6811594202898551,0.000896057347670251,0.001687763713080169,0.19666666666666666,20,1,3
0.6666666666666666,0.0,0.0,0.19666666666666666,20,1,4
0.003003003003003003,0.0002981514609421586,0.0005424464334147003,0.19666666666666666,19,11,1
0.004329004329004329,0.0005963029218843172,0.0010482180293501049,0.19666666666666666,20,1,2
0.6666666666666666,0.0,0.0,0.19666666666666666,20,2,5
0.6666666666666666,0.0,0.0,0.19666666666666666,20,2,4
0.6811594202898551,0.000896057347670251,0.001687763713080169,0.19666666666666666,20,2,3
0.004329004329004329,0.0005963029218843172,0.0010482180293501049,0.19666666666666666,20,2,2
0.004739336492890995,0.0008976660682226212,0.001509433962264151,0.19666666666666666,20,1,1
0.6811594202898551,0.000896057347670251,0.001687763713080169,0.19666666666666666,20,3,3
0.6666666666666666,0.0,0.0,0.19666666666666666,20,3,4
0.6666666666666666,0.0,0.0,0.19666666666666666,20,3,5
0.004329004329004329,0.0005963029218843172,0.0010482180293501049,0.19666666666666666,20,3,2
0.004739336492890995,0.0008976660682226212,0.001509433962264151,0.19666666666666666,20,2,1
0.6811594202898551,0.000896057347670251,0.001687763713080169,0.19666666666666666,20,4,3
0.6666666666666666,0.0,0.0,0.19666666666666666,20,4,4
0.6666666666666666,0.0,0.0,0.19666666666666666,20,4,5
0.0033670033670033673,0.0005984440454817474,0.0010162601626016261,0.19666666666666666,20,3,1
0.004329004329004329,0.0005963029218843172,0.0010482180293501049,0.19666666666666666,20,4,2
0.6811594202898551,0.000896057347670251,0.001687763713080169,0.19666666666666666,20,5,3
0.6666666666666666,0.0,0.0,0.19666666666666666,20,5,5
0.0033670033670033673,0.0005984440454817474,0.0010162601626016261,0.19666666666666666,20,4,1
0.005509641873278237,0.0005963029218843172,0.0010761366693570083,0.19666666666666666,20,5,2
0.6666666666666666,0.0,0.0,0.19666666666666666,20,5,4
0.6811594202898551,0.000896057347670251,0.001687763713080169,0.19666666666666666,20,6,3
0.6666666666666666,0.0,0.0,0.19666666666666666,20,6,5
0.001949317738791423,0.0002992220227408737,0.0005188067444876783,0.19666666666666666,20,5,1
0.6666666666666666,0.0,0.0,0.19666666666666666,20,6,4
0.005509641873278237,0.0005963029218843172,0.0010761366693570083,0.19666666666666666,20,6,2
0.6666666666666666,0.0,0.0,0.19666666666666666,20,7,5
0.6811594202898551,0.000896057347670251,0.001687763713080169,0.19666666666666666,20,7,3
0.6666666666666666,0.0,0.0,0.19666666666666666,20,7,4
0.001949317738791423,0.0002992220227408737,0.0005188067444876783,0.19666666666666666,20,6,1
0.005509641873278237,0.0005963029218843172,0.0010761366693570083,0.19666666666666666,20,7,2
0.6666666666666666,0.0,0.0,0.19666666666666666,20,8,5
0.6811594202898551,0.000896057347670251,0.001687763713080169,0.19666666666666666,20,8,3
0.3355119825708061,0.0002981514609421586,0.0005245213742460005,0.19666666666666666,20,7,1
0.6666666666666666,0.0,0.0,0.19666666666666666,20,8,4
0.005509641873278237,0.0005963029218843172,0.0010761366693570083,0.19666666666666666,20,8,2
0.34591194968553457,0.0005963029218843172,0.001138627953316254,0.19666666666666666,20,9,3
0.6666666666666666,0.0,0.0,0.19666666666666666,20,9,4
0.3355119825708061,0.0002981514609421586,0.0005245213742460005,0.19666666666666666,20,8,1
0.6666666666666666,0.0,0.0,0.19666666666666666,20,9,5
0.6699346405228758,0.0002984183825723665,0.000546896363139185,0.19666666666666666,20,9,2
0.34591194968553457,0.0005963029218843172,0.001138627953316254,0.19666666666666666,20,10,3
0.3359580052493438,0.0002981514609421586,0.0005354752342704149,0.19666666666666666,20,9,1
0.6666666666666666,0.0,0.0,0.19666666666666666,20,10,5
0.6666666666666666,0.0,0.0,0.19666666666666666,20,10,4
0.6699346405228758,0.0002984183825723665,0.000546896363139185,0.19666666666666666,20,10,2
0.6666666666666666,0.0,0.0,0.19666666666666666,20,11,5
0.34591194968553457,0.0005963029218843172,0.001138627953316254,0.19666666666666666,20,11,3
0.6666666666666666,0.0,0.0,0.19666666666666666,20,11,4
0.3359580052493438,0.0002981514609421586,0.0005354752342704149,0.19666666666666666,20,10,1
0.6699346405228758,0.0002984183825723665,0.000546896363139185,0.19666666666666666,20,11,2
0.6666666666666666,0.0,0.0,0.19666666666666666,21,1,5
0.6666666666666666,0.0,0.0,0.19666666666666666,21,1,4
0.003003003003003003,0.0002981514609421586,0.0005424464334147003,0.19666666666666666,20,11,1
0.6811594202898551,0.000896057347670251,0.001687763713080169,0.19666666666666666,21,1,3
0.005012531328320802,0.0005963029218843172,0.001065814015454303,0.19666666666666666,21,1,2
0.6811594202898551,0.000896057347670251,0.001687763713080169,0.19666666666666666,21,2,3
0.6666666666666666,0.0,0.0,0.19666666666666666,21,2,4
0.6666666666666666,0.0,0.0,0.19666666666666666,21,2,5
0.005494505494505495,0.0008976660682226212,0.0015432098765432098,0.19666666666666666,21,1,1
0.005012531328320802,0.0005963029218843172,0.001065814015454303,0.19666666666666666,21,2,2
0.6811594202898551,0.000896057347670251,0.001687763713080169,0.19666666666666666,21,3,3
0.6666666666666666,0.0,0.0,0.19666666666666666,21,3,5
0.6666666666666666,0.0,0.0,0.19666666666666666,21,3,4
0.005494505494505495,0.0008976660682226212,0.0015432098765432098,0.19666666666666666,21,2,1
0.005012531328320802,0.0005963029218843172,0.001065814015454303,0.19666666666666666,21,3,2
0.6811594202898551,0.000896057347670251,0.001687763713080169,0.19666666666666666,21,4,3
0.6666666666666666,0.0,0.0,0.19666666666666666,21,4,5
0.005012531328320802,0.0005963029218843172,0.001065814015454303,0.19666666666666666,21,4,2
0.6666666666666666,0.0,0.0,0.19666666666666666,21,4,4
0.003787878787878788,0.0005984440454817474,0.0010335917312661498,0.19666666666666666,21,3,1
0.6811594202898551,0.000896057347670251,0.001687763713080169,0.19666666666666666,21,5,3
0.6666666666666666,0.0,0.0,0.19666666666666666,21,5,5
0.006060606060606061,0.0005963029218843172,0.0010857763300760042,0.19666666666666666,21,5,2
0.6666666666666666,0.0,0.0,0.19666666666666666,21,5,4
0.003787878787878788,0.0005984440454817474,0.0010335917312661498,0.19666666666666666,21,4,1
0.6666666666666666,0.0,0.0,0.19666666666666666,21,6,4
0.6811594202898551,0.000896057347670251,0.001687763713080169,0.19666666666666666,21,6,3
0.6666666666666666,0.0,0.0,0.19666666666666666,21,6,5
0.0021929824561403508,0.0002992220227408737,0.000526592943654555,0.19666666666666666,21,5,1
0.006060606060606061,0.0005963029218843172,0.0010857763300760042,0.19666666666666666,21,6,2
0.6811594202898551,0.000896057347670251,0.001687763713080169,0.19666666666666666,21,7,3
0.006060606060606061,0.0005963029218843172,0.0010857763300760042,0.19666666666666666,21,7,2
0.6666666666666666,0.0,0.0,0.19666666666666666,21,7,5
0.0021929824561403508,0.0002992220227408737,0.000526592943654555,0.19666666666666666,21,6,1
0.6666666666666666,0.0,0.0,0.19666666666666666,21,7,4
0.6811594202898551,0.000896057347670251,0.001687763713080169,0.19666666666666666,21,8,3
0.3357487922705314,0.0002981514609421586,0.0005307855626326964,0.19666666666666666,21,7,1
0.6666666666666666,0.0,0.0,0.19666666666666666,21,8,5
0.006060606060606061,0.0005963029218843172,0.0010857763300760042,0.19666666666666666,21,8,2
0.6666666666666666,0.0,0.0,0.19666666666666666,21,8,4
0.6666666666666666,0.0,0.0,0.19666666666666666,21,9,5
0.34591194968553457,0.0005963029218843172,0.001138627953316254,0.19666666666666666,21,9,3
0.3357487922705314,0.0002981514609421586,0.0005307855626326964,0.19666666666666666,21,8,1
0.6666666666666666,0.0,0.0,0.19666666666666666,21,9,4
0.6702127659574467,0.0002984183825723665,0.0005505092210294523,0.19666666666666666,21,9,2
0.34591194968553457,0.0005963029218843172,0.001138627953316254,0.19666666666666666,21,10,3
0.6666666666666666,0.0,0.0,0.19666666666666666,21,10,4
0.6666666666666666,0.0,0.0,0.19666666666666666,21,10,5
0.336283185840708,0.0002981514609421586,0.0005415651232060654,0.19666666666666666,21,9,1
0.6702127659574467,0.0002984183825723665,0.0005505092210294523,0.19666666666666666,21,10,2
0.336283185840708,0.0002981514609421586,0.0005415651232060654,0.19666666666666666,21,10,1
0.34591194968553457,0.0005963029218843172,0.001138627953316254,0.19666666666666666,21,11,3
0.6666666666666666,0.0,0.0,0.19666666666666666,21,11,5
0.6666666666666666,0.0,0.0,0.19666666666666666,21,11,4
0.6702127659574467,0.0002984183825723665,0.0005505092210294523,0.19666666666666666,21,11,2
0.6666666666666666,0.0,0.0,0.19666666666666666,22,1,4
0.6666666666666666,0.0,0.0,0.19666666666666666,22,1,5
0.6811594202898551,0.000896057347670251,0.001687763713080169,0.19666666666666666,22,1,3
0.0033333333333333335,0.0002981514609421586,0.0005473453749315818,0.19666666666666666,21,11,1
0.005012531328320802,0.0005963029218843172,0.001065814015454303,0.19666666666666666,22,1,2
0.6811594202898551,0.000896057347670251,0.001687763713080169,0.19666666666666666,22,2,3
0.6666666666666666,0.0,0.0,0.19666666666666666,22,2,5
0.6666666666666666,0.0,0.0,0.19666666666666666,22,2,4
0.005494505494505495,0.0008976660682226212,0.0015432098765432098,0.19666666666666666,22,1,1
0.005012531328320802,0.0005963029218843172,0.001065814015454303,0.19666666666666666,22,2,2
0.6666666666666666,0.0,0.0,0.19666666666666666,22,3,4
0.6811594202898551,0.000896057347670251,0.001687763713080169,0.19666666666666666,22,3,3
0.6666666666666666,0.0,0.0,0.19666666666666666,22,3,5
0.005012531328320802,0.0005963029218843172,0.001065814015454303,0.19666666666666666,22,3,2
0.005494505494505495,0.0008976660682226212,0.0015432098765432098,0.19666666666666666,22,2,1
0.6811594202898551,0.000896057347670251,0.001687763713080169,0.19666666666666666,22,4,3
0.6666666666666666,0.0,0.0,0.19666666666666666,22,4,5
0.003787878787878788,0.0005984440454817474,0.0010335917312661498,0.19666666666666666,22,3,1
0.6666666666666666,0.0,0.0,0.19666666666666666,22,4,4
0.005012531328320802,0.0005963029218843172,0.001065814015454303,0.19666666666666666,22,4,2
0.6666666666666666,0.0,0.0,0.19666666666666666,22,5,5
0.6811594202898551,0.000896057347670251,0.001687763713080169,0.19666666666666666,22,5,3
0.6666666666666666,0.0,0.0,0.19666666666666666,22,5,4
0.003787878787878788,0.0005984440454817474,0.0010335917312661498,0.19666666666666666,22,4,1
0.006060606060606061,0.0005963029218843172,0.0010857763300760042,0.19666666666666666,22,5,2
0.6811594202898551,0.000896057347670251,0.001687763713080169,0.19666666666666666,22,6,3
0.006060606060606061,0.0005963029218843172,0.0010857763300760042,0.19666666666666666,22,6,2
0.6666666666666666,0.0,0.0,0.19666666666666666,22,6,5
0.0021929824561403508,0.0002992220227408737,0.000526592943654555,0.19666666666666666,22,5,1
0.6666666666666666,0.0,0.0,0.19666666666666666,22,6,4
0.6666666666666666,0.0,0.0,0.19666666666666666,22,7,5
0.6811594202898551,0.000896057347670251,0.001687763713080169,0.19666666666666666,22,7,3
0.6666666666666666,0.0,0.0,0.19666666666666666,22,7,4
0.0021929824561403508,0.0002992220227408737,0.000526592943654555,0.19666666666666666,22,6,1
0.006060606060606061,0.0005963029218843172,0.0010857763300760042,0.19666666666666666,22,7,2
0.6811594202898551,0.000896057347670251,0.001687763713080169,0.19666666666666666,22,8,3
0.6666666666666666,0.0,0.0,0.19666666666666666,22,8,4
0.3357487922705314,0.0002981514609421586,0.0005307855626326964,0.19666666666666666,22,7,1
0.6666666666666666,0.0,0.0,0.19666666666666666,22,8,5
0.006060606060606061,0.0005963029218843172,0.0010857763300760042,0.19666666666666666,22,8,2
0.34591194968553457,0.0005963029218843172,0.001138627953316254,0.19666666666666666,22,9,3
0.3357487922705314,0.0002981514609421586,0.0005307855626326964,0.19666666666666666,22,8,1
0.6666666666666666,0.0,0.0,0.19666666666666666,22,9,5
0.6666666666666666,0.0,0.0,0.19666666666666666,22,9,4
0.6702127659574467,0.0002984183825723665,0.0005505092210294523,0.19666666666666666,22,9,2
0.34591194968553457,0.0005963029218843172,0.001138627953316254,0.19666666666666666,22,10,3
0.6666666666666666,0.0,0.0,0.19666666666666666,22,10,4
0.6666666666666666,0.0,0.0,0.19666666666666666,22,10,5
0.6702127659574467,0.0002984183825723665,0.0005505092210294523,0.19666666666666666,22,10,2
0.336283185840708,0.0002981514609421586,0.0005415651232060654,0.19666666666666666,22,9,1
0.34591194968553457,0.0005963029218843172,0.001138627953316254,0.19666666666666666,22,11,3
0.336283185840708,0.0002981514609421586,0.0005415651232060654,0.19666666666666666,22,10,1
0.6666666666666666,0.0,0.0,0.19666666666666666,22,11,5
0.6702127659574467,0.0002984183825723665,0.0005505092210294523,0.19666666666666666,22,11,2
0.6666666666666666,0.0,0.0,0.19666666666666666,22,11,4
0.6811594202898551,0.000896057347670251,0.001687763713080169,0.19666666666666666,23,1,3
0.6666666666666666,0.0,0.0,0.19666666666666666,23,1,5
0.6666666666666666,0.0,0.0,0.19666666666666666,23,1,4
0.0033333333333333335,0.0002981514609421586,0.0005473453749315818,0.19666666666666666,22,11,1
0.005012531328320802,0.0005963029218843172,0.001065814015454303,0.19666666666666666,23,1,2
0.6666666666666666,0.0,0.0,0.19666666666666666,23,2,5
0.6811594202898551,0.000896057347670251,0.001687763713080169,0.19666666666666666,23,2,3
0.00404040404040404,0.0005984440454817474,0.0010424811050299713,0.19666666666666666,23,1,1
0.6666666666666666,0.0,0.0,0.19666666666666666,23,2,4
0.005012531328320802,0.0005963029218843172,0.001065814015454303,0.19666666666666666,23,2,2
0.6811594202898551,0.000896057347670251,0.001687763713080169,0.19666666666666666,23,3,3
0.6666666666666666,0.0,0.0,0.19666666666666666,23,3,5
0.005012531328320802,0.0005963029218843172,0.001065814015454303,0.19666666666666666,23,3,2
0.6666666666666666,0.0,0.0,0.19666666666666666,23,3,4
0.00404040404040404,0.0005984440454817474,0.0010424811050299713,0.19666666666666666,23,2,1
0.6811594202898551,0.000896057347670251,0.001687763713080169,0.19666666666666666,23,4,3
0.6666666666666666,0.0,0.0,0.19666666666666666,23,4,5
0.6666666666666666,0.0,0.0,0.19666666666666666,23,4,4
0.005012531328320802,0.0005963029218843172,0.001065814015454303,0.19666666666666666,23,4,2
0.33752620545073375,0.0005984440454817474,0.0010473946059177796,0.19666666666666666,23,3,1
0.6811594202898551,0.000896057347670251,0.001687763713080169,0.19666666666666666,23,5,3
0.6666666666666666,0.0,0.0,0.19666666666666666,23,5,5
0.006060606060606061,0.0005963029218843172,0.0010857763300760042,0.19666666666666666,23,5,2
0.33752620545073375,0.0005984440454817474,0.0010473946059177796,0.19666666666666666,23,4,1
0.6666666666666666,0.0,0.0,0.19666666666666666,23,5,4
0.6811594202898551,0.000896057347670251,0.001687763713080169,0.19666666666666666,23,6,3
0.6666666666666666,0.0,0.0,0.19666666666666666,23,6,5
0.00228310502283105,0.0002992220227408737,0.0005291005291005291,0.19666666666666666,23,5,1
0.6666666666666666,0.0,0.0,0.19666666666666666,23,6,4
0.006060606060606061,0.0005963029218843172,0.0010857763300760042,0.19666666666666666,23,6,2
0.6666666666666666,0.0,0.0,0.19666666666666666,23,7,4
0.6811594202898551,0.000896057347670251,0.001687763713080169,0.19666666666666666,23,7,3
0.6666666666666666,0.0,0.0,0.19666666666666666,23,7,5
0.00228310502283105,0.0002992220227408737,0.0005291005291005291,0.19666666666666666,23,6,1
0.006060606060606061,0.0005963029218843172,0.0010857763300760042,0.19666666666666666,23,7,2
0.6811594202898551,0.000896057347670251,0.001687763713080169,0.19666666666666666,23,8,3
0.6666666666666666,0.0,0.0,0.19666666666666666,23,8,4
0.6666666666666666,0.0,0.0,0.19666666666666666,23,8,5
0.33585858585858586,0.0002981514609421586,0.0005333333333333333,0.19666666666666666,23,7,1
0.006060606060606061,0.0005963029218843172,0.0010857763300760042,0.19666666666666666,23,8,2
0.34591194968553457,0.0005963029218843172,0.001138627953316254,0.19666666666666666,23,9,3
0.6666666666666666,0.0,0.0,0.19666666666666666,23,9,5
0.6666666666666666,0.0,0.0,0.19666666666666666,23,9,4
0.33585858585858586,0.0002981514609421586,0.0005333333333333333,0.19666666666666666,23,8,1
0.6702127659574467,0.0002984183825723665,0.0005505092210294523,0.19666666666666666,23,9,2
0.34591194968553457,0.0005963029218843172,0.001138627953316254,0.19666666666666666,23,10,3
0.6666666666666666,0.0,0.0,0.19666666666666666,23,10,5
0.6666666666666666,0.0,0.0,0.19666666666666666,23,10,4
0.6702127659574467,0.0002984183825723665,0.0005505092210294523,0.19666666666666666,23,10,2
0.3364485981308411,0.0002981514609421586,0.0005442176870748299,0.19666666666666666,23,9,1
0.34591194968553457,0.0005963029218843172,0.001138627953316254,0.19666666666666666,23,11,3
0.6666666666666666,0.0,0.0,0.19666666666666666,23,11,4
0.6702127659574467,0.0002984183825723665,0.0005505092210294523,0.19666666666666666,23,11,2
0.6666666666666666,0.0,0.0,0.19666666666666666,23,11,5
0.3364485981308411,0.0002981514609421586,0.0005442176870748299,0.19666666666666666,23,10,1
0.003472222222222222,0.0002981514609421586,0.0005491488193300383,0.19666666666666666,23,11,1
0.6811594202898551,0.000896057347670251,0.001687763713080169,0.19666666666666666,24,1,3
0.6666666666666666,0.0,0.0,0.19666666666666666,24,1,5
0.6666666666666666,0.0,0.0,0.19666666666666666,24,1,4
0.005012531328320802,0.0005963029218843172,0.001065814015454303,0.19666666666666666,24,1,2
0.6666666666666666,0.0,0.0,0.19666666666666666,24,2,5
0.6811594202898551,0.000896057347670251,0.001687763713080169,0.19666666666666666,24,2,3
0.6666666666666666,0.0,0.0,0.19666666666666666,24,2,4
0.00404040404040404,0.0005984440454817474,0.0010424811050299713,0.19666666666666666,24,1,1
0.005012531328320802,0.0005963029218843172,0.001065814015454303,0.19666666666666666,24,2,2
0.6811594202898551,0.000896057347670251,0.001687763713080169,0.19666666666666666,24,3,3
0.6666666666666666,0.0,0.0,0.19666666666666666,24,3,5
0.6666666666666666,0.0,0.0,0.19666666666666666,24,3,4
0.00404040404040404,0.0005984440454817474,0.0010424811050299713,0.19666666666666666,24,2,1
0.005012531328320802,0.0005963029218843172,0.001065814015454303,0.19666666666666666,24,3,2
0.6666666666666666,0.0,0.0,0.19666666666666666,24,4,4
0.6811594202898551,0.000896057347670251,0.001687763713080169,0.19666666666666666,24,4,3
0.005012531328320802,0.0005963029218843172,0.001065814015454303,0.19666666666666666,24,4,2
0.6666666666666666,0.0,0.0,0.19666666666666666,24,4,5
0.33752620545073375,0.0005984440454817474,0.0010473946059177796,0.19666666666666666,24,3,1
0.6811594202898551,0.000896057347670251,0.001687763713080169,0.19666666666666666,24,5,3
0.6666666666666666,0.0,0.0,0.19666666666666666,24,5,5
0.6666666666666666,0.0,0.0,0.19666666666666666,24,5,4
0.33752620545073375,0.0005984440454817474,0.0010473946059177796,0.19666666666666666,24,4,1
0.006060606060606061,0.0005963029218843172,0.0010857763300760042,0.19666666666666666,24,5,2
0.00228310502283105,0.0002992220227408737,0.0005291005291005291,0.19666666666666666,24,5,1
0.6666666666666666,0.0,0.0,0.19666666666666666,24,6,4
0.6811594202898551,0.000896057347670251,0.001687763713080169,0.19666666666666666,24,6,3
0.006060606060606061,0.0005963029218843172,0.0010857763300760042,0.19666666666666666,24,6,2
0.6666666666666666,0.0,0.0,0.19666666666666666,24,6,5
0.6666666666666666,0.0,0.0,0.19666666666666666,24,7,5
0.00228310502283105,0.0002992220227408737,0.0005291005291005291,0.19666666666666666,24,6,1
0.6666666666666666,0.0,0.0,0.19666666666666666,24,7,4
0.6811594202898551,0.000896057347670251,0.001687763713080169,0.19666666666666666,24,7,3
0.006060606060606061,0.0005963029218843172,0.0010857763300760042,0.19666666666666666,24,7,2
0.6666666666666666,0.0,0.0,0.19666666666666666,24,8,5
0.6811594202898551,0.000896057347670251,0.001687763713080169,0.19666666666666666,24,8,3
0.6666666666666666,0.0,0.0,0.19666666666666666,24,8,4
0.006060606060606061,0.0005963029218843172,0.0010857763300760042,0.19666666666666666,24,8,2
0.33585858585858586,0.0002981514609421586,0.0005333333333333333,0.19666666666666666,24,7,1
0.6666666666666666,0.0,0.0,0.19666666666666666,24,9,5
0.6666666666666666,0.0,0.0,0.19666666666666666,24,9,4
0.34591194968553457,0.0005963029218843172,0.001138627953316254,0.19666666666666666,24,9,3
0.6702127659574467,0.0002984183825723665,0.0005505092210294523,0.19666666666666666,24,9,2
0.33585858585858586,0.0002981514609421586,0.0005333333333333333,0.19666666666666666,24,8,1
0.34591194968553457,0.0005963029218843172,0.001138627953316254,0.19666666666666666,24,10,3
0.6666666666666666,0.0,0.0,0.19666666666666666,24,10,5
0.3364485981308411,0.0002981514609421586,0.0005442176870748299,0.19666666666666666,24,9,1
0.6702127659574467,0.0002984183825723665,0.0005505092210294523,0.19666666666666666,24,10,2
0.6666666666666666,0.0,0.0,0.19666666666666666,24,10,4
0.34591194968553457,0.0005963029218843172,0.001138627953316254,0.19666666666666666,24,11,3
0.3364485981308411,0.0002981514609421586,0.0005442176870748299,0.19666666666666666,24,10,1
0.6666666666666666,0.0,0.0,0.19666666666666666,24,11,4
0.6702127659574467,0.0002984183825723665,0.0005505092210294523,0.19666666666666666,24,11,2
0.6666666666666666,0.0,0.0,0.19666666666666666,24,11,5
0.0,0.0,0.0,0.22333333333333333,1,1,3
0.3333333333333333,0.0,0.0,0.22333333333333333,1,1,5
0.0,0.0,0.0,0.22333333333333333,1,1,4
0.003472222222222222,0.0002981514609421586,0.0005491488193300383,0.19666666666666666,24,11,1
0.0036529680365296802,0.0011926058437686344,0.001798156889188582,0.22333333333333333,1,1,2
0.0,0.0,0.0,0.22333333333333333,1,2,4
0.3333333333333333,0.0,0.0,0.22333333333333333,1,2,5
0.0,0.0,0.0,0.22333333333333333,1,2,3
0.0,0.0,0.0,0.22333333333333333,1,3,4
0.3333333333333333,0.0,0.0,0.22333333333333333,1,3,5
0.0036529680365296802,0.0011926058437686344,0.001798156889188582,0.22333333333333333,1,2,2
0.0,0.0,0.0,0.22333333333333333,1,3,3
0.0011933174224343676,0.0008984725965858042,0.001025115325474116,0.22333333333333333,1,1,1
0.0,0.0,0.0,0.22333333333333333,1,4,3
0.0036529680365296802,0.0011926058437686344,0.001798156889188582,0.22333333333333333,1,3,2
0.3333333333333333,0.0,0.0,0.22333333333333333,1,4,5
0.0,0.0,0.0,0.22333333333333333,1,4,4
0.0036529680365296802,0.0011926058437686344,0.001798156889188582,0.22333333333333333,1,4,2
0.0011933174224343676,0.0008984725965858042,0.001025115325474116,0.22333333333333333,1,2,1
0.0,0.0,0.0,0.22333333333333333,1,5,3
0.0012143290831815423,0.0005989817310572028,0.0008022462896109106,0.22333333333333333,1,3,1
0.3333333333333333,0.0,0.0,0.22333333333333333,1,5,5
0.0,0.0,0.0,0.22333333333333333,1,5,4
0.0017094017094017094,0.0002981514609421586,0.0005077430820005078,0.22333333333333333,1,5,2
0.0012143290831815423,0.0005989817310572028,0.0008022462896109106,0.22333333333333333,1,4,1
0.3333333333333333,0.0,0.0,0.22333333333333333,1,6,5
0.0,0.0,0.0,0.22333333333333333,1,6,4
0.0009832841691248771,0.0002994908655286014,0.0004591368227731864,0.22333333333333333,1,5,1
0.0,0.0,0.0,0.22333333333333333,1,6,3
0.0017094017094017094,0.0002981514609421586,0.0005077430820005078,0.22333333333333333,1,6,2
0.3333333333333333,0.0,0.0,0.22333333333333333,1,7,5
0.0,0.0,0.0,0.22333333333333333,1,7,4
0.0009832841691248771,0.0002994908655286014,0.0004591368227731864,0.22333333333333333,1,6,1
0.0,0.0,0.0,0.22333333333333333,1,7,3
0.0017094017094017094,0.0002981514609421586,0.0005077430820005078,0.22333333333333333,1,7,2
0.0,0.0,0.0,0.22333333333333333,1,8,4
0.3333333333333333,0.0,0.0,0.22333333333333333,1,8,5
0.0,0.0,0.0,0.22333333333333333,1,8,3
0.0014947683109118087,0.0002981514609421586,0.0004971414367387521,0.22333333333333333,1,7,1
0.0017094017094017094,0.0002981514609421586,0.0005077430820005078,0.22333333333333333,1,8,2
0.3333333333333333,0.0,0.0,0.22333333333333333,1,9,5
0.0,0.0,0.0,0.22333333333333333,1,9,4
0.3429951690821256,0.0005963029218843172,0.0011232799775344005,0.22333333333333333,1,9,3
0.0014947683109118087,0.0002981514609421586,0.0004971414367387521,0.22333333333333333,1,8,1
0.002777777777777778,0.0002981514609421586,0.0005385029617662897,0.22333333333333333,1,9,2
0.3429951690821256,0.0005963029218843172,0.0011232799775344005,0.22333333333333333,1,10,3
0.3333333333333333,0.0,0.0,0.22333333333333333,1,10,5
0.0,0.0,0.0,0.22333333333333333,1,10,4
0.002777777777777778,0.0002981514609421586,0.0005385029617662897,0.22333333333333333,1,10,2
0.002364066193853428,0.0002981514609421586,0.0005295207836907599,0.22333333333333333,1,9,1
0.002364066193853428,0.0002981514609421586,0.0005295207836907599,0.22333333333333333,1,10,1
0.3333333333333333,0.0,0.0,0.22333333333333333,1,11,5
0.3429951690821256,0.0005963029218843172,0.0011232799775344005,0.22333333333333333,1,11,3
0.0,0.0,0.0,0.22333333333333333,1,11,4
0.002777777777777778,0.0002981514609421586,0.0005385029617662897,0.22333333333333333,1,11,2
0.3333333333333333,0.0,0.0,0.22333333333333333,2,1,5
0.0,0.0,0.0,0.22333333333333333,2,1,4
0.0029498525073746312,0.0002981514609421586,0.0005415651232060654,0.22333333333333333,1,11,1
0.0,0.0,0.0,0.22333333333333333,2,1,3
0.0036529680365296802,0.0011926058437686344,0.001798156889188582,0.22333333333333333,2,1,2
0.0,0.0,0.0,0.22333333333333333,2,2,4
0.3333333333333333,0.0,0.0,0.22333333333333333,2,2,5
0.0,0.0,0.0,0.22333333333333333,2,2,3
0.0036529680365296802,0.0011926058437686344,0.001798156889188582,0.22333333333333333,2,2,2
0.0,0.0,0.0,0.22333333333333333,2,3,4
0.3333333333333333,0.0,0.0,0.22333333333333333,2,3,5
0.0,0.0,0.0,0.22333333333333333,2,3,3
0.0011933174224343676,0.0008984725965858042,0.001025115325474116,0.22333333333333333,2,1,1
0.0036529680365296802,0.0011926058437686344,0.001798156889188582,0.22333333333333333,2,3,2
0.0,0.0,0.0,0.22333333333333333,2,4,3
0.0,0.0,0.0,0.22333333333333333,2,4,4
0.3333333333333333,0.0,0.0,0.22333333333333333,2,4,5
0.0011933174224343676,0.0008984725965858042,0.001025115325474116,0.22333333333333333,2,2,1
0.0036529680365296802,0.0011926058437686344,0.001798156889188582,0.22333333333333333,2,4,2
0.0012143290831815423,0.0005989817310572028,0.0008022462896109106,0.22333333333333333,2,3,1
0.3333333333333333,0.0,0.0,0.22333333333333333,2,5,5
0.0,0.0,0.0,0.22333333333333333,2,5,3
0.0,0.0,0.0,0.22333333333333333,2,5,4
0.0017094017094017094,0.0002981514609421586,0.0005077430820005078,0.22333333333333333,2,5,2
0.0012143290831815423,0.0005989817310572028,0.0008022462896109106,0.22333333333333333,2,4,1
0.0,0.0,0.0,0.22333333333333333,2,6,4
0.3333333333333333,0.0,0.0,0.22333333333333333,2,6,5
0.0,0.0,0.0,0.22333333333333333,2,6,3
0.0009832841691248771,0.0002994908655286014,0.0004591368227731864,0.22333333333333333,2,5,1
0.0017094017094017094,0.0002981514609421586,0.0005077430820005078,0.22333333333333333,2,6,2
0.0,0.0,0.0,0.22333333333333333,2,7,4
0.3333333333333333,0.0,0.0,0.22333333333333333,2,7,5
0.0009832841691248771,0.0002994908655286014,0.0004591368227731864,0.22333333333333333,2,6,1
0.0,0.0,0.0,0.22333333333333333,2,7,3
0.0,0.0,0.0,0.22333333333333333,2,8,4
0.3333333333333333,0.0,0.0,0.22333333333333333,2,8,5
0.0017094017094017094,0.0002981514609421586,0.0005077430820005078,0.22333333333333333,2,7,2
0.0014947683109118087,0.0002981514609421586,0.0004971414367387521,0.22333333333333333,2,7,1
0.0,0.0,0.0,0.22333333333333333,2,8,3
0.0017094017094017094,0.0002981514609421586,0.0005077430820005078,0.22333333333333333,2,8,2
0.0,0.0,0.0,0.22333333333333333,2,9,4
0.3333333333333333,0.0,0.0,0.22333333333333333,2,9,5
0.3429951690821256,0.0005963029218843172,0.0011232799775344005,0.22333333333333333,2,9,3
0.0014947683109118087,0.0002981514609421586,0.0004971414367387521,0.22333333333333333,2,8,1
0.002777777777777778,0.0002981514609421586,0.0005385029617662897,0.22333333333333333,2,9,2
0.002364066193853428,0.0002981514609421586,0.0005295207836907599,0.22333333333333333,2,9,1
0.3429951690821256,0.0005963029218843172,0.0011232799775344005,0.22333333333333333,2,10,3
0.3333333333333333,0.0,0.0,0.22333333333333333,2,10,5
0.0,0.0,0.0,0.22333333333333333,2,10,4
0.002777777777777778,0.0002981514609421586,0.0005385029617662897,0.22333333333333333,2,10,2
0.3429951690821256,0.0005963029218843172,0.0011232799775344005,0.22333333333333333,2,11,3
0.0,0.0,0.0,0.22333333333333333,2,11,4
0.3333333333333333,0.0,0.0,0.22333333333333333,2,11,5
0.002364066193853428,0.0002981514609421586,0.0005295207836907599,0.22333333333333333,2,10,1
0.002777777777777778,0.0002981514609421586,0.0005385029617662897,0.22333333333333333,2,11,2
0.0029498525073746312,0.0002981514609421586,0.0005415651232060654,0.22333333333333333,2,11,1
0.3333333333333333,0.0,0.0,0.22333333333333333,3,1,5
0.0,0.0,0.0,0.22333333333333333,3,1,4
0.0,0.0,0.0,0.22333333333333333,3,1,3
0.0036529680365296802,0.0011926058437686344,0.001798156889188582,0.22333333333333333,3,1,2
0.3333333333333333,0.0,0.0,0.22333333333333333,3,2,5
0.0,0.0,0.0,0.22333333333333333,3,2,4
0.0,0.0,0.0,0.22333333333333333,3,2,3
0.0036529680365296802,0.0011926058437686344,0.001798156889188582,0.22333333333333333,3,2,2
0.3333333333333333,0.0,0.0,0.22333333333333333,3,3,5
0.0,0.0,0.0,0.22333333333333333,3,3,4
0.0,0.0,0.0,0.22333333333333333,3,3,3
0.0011933174224343676,0.0008984725965858042,0.001025115325474116,0.22333333333333333,3,1,1
0.0036529680365296802,0.0011926058437686344,0.001798156889188582,0.22333333333333333,3,3,2
0.3333333333333333,0.0,0.0,0.22333333333333333,3,4,5
0.0,0.0,0.0,0.22333333333333333,3,4,4
0.0011933174224343676,0.0008984725965858042,0.001025115325474116,0.22333333333333333,3,2,1
0.0,0.0,0.0,0.22333333333333333,3,4,3
0.0036529680365296802,0.0011926058437686344,0.001798156889188582,0.22333333333333333,3,4,2
0.0012143290831815423,0.0005989817310572028,0.0008022462896109106,0.22333333333333333,3,3,1
0.0,0.0,0.0,0.22333333333333333,3,5,4
0.3333333333333333,0.0,0.0,0.22333333333333333,3,5,5
0.0,0.0,0.0,0.22333333333333333,3,5,3
0.0017094017094017094,0.0002981514609421586,0.0005077430820005078,0.22333333333333333,3,5,2
0.0012143290831815423,0.0005989817310572028,0.0008022462896109106,0.22333333333333333,3,4,1
0.3333333333333333,0.0,0.0,0.22333333333333333,3,6,5
0.0,0.0,0.0,0.22333333333333333,3,6,4
0.0,0.0,0.0,0.22333333333333333,3,6,3
0.0017094017094017094,0.0002981514609421586,0.0005077430820005078,0.22333333333333333,3,6,2
0.0009832841691248771,0.0002994908655286014,0.0004591368227731864,0.22333333333333333,3,5,1
0.3333333333333333,0.0,0.0,0.22333333333333333,3,7,5
0.0,0.0,0.0,0.22333333333333333,3,7,4
0.0,0.0,0.0,0.22333333333333333,3,7,3
0.0017094017094017094,0.0002981514609421586,0.0005077430820005078,0.22333333333333333,3,7,2
0.3333333333333333,0.0,0.0,0.22333333333333333,3,8,5
0.0009832841691248771,0.0002994908655286014,0.0004591368227731864,0.22333333333333333,3,6,1
0.0,0.0,0.0,0.22333333333333333,3,8,4
0.0014947683109118087,0.0002981514609421586,0.0004971414367387521,0.22333333333333333,3,7,1
0.0,0.0,0.0,0.22333333333333333,3,8,3
0.0017094017094017094,0.0002981514609421586,0.0005077430820005078,0.22333333333333333,3,8,2
0.0,0.0,0.0,0.22333333333333333,3,9,4
0.3429951690821256,0.0005963029218843172,0.0011232799775344005,0.22333333333333333,3,9,3
0.0014947683109118087,0.0002981514609421586,0.0004971414367387521,0.22333333333333333,3,8,1
0.002777777777777778,0.0002981514609421586,0.0005385029617662897,0.22333333333333333,3,9,2
0.3333333333333333,0.0,0.0,0.22333333333333333,3,9,5
0.0,0.0,0.0,0.22333333333333333,3,10,4
0.3333333333333333,0.0,0.0,0.22333333333333333,3,10,5
0.3429951690821256,0.0005963029218843172,0.0011232799775344005,0.22333333333333333,3,10,3
0.002777777777777778,0.0002981514609421586,0.0005385029617662897,0.22333333333333333,3,10,2
0.002364066193853428,0.0002981514609421586,0.0005295207836907599,0.22333333333333333,3,9,1
0.3333333333333333,0.0,0.0,0.22333333333333333,3,11,5
0.0,0.0,0.0,0.22333333333333333,3,11,4
0.3429951690821256,0.0005963029218843172,0.0011232799775344005,0.22333333333333333,3,11,3
0.002364066193853428,0.0002981514609421586,0.0005295207836907599,0.22333333333333333,3,10,1
0.002777777777777778,0.0002981514609421586,0.0005385029617662897,0.22333333333333333,3,11,2
0.3333333333333333,0.0,0.0,0.22333333333333333,4,1,5
0.0,0.0,0.0,0.22333333333333333,4,1,4
0.0029498525073746312,0.0002981514609421586,0.0005415651232060654,0.22333333333333333,3,11,1
0.0,0.0,0.0,0.22333333333333333,4,1,3
0.3333333333333333,0.0,0.0,0.22333333333333333,4,2,5
0.0,0.0,0.0,0.22333333333333333,4,2,4
0.0,0.0,0.0,0.22333333333333333,4,2,3
0.0036529680365296802,0.0011926058437686344,0.001798156889188582,0.22333333333333333,4,1,2
0.0036529680365296802,0.0011926058437686344,0.001798156889188582,0.22333333333333333,4,2,2
0.0,0.0,0.0,0.22333333333333333,4,3,3
0.0,0.0,0.0,0.22333333333333333,4,3,4
0.3333333333333333,0.0,0.0,0.22333333333333333,4,3,5
0.0011933174224343676,0.0008984725965858042,0.001025115325474116,0.22333333333333333,4,1,1
0.0036529680365296802,0.0011926058437686344,0.001798156889188582,0.22333333333333333,4,3,2
0.0,0.0,0.0,0.22333333333333333,4,4,4
0.3333333333333333,0.0,0.0,0.22333333333333333,4,4,5
0.0,0.0,0.0,0.22333333333333333,4,4,3
0.0011933174224343676,0.0008984725965858042,0.001025115325474116,0.22333333333333333,4,2,1
0.0036529680365296802,0.0011926058437686344,0.001798156889188582,0.22333333333333333,4,4,2
0.0012143290831815423,0.0005989817310572028,0.0008022462896109106,0.22333333333333333,4,3,1
0.0,0.0,0.0,0.22333333333333333,4,5,3
0.3333333333333333,0.0,0.0,0.22333333333333333,4,5,5
0.0,0.0,0.0,0.22333333333333333,4,5,4
0.0017094017094017094,0.0002981514609421586,0.0005077430820005078,0.22333333333333333,4,5,2
0.0012143290831815423,0.0005989817310572028,0.0008022462896109106,0.22333333333333333,4,4,1
0.3333333333333333,0.0,0.0,0.22333333333333333,4,6,5
0.0,0.0,0.0,0.22333333333333333,4,6,4
0.0009832841691248771,0.0002994908655286014,0.0004591368227731864,0.22333333333333333,4,5,1
0.0017094017094017094,0.0002981514609421586,0.0005077430820005078,0.22333333333333333,4,6,2
0.0,0.0,0.0,0.22333333333333333,4,6,3
0.3333333333333333,0.0,0.0,0.22333333333333333,4,7,5
0.0,0.0,0.0,0.22333333333333333,4,7,4
0.0009832841691248771,0.0002994908655286014,0.0004591368227731864,0.22333333333333333,4,6,1
0.0,0.0,0.0,0.22333333333333333,4,7,3
0.0017094017094017094,0.0002981514609421586,0.0005077430820005078,0.22333333333333333,4,7,2
0.3333333333333333,0.0,0.0,0.22333333333333333,4,8,5
0.0,0.0,0.0,0.22333333333333333,4,8,4
0.0,0.0,0.0,0.22333333333333333,4,8,3
0.0014947683109118087,0.0002981514609421586,0.0004971414367387521,0.22333333333333333,4,7,1
0.0017094017094017094,0.0002981514609421586,0.0005077430820005078,0.22333333333333333,4,8,2
0.3333333333333333,0.0,0.0,0.22333333333333333,4,9,5
0.0,0.0,0.0,0.22333333333333333,4,9,4
0.3429951690821256,0.0005963029218843172,0.0011232799775344005,0.22333333333333333,4,9,3
0.0014947683109118087,0.0002981514609421586,0.0004971414367387521,0.22333333333333333,4,8,1
0.002777777777777778,0.0002981514609421586,0.0005385029617662897,0.22333333333333333,4,9,2
0.3333333333333333,0.0,0.0,0.22333333333333333,4,10,5
0.002364066193853428,0.0002981514609421586,0.0005295207836907599,0.22333333333333333,4,9,1
0.3429951690821256,0.0005963029218843172,0.0011232799775344005,0.22333333333333333,4,10,3
0.0,0.0,0.0,0.22333333333333333,4,10,4
0.002777777777777778,0.0002981514609421586,0.0005385029617662897,0.22333333333333333,4,10,2
0.002364066193853428,0.0002981514609421586,0.0005295207836907599,0.22333333333333333,4,10,1
0.3333333333333333,0.0,0.0,0.22333333333333333,4,11,5
0.3429951690821256,0.0005963029218843172,0.0011232799775344005,0.22333333333333333,4,11,3
0.0,0.0,0.0,0.22333333333333333,4,11,4
0.002777777777777778,0.0002981514609421586,0.0005385029617662897,0.22333333333333333,4,11,2
0.3333333333333333,0.0,0.0,0.22333333333333333,5,1,5
0.0,0.0,0.0,0.22333333333333333,5,1,4
0.0029498525073746312,0.0002981514609421586,0.0005415651232060654,0.22333333333333333,4,11,1
0.0,0.0,0.0,0.22333333333333333,5,1,3
0.3333333333333333,0.0,0.0,0.22333333333333333,5,2,5
0.0036529680365296802,0.0011926058437686344,0.001798156889188582,0.22333333333333333,5,1,2
0.0,0.0,0.0,0.22333333333333333,5,2,4
0.0,0.0,0.0,0.22333333333333333,5,2,3
0.0036529680365296802,0.0011926058437686344,0.001798156889188582,0.22333333333333333,5,2,2
0.0011074197120708748,0.0005989817310572028,0.0007774538386783285,0.22333333333333333,5,1,1
0.3333333333333333,0.0,0.0,0.22333333333333333,5,3,5
0.0,0.0,0.0,0.22333333333333333,5,3,4
0.0,0.0,0.0,0.22333333333333333,5,3,3
0.0036529680365296802,0.0011926058437686344,0.001798156889188582,0.22333333333333333,5,3,2
0.0011074197120708748,0.0005989817310572028,0.0007774538386783285,0.22333333333333333,5,2,1
0.3333333333333333,0.0,0.0,0.22333333333333333,5,4,5
0.0,0.0,0.0,0.22333333333333333,5,4,4
0.0,0.0,0.0,0.22333333333333333,5,4,3
0.0036529680365296802,0.0011926058437686344,0.001798156889188582,0.22333333333333333,5,4,2
0.0007698229407236335,0.0002994908655286014,0.00043122035360068997,0.22333333333333333,5,3,1
0.0,0.0,0.0,0.22333333333333333,5,5,3
0.0,0.0,0.0,0.22333333333333333,5,5,4
0.3333333333333333,0.0,0.0,0.22333333333333333,5,5,5
0.0017094017094017094,0.0002981514609421586,0.0005077430820005078,0.22333333333333333,5,5,2
0.0007698229407236335,0.0002994908655286014,0.00043122035360068997,0.22333333333333333,5,4,1
0.3333333333333333,0.0,0.0,0.22333333333333333,5,6,5
0.0,0.0,0.0,0.22333333333333333,5,6,4
0.0012345679012345679,0.0002994908655286014,0.0004820438659918053,0.22333333333333333,5,5,1
0.0,0.0,0.0,0.22333333333333333,5,6,3
0.0017094017094017094,0.0002981514609421586,0.0005077430820005078,0.22333333333333333,5,6,2
0.3333333333333333,0.0,0.0,0.22333333333333333,5,7,5
0.0,0.0,0.0,0.22333333333333333,5,7,4
0.0,0.0,0.0,0.22333333333333333,5,7,3
0.0012345679012345679,0.0002994908655286014,0.0004820438659918053,0.22333333333333333,5,6,1
0.3333333333333333,0.0,0.0,0.22333333333333333,5,8,5
0.0,0.0,0.0,0.22333333333333333,5,8,4
0.0017094017094017094,0.0002981514609421586,0.0005077430820005078,0.22333333333333333,5,7,2
0.0017094017094017094,0.0002981514609421586,0.0005077430820005078,0.22333333333333333,5,7,1
0.0,0.0,0.0,0.22333333333333333,5,8,3
0.0017094017094017094,0.0002981514609421586,0.0005077430820005078,0.22333333333333333,5,8,2
0.3333333333333333,0.0,0.0,0.22333333333333333,5,9,5
0.3429951690821256,0.0005963029218843172,0.0011232799775344005,0.22333333333333333,5,9,3
0.0,0.0,0.0,0.22333333333333333,5,9,4
0.002777777777777778,0.0002981514609421586,0.0005385029617662897,0.22333333333333333,5,9,2
0.0017094017094017094,0.0002981514609421586,0.0005077430820005078,0.22333333333333333,5,8,1
0.3333333333333333,0.0,0.0,0.22333333333333333,5,10,5
0.3429951690821256,0.0005963029218843172,0.0011232799775344005,0.22333333333333333,5,10,3
0.0,0.0,0.0,0.22333333333333333,5,10,4
0.002583979328165375,0.0002981514609421586,0.0005346164127238706,0.22333333333333333,5,9,1
0.002777777777777778,0.0002981514609421586,0.0005385029617662897,0.22333333333333333,5,10,2
0.3429951690821256,0.0005963029218843172,0.0011232799775344005,0.22333333333333333,5,11,3
0.3333333333333333,0.0,0.0,0.22333333333333333,5,11,5
0.0,0.0,0.0,0.22333333333333333,5,11,4
0.002583979328165375,0.0002981514609421586,0.0005346164127238706,0.22333333333333333,5,10,1
0.002777777777777778,0.0002981514609421586,0.0005385029617662897,0.22333333333333333,5,11,2
0.3333333333333333,0.0,0.0,0.22333333333333333,6,1,5
0.0,0.0,0.0,0.22333333333333333,6,1,4
0.0033003300330033004,0.0002981514609421586,0.000546896363139185,0.22333333333333333,5,11,1
0.0,0.0,0.0,0.22333333333333333,6,1,3
0.0036529680365296802,0.0011926058437686344,0.001798156889188582,0.22333333333333333,6,1,2
0.3333333333333333,0.0,0.0,0.22333333333333333,6,2,5
0.0,0.0,0.0,0.22333333333333333,6,2,4
0.0,0.0,0.0,0.22333333333333333,6,2,3
0.0036529680365296802,0.0011926058437686344,0.001798156889188582,0.22333333333333333,6,2,2
0.0011074197120708748,0.0005989817310572028,0.0007774538386783285,0.22333333333333333,6,1,1
0.3333333333333333,0.0,0.0,0.22333333333333333,6,3,5
0.0,0.0,0.0,0.22333333333333333,6,3,4
0.0,0.0,0.0,0.22333333333333333,6,3,3
0.0011074197120708748,0.0005989817310572028,0.0007774538386783285,0.22333333333333333,6,2,1
0.3333333333333333,0.0,0.0,0.22333333333333333,6,4,5
0.0036529680365296802,0.0011926058437686344,0.001798156889188582,0.22333333333333333,6,3,2
0.0,0.0,0.0,0.22333333333333333,6,4,3
0.0,0.0,0.0,0.22333333333333333,6,4,4
0.0007698229407236335,0.0002994908655286014,0.00043122035360068997,0.22333333333333333,6,3,1
0.0036529680365296802,0.0011926058437686344,0.001798156889188582,0.22333333333333333,6,4,2
0.0,0.0,0.0,0.22333333333333333,6,5,3
0.3333333333333333,0.0,0.0,0.22333333333333333,6,5,5
0.0,0.0,0.0,0.22333333333333333,6,5,4
0.0017094017094017094,0.0002981514609421586,0.0005077430820005078,0.22333333333333333,6,5,2
0.0007698229407236335,0.0002994908655286014,0.00043122035360068997,0.22333333333333333,6,4,1
0.3333333333333333,0.0,0.0,0.22333333333333333,6,6,5
0.0012345679012345679,0.0002994908655286014,0.0004820438659918053,0.22333333333333333,6,5,1
0.0,0.0,0.0,0.22333333333333333,6,6,4
0.0,0.0,0.0,0.22333333333333333,6,6,3
0.0017094017094017094,0.0002981514609421586,0.0005077430820005078,0.22333333333333333,6,6,2
0.3333333333333333,0.0,0.0,0.22333333333333333,6,7,5
0.0,0.0,0.0,0.22333333333333333,6,7,4
0.0012345679012345679,0.0002994908655286014,0.0004820438659918053,0.22333333333333333,6,6,1
0.0,0.0,0.0,0.22333333333333333,6,7,3
0.0017094017094017094,0.0002981514609421586,0.0005077430820005078,0.22333333333333333,6,7,2
0.3333333333333333,0.0,0.0,0.22333333333333333,6,8,5
0.0,0.0,0.0,0.22333333333333333,6,8,4
0.0017094017094017094,0.0002981514609421586,0.0005077430820005078,0.22333333333333333,6,7,1
0.0,0.0,0.0,0.22333333333333333,6,8,3
0.0,0.0,0.0,0.22333333333333333,6,9,4
0.0017094017094017094,0.0002981514609421586,0.0005077430820005078,0.22333333333333333,6,8,2
0.3333333333333333,0.0,0.0,0.22333333333333333,6,9,5
0.3429951690821256,0.0005963029218843172,0.0011232799775344005,0.22333333333333333,6,9,3
0.0017094017094017094,0.0002981514609421586,0.0005077430820005078,0.22333333333333333,6,8,1
0.002777777777777778,0.0002981514609421586,0.0005385029617662897,0.22333333333333333,6,9,2
0.3333333333333333,0.0,0.0,0.22333333333333333,6,10,5
0.0,0.0,0.0,0.22333333333333333,6,10,4
0.002583979328165375,0.0002981514609421586,0.0005346164127238706,0.22333333333333333,6,9,1
0.3429951690821256,0.0005963029218843172,0.0011232799775344005,0.22333333333333333,6,10,3
0.002777777777777778,0.0002981514609421586,0.0005385029617662897,0.22333333333333333,6,10,2
0.3429951690821256,0.0005963029218843172,0.0011232799775344005,0.22333333333333333,6,11,3
0.002583979328165375,0.0002981514609421586,0.0005346164127238706,0.22333333333333333,6,10,1
0.3333333333333333,0.0,0.0,0.22333333333333333,6,11,5
0.0,0.0,0.0,0.22333333333333333,6,11,4
0.002777777777777778,0.0002981514609421586,0.0005385029617662897,0.22333333333333333,6,11,2
0.0033003300330033004,0.0002981514609421586,0.000546896363139185,0.22333333333333333,6,11,1
0.3333333333333333,0.0,0.0,0.22333333333333333,7,1,5
0.0,0.0,0.0,0.22333333333333333,7,1,4
0.0,0.0,0.0,0.22333333333333333,7,1,3
0.3333333333333333,0.0,0.0,0.22333333333333333,7,2,5
0.0036529680365296802,0.0011926058437686344,0.001798156889188582,0.22333333333333333,7,1,2
0.0,0.0,0.0,0.22333333333333333,7,2,4
0.0,0.0,0.0,0.22333333333333333,7,2,3
0.0036529680365296802,0.0011926058437686344,0.001798156889188582,0.22333333333333333,7,2,2
0.3333333333333333,0.0,0.0,0.22333333333333333,7,3,5
0.0,0.0,0.0,0.22333333333333333,7,3,4
0.0011337868480725624,0.0005989817310572028,0.0007838526357044876,0.22333333333333333,7,1,1
0.0,0.0,0.0,0.22333333333333333,7,3,3
0.0,0.0,0.0,0.22333333333333333,7,4,3
0.0011337868480725624,0.0005989817310572028,0.0007838526357044876,0.22333333333333333,7,2,1
0.0036529680365296802,0.0011926058437686344,0.001798156889188582,0.22333333333333333,7,3,2
0.0,0.0,0.0,0.22333333333333333,7,4,4
0.3333333333333333,0.0,0.0,0.22333333333333333,7,4,5
0.0036529680365296802,0.0011926058437686344,0.001798156889188582,0.22333333333333333,7,4,2
0.000782472613458529,0.0002994908655286014,0.0004331817197314274,0.22333333333333333,7,3,1
0.3333333333333333,0.0,0.0,0.22333333333333333,7,5,5
0.0,0.0,0.0,0.22333333333333333,7,5,4
0.0,0.0,0.0,0.22333333333333333,7,5,3
0.000782472613458529,0.0002994908655286014,0.0004331817197314274,0.22333333333333333,7,4,1
0.0017094017094017094,0.0002981514609421586,0.0005077430820005078,0.22333333333333333,7,5,2
0.3333333333333333,0.0,0.0,0.22333333333333333,7,6,5
0.0,0.0,0.0,0.22333333333333333,7,6,4
0.0,0.0,0.0,0.22333333333333333,7,6,3
0.0012578616352201257,0.0002994908655286014,0.0004837929366231253,0.22333333333333333,7,5,1
0.0017094017094017094,0.0002981514609421586,0.0005077430820005078,0.22333333333333333,7,6,2
0.3333333333333333,0.0,0.0,0.22333333333333333,7,7,5
0.0,0.0,0.0,0.22333333333333333,7,7,4
0.0,0.0,0.0,0.22333333333333333,7,7,3
0.0012578616352201257,0.0002994908655286014,0.0004837929366231253,0.22333333333333333,7,6,1
0.0017094017094017094,0.0002981514609421586,0.0005077430820005078,0.22333333333333333,7,7,2
0.3333333333333333,0.0,0.0,0.22333333333333333,7,8,5
0.0,0.0,0.0,0.22333333333333333,7,8,4
0.001718213058419244,0.0002981514609421586,0.0005081300813008131,0.22333333333333333,7,7,1
0.0,0.0,0.0,0.22333333333333333,7,8,3
0.0017094017094017094,0.0002981514609421586,0.0005077430820005078,0.22333333333333333,7,8,2
0.0,0.0,0.0,0.22333333333333333,7,9,4
0.3333333333333333,0.0,0.0,0.22333333333333333,7,9,5
0.001718213058419244,0.0002981514609421586,0.0005081300813008131,0.22333333333333333,7,8,1
0.3429951690821256,0.0005963029218843172,0.0011232799775344005,0.22333333333333333,7,9,3
0.002777777777777778,0.0002981514609421586,0.0005385029617662897,0.22333333333333333,7,9,2
0.3333333333333333,0.0,0.0,0.22333333333333333,7,10,5
0.0,0.0,0.0,0.22333333333333333,7,10,4
0.002583979328165375,0.0002981514609421586,0.0005346164127238706,0.22333333333333333,7,9,1
0.3429951690821256,0.0005963029218843172,0.0011232799775344005,0.22333333333333333,7,10,3
0.002777777777777778,0.0002981514609421586,0.0005385029617662897,0.22333333333333333,7,10,2
0.3333333333333333,0.0,0.0,0.22333333333333333,7,11,5
0.3429951690821256,0.0005963029218843172,0.0011232799775344005,0.22333333333333333,7,11,3
0.0,0.0,0.0,0.22333333333333333,7,11,4
0.002583979328165375,0.0002981514609421586,0.0005346164127238706,0.22333333333333333,7,10,1
0.002777777777777778,0.0002981514609421586,0.0005385029617662897,0.22333333333333333,7,11,2
0.0033003300330033004,0.0002981514609421586,0.000546896363139185,0.22333333333333333,7,11,1
0.3333333333333333,0.0,0.0,0.22333333333333333,8,1,5
0.0,0.0,0.0,0.22333333333333333,8,1,3
0.0,0.0,0.0,0.22333333333333333,8,1,4
0.0036529680365296802,0.0011926058437686344,0.001798156889188582,0.22333333333333333,8,1,2
0.3333333333333333,0.0,0.0,0.22333333333333333,8,2,5
0.0,0.0,0.0,0.22333333333333333,8,2,4
0.0,0.0,0.0,0.22333333333333333,8,2,3
0.0036529680365296802,0.0011926058437686344,0.001798156889188582,0.22333333333333333,8,2,2
0.3333333333333333,0.0,0.0,0.22333333333333333,8,3,5
0.0011337868480725624,0.0005989817310572028,0.0007838526357044876,0.22333333333333333,8,1,1
0.0,0.0,0.0,0.22333333333333333,8,3,4
0.0,0.0,0.0,0.22333333333333333,8,3,3
0.0036529680365296802,0.0011926058437686344,0.001798156889188582,0.22333333333333333,8,3,2
0.0011337868480725624,0.0005989817310572028,0.0007838526357044876,0.22333333333333333,8,2,1
0.0,0.0,0.0,0.22333333333333333,8,4,3
0.3333333333333333,0.0,0.0,0.22333333333333333,8,4,5
0.0,0.0,0.0,0.22333333333333333,8,4,4
0.000782472613458529,0.0002994908655286014,0.0004331817197314274,0.22333333333333333,8,3,1
0.0036529680365296802,0.0011926058437686344,0.001798156889188582,0.22333333333333333,8,4,2
0.3333333333333333,0.0,0.0,0.22333333333333333,8,5,5
0.0,0.0,0.0,0.22333333333333333,8,5,3
0.0,0.0,0.0,0.22333333333333333,8,5,4
0.0017094017094017094,0.0002981514609421586,0.0005077430820005078,0.22333333333333333,8,5,2
0.000782472613458529,0.0002994908655286014,0.0004331817197314274,0.22333333333333333,8,4,1
0.3333333333333333,0.0,0.0,0.22333333333333333,8,6,5
0.0,0.0,0.0,0.22333333333333333,8,6,4
0.0012578616352201257,0.0002994908655286014,0.0004837929366231253,0.22333333333333333,8,5,1
0.0017094017094017094,0.0002981514609421586,0.0005077430820005078,0.22333333333333333,8,6,2
0.0,0.0,0.0,0.22333333333333333,8,6,3
0.0,0.0,0.0,0.22333333333333333,8,7,4
0.3333333333333333,0.0,0.0,0.22333333333333333,8,7,5
0.0012578616352201257,0.0002994908655286014,0.0004837929366231253,0.22333333333333333,8,6,1
0.0,0.0,0.0,0.22333333333333333,8,7,3
0.0017094017094017094,0.0002981514609421586,0.0005077430820005078,0.22333333333333333,8,7,2
0.3333333333333333,0.0,0.0,0.22333333333333333,8,8,5
0.0,0.0,0.0,0.22333333333333333,8,8,4
0.0,0.0,0.0,0.22333333333333333,8,8,3
0.001718213058419244,0.0002981514609421586,0.0005081300813008131,0.22333333333333333,8,7,1
0.0017094017094017094,0.0002981514609421586,0.0005077430820005078,0.22333333333333333,8,8,2
0.3429951690821256,0.0005963029218843172,0.0011232799775344005,0.22333333333333333,8,9,3
0.3333333333333333,0.0,0.0,0.22333333333333333,8,9,5
0.002777777777777778,0.0002981514609421586,0.0005385029617662897,0.22333333333333333,8,9,2
0.001718213058419244,0.0002981514609421586,0.0005081300813008131,0.22333333333333333,8,8,1
0.0,0.0,0.0,0.22333333333333333,8,9,4
0.002583979328165375,0.0002981514609421586,0.0005346164127238706,0.22333333333333333,8,9,1
0.3333333333333333,0.0,0.0,0.22333333333333333,8,10,5
0.0,0.0,0.0,0.22333333333333333,8,10,4
0.3429951690821256,0.0005963029218843172,0.0011232799775344005,0.22333333333333333,8,10,3
0.002777777777777778,0.0002981514609421586,0.0005385029617662897,0.22333333333333333,8,10,2
0.3333333333333333,0.0,0.0,0.22333333333333333,8,11,5
0.0,0.0,0.0,0.22333333333333333,8,11,4
0.3429951690821256,0.0005963029218843172,0.0011232799775344005,0.22333333333333333,8,11,3
0.002583979328165375,0.0002981514609421586,0.0005346164127238706,0.22333333333333333,8,10,1
0.002777777777777778,0.0002981514609421586,0.0005385029617662897,0.22333333333333333,8,11,2
0.3333333333333333,0.0,0.0,0.22333333333333333,9,1,5
0.0,0.0,0.0,0.22333333333333333,9,1,4
0.0033003300330033004,0.0002981514609421586,0.000546896363139185,0.22333333333333333,8,11,1
0.0,0.0,0.0,0.22333333333333333,9,1,3
0.004149377593360996,0.0008944543828264757,0.0014716703458425313,0.22333333333333333,9,1,2
0.3333333333333333,0.0,0.0,0.22333333333333333,9,2,5
0.0,0.0,0.0,0.22333333333333333,9,2,4
0.0017050298380221656,0.0005989817310572028,0.0008865248226950355,0.22333333333333333,9,1,1
0.0,0.0,0.0,0.22333333333333333,9,2,3
0.004149377593360996,0.0008944543828264757,0.0014716703458425313,0.22333333333333333,9,2,2
0.0,0.0,0.0,0.22333333333333333,9,3,4
0.3333333333333333,0.0,0.0,0.22333333333333333,9,3,5
0.0,0.0,0.0,0.22333333333333333,9,3,3
0.004149377593360996,0.0008944543828264757,0.0014716703458425313,0.22333333333333333,9,3,2
0.0017050298380221656,0.0005989817310572028,0.0008865248226950355,0.22333333333333333,9,2,1
0.3333333333333333,0.0,0.0,0.22333333333333333,9,4,5
0.0,0.0,0.0,0.22333333333333333,9,4,4
0.0,0.0,0.0,0.22333333333333333,9,4,3
0.004149377593360996,0.0008944543828264757,0.0014716703458425313,0.22333333333333333,9,4,2
0.0010718113612004287,0.0002994908655286014,0.00046816479400749064,0.22333333333333333,9,3,1
0.0,0.0,0.0,0.22333333333333333,9,5,4
0.0,0.0,0.0,0.22333333333333333,9,5,3
0.3333333333333333,0.0,0.0,0.22333333333333333,9,5,5
0.0010718113612004287,0.0002994908655286014,0.00046816479400749064,0.22333333333333333,9,4,1
0.0,0.0,0.0,0.22333333333333333,9,5,2
0.0,0.0,0.0,0.22333333333333333,9,6,3
0.0,0.0,0.0,0.22333333333333333,9,6,2
0.0015873015873015875,0.0002994908655286014,0.0005039052658100278,0.22333333333333333,9,5,1
0.3333333333333333,0.0,0.0,0.22333333333333333,9,7,5
0.0,0.0,0.0,0.22333333333333333,9,7,4
0.3333333333333333,0.0,0.0,0.22333333333333333,9,6,5
0.0015873015873015875,0.0002994908655286014,0.0005039052658100278,0.22333333333333333,9,6,1
0.0,0.0,0.0,0.22333333333333333,9,6,4
0.0,0.0,0.0,0.22333333333333333,9,7,3
0.0,0.0,0.0,0.22333333333333333,9,7,2
0.3333333333333333,0.0,0.0,0.22333333333333333,9,8,5
0.0,0.0,0.0,0.22333333333333333,9,8,4
0.0,0.0,0.0,0.22333333333333333,9,8,3
0.0020964360587002098,0.0002981514609421586,0.0005220569042025581,0.22333333333333333,9,7,1
0.0,0.0,0.0,0.22333333333333333,9,8,2
0.3333333333333333,0.0,0.0,0.22333333333333333,9,9,5
0.0,0.0,0.0,0.22333333333333333,9,9,4
0.0020964360587002098,0.0002981514609421586,0.0005220569042025581,0.22333333333333333,9,8,1
0.3429951690821256,0.0005963029218843172,0.0011232799775344005,0.22333333333333333,9,9,3
0.0,0.0,0.0,0.22333333333333333,9,9,2
0.0,0.0,0.0,0.22333333333333333,9,10,4
0.3429951690821256,0.0005963029218843172,0.0011232799775344005,0.22333333333333333,9,10,3
0.3333333333333333,0.0,0.0,0.22333333333333333,9,10,5
0.0,0.0,0.0,0.22333333333333333,9,10,2
0.0030864197530864196,0.0002981514609421586,0.000543773790103317,0.22333333333333333,9,9,1
0.3333333333333333,0.0,0.0,0.22333333333333333,9,11,5
0.0030864197530864196,0.0002981514609421586,0.000543773790103317,0.22333333333333333,9,10,1
0.0,0.0,0.0,0.22333333333333333,9,11,4
0.3429951690821256,0.0005963029218843172,0.0011232799775344005,0.22333333333333333,9,11,3
0.3333333333333333,0.0,0.0,0.22333333333333333,10,1,5
0.0,0.0,0.0,0.22333333333333333,10,1,4
0.0,0.0,0.0,0.22333333333333333,9,11,2
0.004149377593360996,0.0008944543828264757,0.0014716703458425313,0.22333333333333333,10,1,2
0.0,0.0,0.0,0.22333333333333333,10,1,3
0.0038314176245210726,0.0002981514609421586,0.000553250345781466,0.22333333333333333,9,11,1
0.3333333333333333,0.0,0.0,0.22333333333333333,10,2,5
0.0,0.0,0.0,0.22333333333333333,10,2,4
0.0,0.0,0.0,0.22333333333333333,10,2,3
0.0017050298380221656,0.0005989817310572028,0.0008865248226950355,0.22333333333333333,10,1,1
0.3333333333333333,0.0,0.0,0.22333333333333333,10,3,5
0.004149377593360996,0.0008944543828264757,0.0014716703458425313,0.22333333333333333,10,2,2
0.0,0.0,0.0,0.22333333333333333,10,3,3
0.0,0.0,0.0,0.22333333333333333,10,3,4
0.004149377593360996,0.0008944543828264757,0.0014716703458425313,0.22333333333333333,10,3,2
0.0017050298380221656,0.0005989817310572028,0.0008865248226950355,0.22333333333333333,10,2,1
0.3333333333333333,0.0,0.0,0.22333333333333333,10,4,5
0.0,0.0,0.0,0.22333333333333333,10,4,3
0.0,0.0,0.0,0.22333333333333333,10,4,4
0.0010718113612004287,0.0002994908655286014,0.00046816479400749064,0.22333333333333333,10,3,1
0.004149377593360996,0.0008944543828264757,0.0014716703458425313,0.22333333333333333,10,4,2
0.3333333333333333,0.0,0.0,0.22333333333333333,10,5,5
0.0,0.0,0.0,0.22333333333333333,10,5,4
0.0010718113612004287,0.0002994908655286014,0.00046816479400749064,0.22333333333333333,10,4,1
0.0,0.0,0.0,0.22333333333333333,10,5,3
0.0,0.0,0.0,0.22333333333333333,10,5,2
0.3333333333333333,0.0,0.0,0.22333333333333333,10,6,5
0.0,0.0,0.0,0.22333333333333333,10,6,4
0.0,0.0,0.0,0.22333333333333333,10,6,3
0.0015873015873015875,0.0002994908655286014,0.0005039052658100278,0.22333333333333333,10,5,1
0.0,0.0,0.0,0.22333333333333333,10,6,2
0.3333333333333333,0.0,0.0,0.22333333333333333,10,7,5
0.0,0.0,0.0,0.22333333333333333,10,7,4
0.0,0.0,0.0,0.22333333333333333,10,7,3
0.0015873015873015875,0.0002994908655286014,0.0005039052658100278,0.22333333333333333,10,6,1
0.0,0.0,0.0,0.22333333333333333,10,7,2
0.0,0.0,0.0,0.22333333333333333,10,8,3
0.3333333333333333,0.0,0.0,0.22333333333333333,10,8,5
0.0,0.0,0.0,0.22333333333333333,10,8,4
0.0,0.0,0.0,0.22333333333333333,10,8,2
0.0020964360587002098,0.0002981514609421586,0.0005220569042025581,0.22333333333333333,10,7,1
0.3333333333333333,0.0,0.0,0.22333333333333333,10,9,5
0.0020964360587002098,0.0002981514609421586,0.0005220569042025581,0.22333333333333333,10,8,1
0.3429951690821256,0.0005963029218843172,0.0011232799775344005,0.22333333333333333,10,9,3
0.0,0.0,0.0,0.22333333333333333,10,9,4
0.0,0.0,0.0,0.22333333333333333,10,9,2
0.3333333333333333,0.0,0.0,0.22333333333333333,10,10,5
0.0,0.0,0.0,0.22333333333333333,10,10,4
0.0030864197530864196,0.0002981514609421586,0.000543773790103317,0.22333333333333333,10,9,1
0.3429951690821256,0.0005963029218843172,0.0011232799775344005,0.22333333333333333,10,10,3
0.0,0.0,0.0,0.22333333333333333,10,10,2
0.0,0.0,0.0,0.22333333333333333,10,11,4
0.3333333333333333,0.0,0.0,0.22333333333333333,10,11,5
0.0030864197530864196,0.0002981514609421586,0.000543773790103317,0.22333333333333333,10,10,1
0.3429951690821256,0.0005963029218843172,0.0011232799775344005,0.22333333333333333,10,11,3
0.0,0.0,0.0,0.22333333333333333,10,11,2
0.3333333333333333,0.0,0.0,0.22333333333333333,11,1,5
0.0,0.0,0.0,0.22333333333333333,11,1,4
0.0038314176245210726,0.0002981514609421586,0.000553250345781466,0.22333333333333333,10,11,1
0.0,0.0,0.0,0.22333333333333333,11,1,3
0.004149377593360996,0.0008944543828264757,0.0014716703458425313,0.22333333333333333,11,1,2
0.3333333333333333,0.0,0.0,0.22333333333333333,11,2,5
0.0,0.0,0.0,0.22333333333333333,11,2,4
0.0,0.0,0.0,0.22333333333333333,11,2,3
0.004149377593360996,0.0008944543828264757,0.0014716703458425313,0.22333333333333333,11,2,2
0.001943634596695821,0.0005989817310572028,0.0009157509157509159,0.22333333333333333,11,1,1
0.0,0.0,0.0,0.22333333333333333,11,3,3
0.3333333333333333,0.0,0.0,0.22333333333333333,11,3,5
0.0,0.0,0.0,0.22333333333333333,11,3,4
0.004149377593360996,0.0008944543828264757,0.0014716703458425313,0.22333333333333333,11,3,2
0.001943634596695821,0.0005989817310572028,0.0009157509157509159,0.22333333333333333,11,2,1
0.0,0.0,0.0,0.22333333333333333,11,4,3
0.3333333333333333,0.0,0.0,0.22333333333333333,11,4,5
0.0,0.0,0.0,0.22333333333333333,11,4,4
0.0011904761904761904,0.0002994908655286014,0.0004785833931562576,0.22333333333333333,11,3,1
0.004149377593360996,0.0008944543828264757,0.0014716703458425313,0.22333333333333333,11,4,2
0.0,0.0,0.0,0.22333333333333333,11,5,3
0.3333333333333333,0.0,0.0,0.22333333333333333,11,5,5
0.0,0.0,0.0,0.22333333333333333,11,5,4
0.0,0.0,0.0,0.22333333333333333,11,5,2
0.0011904761904761904,0.0002994908655286014,0.0004785833931562576,0.22333333333333333,11,4,1
0.0,0.0,0.0,0.22333333333333333,11,6,4
0.3333333333333333,0.0,0.0,0.22333333333333333,11,6,5
0.0016835016835016836,0.0002994908655286014,0.0005085176709890669,0.22333333333333333,11,5,1
0.0,0.0,0.0,0.22333333333333333,11,6,3
0.0,0.0,0.0,0.22333333333333333,11,6,2
0.3333333333333333,0.0,0.0,0.22333333333333333,11,7,5
0.0,0.0,0.0,0.22333333333333333,11,7,4
0.0,0.0,0.0,0.22333333333333333,11,7,3
0.0,0.0,0.0,0.22333333333333333,11,7,2
0.0016835016835016836,0.0002994908655286014,0.0005085176709890669,0.22333333333333333,11,6,1
0.0,0.0,0.0,0.22333333333333333,11,8,4
0.0,0.0,0.0,0.22333333333333333,11,8,3
0.3333333333333333,0.0,0.0,0.22333333333333333,11,8,5
0.0022222222222222222,0.0002981514609421586,0.0005257623554153522,0.22333333333333333,11,7,1
0.0,0.0,0.0,0.22333333333333333,11,8,2
0.3333333333333333,0.0,0.0,0.22333333333333333,11,9,5
0.3429951690821256,0.0005963029218843172,0.0011232799775344005,0.22333333333333333,11,9,3
0.0022222222222222222,0.0002981514609421586,0.0005257623554153522,0.22333333333333333,11,8,1
0.0,0.0,0.0,0.22333333333333333,11,9,4
0.0,0.0,0.0,0.22333333333333333,11,9,2
0.3429951690821256,0.0005963029218843172,0.0011232799775344005,0.22333333333333333,11,10,3
0.3333333333333333,0.0,0.0,0.22333333333333333,11,10,5
0.0,0.0,0.0,0.22333333333333333,11,10,4
0.0032679738562091504,0.0002981514609421586,0.000546448087431694,0.22333333333333333,11,9,1
0.0,0.0,0.0,0.22333333333333333,11,10,2
0.3429951690821256,0.0005963029218843172,0.0011232799775344005,0.22333333333333333,11,11,3
0.3333333333333333,0.0,0.0,0.22333333333333333,11,11,5
0.0,0.0,0.0,0.22333333333333333,11,11,4
0.0032679738562091504,0.0002981514609421586,0.000546448087431694,0.22333333333333333,11,10,1
0.0,0.0,0.0,0.22333333333333333,11,11,2
0.0,0.0,0.0,0.22333333333333333,12,1,4
0.3333333333333333,0.0,0.0,0.22333333333333333,12,1,5
0.003968253968253968,0.0002981514609421586,0.0005546311702717692,0.22333333333333333,11,11,1
0.0,0.0,0.0,0.22333333333333333,12,1,3
0.004149377593360996,0.0008944543828264757,0.0014716703458425313,0.22333333333333333,12,1,2
0.3333333333333333,0.0,0.0,0.22333333333333333,12,2,5
0.0,0.0,0.0,0.22333333333333333,12,2,4
0.0,0.0,0.0,0.22333333333333333,12,2,3
0.001943634596695821,0.0005989817310572028,0.0009157509157509159,0.22333333333333333,12,1,1
0.004149377593360996,0.0008944543828264757,0.0014716703458425313,0.22333333333333333,12,2,2
0.0,0.0,0.0,0.22333333333333333,12,3,3
0.3333333333333333,0.0,0.0,0.22333333333333333,12,3,5
0.0,0.0,0.0,0.22333333333333333,12,3,4
0.001943634596695821,0.0005989817310572028,0.0009157509157509159,0.22333333333333333,12,2,1
0.004149377593360996,0.0008944543828264757,0.0014716703458425313,0.22333333333333333,12,3,2
0.3333333333333333,0.0,0.0,0.22333333333333333,12,4,5
0.0,0.0,0.0,0.22333333333333333,12,4,4
0.0,0.0,0.0,0.22333333333333333,12,4,3
0.0011904761904761904,0.0002994908655286014,0.0004785833931562576,0.22333333333333333,12,3,1
0.004149377593360996,0.0008944543828264757,0.0014716703458425313,0.22333333333333333,12,4,2
0.0,0.0,0.0,0.22333333333333333,12,5,3
0.3333333333333333,0.0,0.0,0.22333333333333333,12,5,5
0.0,0.0,0.0,0.22333333333333333,12,5,4
0.0011904761904761904,0.0002994908655286014,0.0004785833931562576,0.22333333333333333,12,4,1
0.0,0.0,0.0,0.22333333333333333,12,5,2
0.3333333333333333,0.0,0.0,0.22333333333333333,12,6,5
0.0,0.0,0.0,0.22333333333333333,12,6,4
0.0,0.0,0.0,0.22333333333333333,12,6,3
0.0,0.0,0.0,0.22333333333333333,12,6,2
0.0016835016835016836,0.0002994908655286014,0.0005085176709890669,0.22333333333333333,12,5,1
0.3333333333333333,0.0,0.0,0.22333333333333333,12,7,5
0.0,0.0,0.0,0.22333333333333333,12,7,3
0.0,0.0,0.0,0.22333333333333333,12,7,4
0.0016835016835016836,0.0002994908655286014,0.0005085176709890669,0.22333333333333333,12,6,1
0.0,0.0,0.0,0.22333333333333333,12,7,2
0.0022222222222222222,0.0002981514609421586,0.0005257623554153522,0.22333333333333333,12,7,1
0.0,0.0,0.0,0.22333333333333333,12,8,3
0.3333333333333333,0.0,0.0,0.22333333333333333,12,8,5
0.0,0.0,0.0,0.22333333333333333,12,8,4
0.0,0.0,0.0,0.22333333333333333,12,8,2
0.3333333333333333,0.0,0.0,0.22333333333333333,12,9,5
0.3429951690821256,0.0005963029218843172,0.0011232799775344005,0.22333333333333333,12,9,3
0.0,0.0,0.0,0.22333333333333333,12,9,4
0.0,0.0,0.0,0.22333333333333333,12,9,2
0.0022222222222222222,0.0002981514609421586,0.0005257623554153522,0.22333333333333333,12,8,1
0.3333333333333333,0.0,0.0,0.22333333333333333,12,10,5
0.3429951690821256,0.0005963029218843172,0.0011232799775344005,0.22333333333333333,12,10,3
0.0,0.0,0.0,0.22333333333333333,12,10,4
0.0,0.0,0.0,0.22333333333333333,12,10,2
0.0032679738562091504,0.0002981514609421586,0.000546448087431694,0.22333333333333333,12,9,1
0.3429951690821256,0.0005963029218843172,0.0011232799775344005,0.22333333333333333,12,11,3
0.3333333333333333,0.0,0.0,0.22333333333333333,12,11,5
0.0032679738562091504,0.0002981514609421586,0.000546448087431694,0.22333333333333333,12,10,1
0.0,0.0,0.0,0.22333333333333333,12,11,4
0.0,0.0,0.0,0.22333333333333333,12,11,2
0.0,0.0,0.0,0.22333333333333333,13,1,3
0.003968253968253968,0.0002981514609421586,0.0005546311702717692,0.22333333333333333,12,11,1
0.3333333333333333,0.0,0.0,0.22333333333333333,13,1,5
0.0,0.0,0.0,0.22333333333333333,13,1,4
0.0041841004184100415,0.0008944543828264757,0.0014738393515106852,0.22333333333333333,13,1,2
0.0,0.0,0.0,0.22333333333333333,13,2,3
0.3333333333333333,0.0,0.0,0.22333333333333333,13,2,5
0.0,0.0,0.0,0.22333333333333333,13,2,4
0.0024154589371980675,0.0005989817310572028,0.0009599232061435085,0.22333333333333333,13,1,1
0.0041841004184100415,0.0008944543828264757,0.0014738393515106852,0.22333333333333333,13,2,2
0.0,0.0,0.0,0.22333333333333333,13,3,3
0.0,0.0,0.0,0.22333333333333333,13,3,4
0.3333333333333333,0.0,0.0,0.22333333333333333,13,3,5
0.0041841004184100415,0.0008944543828264757,0.0014738393515106852,0.22333333333333333,13,3,2
0.0024154589371980675,0.0005989817310572028,0.0009599232061435085,0.22333333333333333,13,2,1
0.3333333333333333,0.0,0.0,0.22333333333333333,13,4,5
0.0,0.0,0.0,0.22333333333333333,13,4,4
0.0,0.0,0.0,0.22333333333333333,13,4,3
0.001366120218579235,0.0002994908655286014,0.0004912797838368951,0.22333333333333333,13,3,1
0.0041841004184100415,0.0008944543828264757,0.0014738393515106852,0.22333333333333333,13,4,2
0.3333333333333333,0.0,0.0,0.22333333333333333,13,5,5
0.0,0.0,0.0,0.22333333333333333,13,5,2
0.0,0.0,0.0,0.22333333333333333,13,5,4
0.0,0.0,0.0,0.22333333333333333,13,5,3
0.001366120218579235,0.0002994908655286014,0.0004912797838368951,0.22333333333333333,13,4,1
0.0,0.0,0.0,0.22333333333333333,13,6,3
0.0019267822736030828,0.0002994908655286014,0.0005184033177812339,0.22333333333333333,13,5,1
0.3333333333333333,0.0,0.0,0.22333333333333333,13,6,5
0.0,0.0,0.0,0.22333333333333333,13,6,4
0.0,0.0,0.0,0.22333333333333333,13,6,2
0.3333333333333333,0.0,0.0,0.22333333333333333,13,7,5
0.0,0.0,0.0,0.22333333333333333,13,7,4
0.0,0.0,0.0,0.22333333333333333,13,7,3
0.0019267822736030828,0.0002994908655286014,0.0005184033177812339,0.22333333333333333,13,6,1
0.0,0.0,0.0,0.22333333333333333,13,7,2
0.3333333333333333,0.0,0.0,0.22333333333333333,13,8,5
0.0,0.0,0.0,0.22333333333333333,13,8,3
0.0,0.0,0.0,0.22333333333333333,13,8,4
0.0025252525252525255,0.0002981514609421586,0.0005333333333333333,0.22333333333333333,13,7,1
0.0,0.0,0.0,0.22333333333333333,13,8,2
0.3429951690821256,0.0005963029218843172,0.0011232799775344005,0.22333333333333333,13,9,3
0.0,0.0,0.0,0.22333333333333333,13,9,4
0.3333333333333333,0.0,0.0,0.22333333333333333,13,9,5
0.0025252525252525255,0.0002981514609421586,0.0005333333333333333,0.22333333333333333,13,8,1
0.0,0.0,0.0,0.22333333333333333,13,9,2
0.3429951690821256,0.0005963029218843172,0.0011232799775344005,0.22333333333333333,13,10,3
0.3333333333333333,0.0,0.0,0.22333333333333333,13,10,5
0.003703703703703704,0.0002981514609421586,0.0005518763796909492,0.22333333333333333,13,9,1
0.0,0.0,0.0,0.22333333333333333,13,10,4
0.0,0.0,0.0,0.22333333333333333,13,10,2
0.3429951690821256,0.0005963029218843172,0.0011232799775344005,0.22333333333333333,13,11,3
0.0,0.0,0.0,0.22333333333333333,13,11,4
0.3333333333333333,0.0,0.0,0.22333333333333333,13,11,5
0.003703703703703704,0.0002981514609421586,0.0005518763796909492,0.22333333333333333,13,10,1
0.0,0.0,0.0,0.22333333333333333,13,11,2
0.3333333333333333,0.0,0.0,0.22333333333333333,14,1,5
0.0,0.0,0.0,0.22333333333333333,14,1,3
0.0,0.0,0.0,0.22333333333333333,14,1,4
0.004629629629629629,0.0002981514609421586,0.0005602240896358544,0.22333333333333333,13,11,1
0.0041841004184100415,0.0008944543828264757,0.0014738393515106852,0.22333333333333333,14,1,2
0.0,0.0,0.0,0.22333333333333333,14,2,4
0.0,0.0,0.0,0.22333333333333333,14,2,3
0.3333333333333333,0.0,0.0,0.22333333333333333,14,2,5
0.0041841004184100415,0.0008944543828264757,0.0014738393515106852,0.22333333333333333,14,2,2
0.0024154589371980675,0.0005989817310572028,0.0009599232061435085,0.22333333333333333,14,1,1
0.0,0.0,0.0,0.22333333333333333,14,3,4
0.0,0.0,0.0,0.22333333333333333,14,3,3
0.3333333333333333,0.0,0.0,0.22333333333333333,14,3,5
0.0024154589371980675,0.0005989817310572028,0.0009599232061435085,0.22333333333333333,14,2,1
0.0041841004184100415,0.0008944543828264757,0.0014738393515106852,0.22333333333333333,14,3,2
0.0,0.0,0.0,0.22333333333333333,14,4,3
0.3333333333333333,0.0,0.0,0.22333333333333333,14,4,5
0.0,0.0,0.0,0.22333333333333333,14,4,4
0.001366120218579235,0.0002994908655286014,0.0004912797838368951,0.22333333333333333,14,3,1
0.0041841004184100415,0.0008944543828264757,0.0014738393515106852,0.22333333333333333,14,4,2
0.0,0.0,0.0,0.22333333333333333,14,5,3
0.3333333333333333,0.0,0.0,0.22333333333333333,14,5,5
0.0,0.0,0.0,0.22333333333333333,14,5,4
0.0,0.0,0.0,0.22333333333333333,14,5,2
0.001366120218579235,0.0002994908655286014,0.0004912797838368951,0.22333333333333333,14,4,1
0.3333333333333333,0.0,0.0,0.22333333333333333,14,6,5
0.0,0.0,0.0,0.22333333333333333,14,6,4
0.0019267822736030828,0.0002994908655286014,0.0005184033177812339,0.22333333333333333,14,5,1
0.0,0.0,0.0,0.22333333333333333,14,6,3
0.0,0.0,0.0,0.22333333333333333,14,6,2
0.3333333333333333,0.0,0.0,0.22333333333333333,14,7,5
0.0,0.0,0.0,0.22333333333333333,14,7,4
0.0019267822736030828,0.0002994908655286014,0.0005184033177812339,0.22333333333333333,14,6,1
0.0,0.0,0.0,0.22333333333333333,14,7,3
0.0,0.0,0.0,0.22333333333333333,14,7,2
0.3333333333333333,0.0,0.0,0.22333333333333333,14,8,5
0.0025252525252525255,0.0002981514609421586,0.0005333333333333333,0.22333333333333333,14,7,1
0.0,0.0,0.0,0.22333333333333333,14,8,3
0.0,0.0,0.0,0.22333333333333333,14,8,4
0.0,0.0,0.0,0.22333333333333333,14,8,2
0.3429951690821256,0.0005963029218843172,0.0011232799775344005,0.22333333333333333,14,9,3
0.0,0.0,0.0,0.22333333333333333,14,9,4
0.3333333333333333,0.0,0.0,0.22333333333333333,14,9,5
0.0025252525252525255,0.0002981514609421586,0.0005333333333333333,0.22333333333333333,14,8,1
0.0,0.0,0.0,0.22333333333333333,14,9,2
0.3333333333333333,0.0,0.0,0.22333333333333333,14,10,5
0.3429951690821256,0.0005963029218843172,0.0011232799775344005,0.22333333333333333,14,10,3
0.003703703703703704,0.0002981514609421586,0.0005518763796909492,0.22333333333333333,14,9,1
0.0,0.0,0.0,0.22333333333333333,14,10,4
0.0,0.0,0.0,0.22333333333333333,14,10,2
0.3333333333333333,0.0,0.0,0.22333333333333333,14,11,5
0.3429951690821256,0.0005963029218843172,0.0011232799775344005,0.22333333333333333,14,11,3
0.0,0.0,0.0,0.22333333333333333,14,11,4
0.003703703703703704,0.0002981514609421586,0.0005518763796909492,0.22333333333333333,14,10,1
0.0,0.0,0.0,0.22333333333333333,14,11,2
0.3333333333333333,0.0,0.0,0.22333333333333333,15,1,5
0.0,0.0,0.0,0.22333333333333333,15,1,4
0.0,0.0,0.0,0.22333333333333333,15,1,3
0.004629629629629629,0.0002981514609421586,0.0005602240896358544,0.22333333333333333,14,11,1
0.0041841004184100415,0.0008944543828264757,0.0014738393515106852,0.22333333333333333,15,1,2
0.3333333333333333,0.0,0.0,0.22333333333333333,15,2,5
0.0,0.0,0.0,0.22333333333333333,15,2,4
0.0,0.0,0.0,0.22333333333333333,15,2,3
0.0041841004184100415,0.0008944543828264757,0.0014738393515106852,0.22333333333333333,15,2,2
0.0027662517289073307,0.0005989817310572028,0.0009847365829640572,0.22333333333333333,15,1,1
0.0,0.0,0.0,0.22333333333333333,15,3,3
0.3333333333333333,0.0,0.0,0.22333333333333333,15,3,5
0.0,0.0,0.0,0.22333333333333333,15,3,4
0.0041841004184100415,0.0008944543828264757,0.0014738393515106852,0.22333333333333333,15,3,2
0.0027662517289073307,0.0005989817310572028,0.0009847365829640572,0.22333333333333333,15,2,1
0.0,0.0,0.0,0.22333333333333333,15,4,3
0.3333333333333333,0.0,0.0,0.22333333333333333,15,4,5
0.0,0.0,0.0,0.22333333333333333,15,4,4
0.0015432098765432098,0.0002994908655286014,0.0005016302984700275,0.22333333333333333,15,3,1
0.0041841004184100415,0.0008944543828264757,0.0014738393515106852,0.22333333333333333,15,4,2
0.3333333333333333,0.0,0.0,0.22333333333333333,15,5,5
0.0,0.0,0.0,0.22333333333333333,15,5,4
0.0,0.0,0.0,0.22333333333333333,15,5,3
0.0015432098765432098,0.0002994908655286014,0.0005016302984700275,0.22333333333333333,15,4,1
0.0,0.0,0.0,0.22333333333333333,15,5,2
0.3333333333333333,0.0,0.0,0.22333333333333333,15,6,5
0.002150537634408602,0.0002994908655286014,0.0005257623554153524,0.22333333333333333,15,5,1
0.0,0.0,0.0,0.22333333333333333,15,6,4
0.0,0.0,0.0,0.22333333333333333,15,6,2
0.0,0.0,0.0,0.22333333333333333,15,6,3
0.0,0.0,0.0,0.22333333333333333,15,7,4
0.002150537634408602,0.0002994908655286014,0.0005257623554153524,0.22333333333333333,15,6,1
0.0,0.0,0.0,0.22333333333333333,15,7,3
0.3333333333333333,0.0,0.0,0.22333333333333333,15,7,5
0.3333333333333333,0.0,0.0,0.22333333333333333,15,8,5
0.0,0.0,0.0,0.22333333333333333,15,7,2
0.0,0.0,0.0,0.22333333333333333,15,8,4
0.0026881720430107525,0.0002981514609421586,0.0005367686527106817,0.22333333333333333,15,7,1
0.0,0.0,0.0,0.22333333333333333,15,8,2
0.0,0.0,0.0,0.22333333333333333,15,8,3
0.3429951690821256,0.0005963029218843172,0.0011232799775344005,0.22333333333333333,15,9,3
0.3333333333333333,0.0,0.0,0.22333333333333333,15,9,5
0.0026881720430107525,0.0002981514609421586,0.0005367686527106817,0.22333333333333333,15,8,1
0.0,0.0,0.0,0.22333333333333333,15,9,2
0.0,0.0,0.0,0.22333333333333333,15,9,4
0.3429951690821256,0.0005963029218843172,0.0011232799775344005,0.22333333333333333,15,10,3
0.003968253968253968,0.0002981514609421586,0.0005546311702717692,0.22333333333333333,15,9,1
0.0,0.0,0.0,0.22333333333333333,15,10,4
0.3333333333333333,0.0,0.0,0.22333333333333333,15,10,5
0.0,0.0,0.0,0.22333333333333333,15,10,2
0.0,0.0,0.0,0.22333333333333333,15,11,4
0.3333333333333333,0.0,0.0,0.22333333333333333,15,11,5
0.003968253968253968,0.0002981514609421586,0.0005546311702717692,0.22333333333333333,15,10,1
0.3429951690821256,0.0005963029218843172,0.0011232799775344005,0.22333333333333333,15,11,3
0.0,0.0,0.0,0.22333333333333333,15,11,2
0.3333333333333333,0.0,0.0,0.22333333333333333,16,1,5
0.004901960784313725,0.0002981514609421586,0.0005621135469364812,0.22333333333333333,15,11,1
0.0,0.0,0.0,0.22333333333333333,16,1,4
0.0,0.0,0.0,0.22333333333333333,16,1,3
0.0,0.0,0.0,0.22333333333333333,16,2,4
0.0,0.0,0.0,0.22333333333333333,16,2,3
0.3333333333333333,0.0,0.0,0.22333333333333333,16,2,5
0.0041841004184100415,0.0008944543828264757,0.0014738393515106852,0.22333333333333333,16,1,2
0.0027662517289073307,0.0005989817310572028,0.0009847365829640572,0.22333333333333333,16,1,1
0.0041841004184100415,0.0008944543828264757,0.0014738393515106852,0.22333333333333333,16,2,2
0.0,0.0,0.0,0.22333333333333333,16,3,3
0.3333333333333333,0.0,0.0,0.22333333333333333,16,3,5
0.0,0.0,0.0,0.22333333333333333,16,3,4
0.0027662517289073307,0.0005989817310572028,0.0009847365829640572,0.22333333333333333,16,2,1
0.0041841004184100415,0.0008944543828264757,0.0014738393515106852,0.22333333333333333,16,3,2
0.0,0.0,0.0,0.22333333333333333,16,4,3
0.3333333333333333,0.0,0.0,0.22333333333333333,16,4,5
0.0,0.0,0.0,0.22333333333333333,16,4,4
0.0015432098765432098,0.0002994908655286014,0.0005016302984700275,0.22333333333333333,16,3,1
0.0041841004184100415,0.0008944543828264757,0.0014738393515106852,0.22333333333333333,16,4,2
0.3333333333333333,0.0,0.0,0.22333333333333333,16,5,5
0.0,0.0,0.0,0.22333333333333333,16,5,4
0.0,0.0,0.0,0.22333333333333333,16,5,3
0.0015432098765432098,0.0002994908655286014,0.0005016302984700275,0.22333333333333333,16,4,1
0.3333333333333333,0.0,0.0,0.22333333333333333,16,6,5
0.0,0.0,0.0,0.22333333333333333,16,5,2
0.0,0.0,0.0,0.22333333333333333,16,6,4
0.002150537634408602,0.0002994908655286014,0.0005257623554153524,0.22333333333333333,16,5,1
0.0,0.0,0.0,0.22333333333333333,16,6,3
0.3333333333333333,0.0,0.0,0.22333333333333333,16,7,5
0.0,0.0,0.0,0.22333333333333333,16,7,3
0.0,0.0,0.0,0.22333333333333333,16,7,4
0.0,0.0,0.0,0.22333333333333333,16,6,2
0.0,0.0,0.0,0.22333333333333333,16,7,2
0.0,0.0,0.0,0.22333333333333333,16,8,3
0.002150537634408602,0.0002994908655286014,0.0005257623554153524,0.22333333333333333,16,6,1
0.3333333333333333,0.0,0.0,0.22333333333333333,16,8,5
0.0,0.0,0.0,0.22333333333333333,16,8,4
0.0,0.0,0.0,0.22333333333333333,16,8,2
0.0026881720430107525,0.0002981514609421586,0.0005367686527106817,0.22333333333333333,16,7,1
0.0026881720430107525,0.0002981514609421586,0.0005367686527106817,0.22333333333333333,16,8,1
0.0,0.0,0.0,0.22333333333333333,16,9,2
0.3333333333333333,0.0,0.0,0.22333333333333333,16,9,5
0.0,0.0,0.0,0.22333333333333333,16,9,4
0.3429951690821256,0.0005963029218843172,0.0011232799775344005,0.22333333333333333,16,9,3
0.3333333333333333,0.0,0.0,0.22333333333333333,16,10,5
0.0,0.0,0.0,0.22333333333333333,16,10,4
0.003968253968253968,0.0002981514609421586,0.0005546311702717692,0.22333333333333333,16,9,1
0.0,0.0,0.0,0.22333333333333333,16,10,2
0.3429951690821256,0.0005963029218843172,0.0011232799775344005,0.22333333333333333,16,10,3
0.0,0.0,0.0,0.22333333333333333,16,11,4
0.3333333333333333,0.0,0.0,0.22333333333333333,16,11,5
0.003968253968253968,0.0002981514609421586,0.0005546311702717692,0.22333333333333333,16,10,1
0.0,0.0,0.0,0.22333333333333333,16,11,2
0.3429951690821256,0.0005963029218843172,0.0011232799775344005,0.22333333333333333,16,11,3
0.0,0.0,0.0,0.22333333333333333,17,1,4
0.3333333333333333,0.0,0.0,0.22333333333333333,17,1,5
0.3333333333333333,0.0,0.0,0.22333333333333333,17,1,3
0.004901960784313725,0.0002981514609421586,0.0005621135469364812,0.22333333333333333,16,11,1
0.006756756756756757,0.0008944543828264757,0.0015797788309636648,0.22333333333333333,17,1,2
0.3333333333333333,0.0,0.0,0.22333333333333333,17,2,5
0.0,0.0,0.0,0.22333333333333333,17,2,4
0.3333333333333333,0.0,0.0,0.22333333333333333,17,2,3
0.006756756756756757,0.0008944543828264757,0.0015797788309636648,0.22333333333333333,17,2,2
0.0032520325203252032,0.0005989817310572028,0.0010116337885685382,0.22333333333333333,17,1,1
0.3333333333333333,0.0,0.0,0.22333333333333333,17,3,3
0.0,0.0,0.0,0.22333333333333333,17,3,4
0.006756756756756757,0.0008944543828264757,0.0015797788309636648,0.22333333333333333,17,3,2
0.0032520325203252032,0.0005989817310572028,0.0010116337885685382,0.22333333333333333,17,2,1
0.3333333333333333,0.0,0.0,0.22333333333333333,17,3,5
0.3333333333333333,0.0,0.0,0.22333333333333333,17,4,3
0.3333333333333333,0.0,0.0,0.22333333333333333,17,4,5
0.0017825311942959,0.0002994908655286014,0.0005128205128205129,0.22333333333333333,17,3,1
0.0,0.0,0.0,0.22333333333333333,17,4,4
0.006756756756756757,0.0008944543828264757,0.0015797788309636648,0.22333333333333333,17,4,2
0.3333333333333333,0.0,0.0,0.22333333333333333,17,5,3
0.3333333333333333,0.0,0.0,0.22333333333333333,17,5,5
0.0,0.0,0.0,0.22333333333333333,17,5,4
0.0017825311942959,0.0002994908655286014,0.0005128205128205129,0.22333333333333333,17,4,1
0.0,0.0,0.0,0.22333333333333333,17,5,2
0.0,0.0,0.0,0.22333333333333333,17,6,4
0.3333333333333333,0.0,0.0,0.22333333333333333,17,6,5
0.3333333333333333,0.0,0.0,0.22333333333333333,17,6,3
0.0,0.0,0.0,0.22333333333333333,17,6,2
0.3357142857142857,0.0002994908655286014,0.0005320563979781857,0.22333333333333333,17,5,1
0.0,0.0,0.0,0.22333333333333333,17,7,4
0.3333333333333333,0.0,0.0,0.22333333333333333,17,7,5
0.3333333333333333,0.0,0.0,0.22333333333333333,17,7,3
0.3357142857142857,0.0002994908655286014,0.0005320563979781857,0.22333333333333333,17,6,1
0.0,0.0,0.0,0.22333333333333333,17,7,2
0.3333333333333333,0.0,0.0,0.22333333333333333,17,8,3
0.0,0.0,0.0,0.22333333333333333,17,8,4
0.3333333333333333,0.0,0.0,0.22333333333333333,17,8,5
0.336231884057971,0.0002981514609421586,0.0005406866720735333,0.22333333333333333,17,7,1
0.0,0.0,0.0,0.22333333333333333,17,8,2
0.3333333333333333,0.0,0.0,0.22333333333333333,17,9,5
0.3475177304964539,0.0005963029218843172,0.001144492131616595,0.22333333333333333,17,9,3
0.0,0.0,0.0,0.22333333333333333,17,9,4
0.336231884057971,0.0002981514609421586,0.0005406866720735333,0.22333333333333333,17,8,1
0.3333333333333333,0.0,0.0,0.22333333333333333,17,9,2
0.3475177304964539,0.0005963029218843172,0.001144492131616595,0.22333333333333333,17,10,3
0.3333333333333333,0.0,0.0,0.22333333333333333,17,10,5
0.33749999999999997,0.0002981514609421586,0.0005564830272676684,0.22333333333333333,17,9,1
0.0,0.0,0.0,0.22333333333333333,17,10,4
0.3333333333333333,0.0,0.0,0.22333333333333333,17,10,2
0.3475177304964539,0.0005963029218843172,0.001144492131616595,0.22333333333333333,17,11,3
0.3333333333333333,0.0,0.0,0.22333333333333333,17,11,5
0.33749999999999997,0.0002981514609421586,0.0005564830272676684,0.22333333333333333,17,10,1
0.0,0.0,0.0,0.22333333333333333,17,11,4
0.3333333333333333,0.0,0.0,0.22333333333333333,17,11,2
0.3333333333333333,0.0,0.0,0.22333333333333333,18,1,5
0.0,0.0,0.0,0.22333333333333333,18,1,4
0.3333333333333333,0.0,0.0,0.22333333333333333,18,1,3
0.005050505050505051,0.0002981514609421586,0.0005630630630630632,0.22333333333333333,17,11,1
0.006756756756756757,0.0008944543828264757,0.0015797788309636648,0.22333333333333333,18,1,2
0.3333333333333333,0.0,0.0,0.22333333333333333,18,2,3
0.3333333333333333,0.0,0.0,0.22333333333333333,18,2,5
0.0,0.0,0.0,0.22333333333333333,18,2,4
0.006756756756756757,0.0008944543828264757,0.0015797788309636648,0.22333333333333333,18,2,2
0.0032520325203252032,0.0005989817310572028,0.0010116337885685382,0.22333333333333333,18,1,1
0.3333333333333333,0.0,0.0,0.22333333333333333,18,3,3
0.0,0.0,0.0,0.22333333333333333,18,3,4
0.3333333333333333,0.0,0.0,0.22333333333333333,18,3,5
0.006756756756756757,0.0008944543828264757,0.0015797788309636648,0.22333333333333333,18,3,2
0.0032520325203252032,0.0005989817310572028,0.0010116337885685382,0.22333333333333333,18,2,1
0.3333333333333333,0.0,0.0,0.22333333333333333,18,4,3
0.0017825311942959,0.0002994908655286014,0.0005128205128205129,0.22333333333333333,18,3,1
0.3333333333333333,0.0,0.0,0.22333333333333333,18,4,5
0.0,0.0,0.0,0.22333333333333333,18,4,4
0.006756756756756757,0.0008944543828264757,0.0015797788309636648,0.22333333333333333,18,4,2
0.0,0.0,0.0,0.22333333333333333,18,5,4
0.3333333333333333,0.0,0.0,0.22333333333333333,18,5,5
0.3333333333333333,0.0,0.0,0.22333333333333333,18,5,3
0.0017825311942959,0.0002994908655286014,0.0005128205128205129,0.22333333333333333,18,4,1
0.0,0.0,0.0,0.22333333333333333,18,5,2
0.0,0.0,0.0,0.22333333333333333,18,6,4
0.3333333333333333,0.0,0.0,0.22333333333333333,18,6,5
0.3333333333333333,0.0,0.0,0.22333333333333333,18,6,3
0.0,0.0,0.0,0.22333333333333333,18,6,2
0.3357142857142857,0.0002994908655286014,0.0005320563979781857,0.22333333333333333,18,5,1
0.3333333333333333,0.0,0.0,0.22333333333333333,18,7,3
0.0,0.0,0.0,0.22333333333333333,18,7,4
0.3333333333333333,0.0,0.0,0.22333333333333333,18,7,5
0.3357142857142857,0.0002994908655286014,0.0005320563979781857,0.22333333333333333,18,6,1
0.0,0.0,0.0,0.22333333333333333,18,7,2
0.0,0.0,0.0,0.22333333333333333,18,8,4
0.3333333333333333,0.0,0.0,0.22333333333333333,18,8,3
0.336231884057971,0.0002981514609421586,0.0005406866720735333,0.22333333333333333,18,7,1
0.3333333333333333,0.0,0.0,0.22333333333333333,18,8,5
0.0,0.0,0.0,0.22333333333333333,18,8,2
0.3475177304964539,0.0005963029218843172,0.001144492131616595,0.22333333333333333,18,9,3
0.3333333333333333,0.0,0.0,0.22333333333333333,18,9,5
0.0,0.0,0.0,0.22333333333333333,18,9,4
0.336231884057971,0.0002981514609421586,0.0005406866720735333,0.22333333333333333,18,8,1
0.3333333333333333,0.0,0.0,0.22333333333333333,18,9,2
0.3475177304964539,0.0005963029218843172,0.001144492131616595,0.22333333333333333,18,10,3
0.0,0.0,0.0,0.22333333333333333,18,10,4
0.3333333333333333,0.0,0.0,0.22333333333333333,18,10,5
0.3333333333333333,0.0,0.0,0.22333333333333333,18,10,2
0.33749999999999997,0.0002981514609421586,0.0005564830272676684,0.22333333333333333,18,9,1
0.3333333333333333,0.0,0.0,0.22333333333333333,18,11,5
0.33749999999999997,0.0002981514609421586,0.0005564830272676684,0.22333333333333333,18,10,1
0.3475177304964539,0.0005963029218843172,0.001144492131616595,0.22333333333333333,18,11,3
0.0,0.0,0.0,0.22333333333333333,18,11,4
0.3333333333333333,0.0,0.0,0.22333333333333333,18,11,2
0.3333333333333333,0.0,0.0,0.22333333333333333,19,1,5
0.0,0.0,0.0,0.22333333333333333,19,1,4
0.3333333333333333,0.0,0.0,0.22333333333333333,19,1,3
0.005050505050505051,0.0002981514609421586,0.0005630630630630632,0.22333333333333333,18,11,1
0.006756756756756757,0.0008944543828264757,0.0015797788309636648,0.22333333333333333,19,1,2
0.3333333333333333,0.0,0.0,0.22333333333333333,19,2,3
0.3333333333333333,0.0,0.0,0.22333333333333333,19,2,5
0.0,0.0,0.0,0.22333333333333333,19,2,4
0.006756756756756757,0.0008944543828264757,0.0015797788309636648,0.22333333333333333,19,2,2
0.0036832412523020255,0.0005989817310572028,0.0010303967027305513,0.22333333333333333,19,1,1
0.3333333333333333,0.0,0.0,0.22333333333333333,19,3,3
0.3333333333333333,0.0,0.0,0.22333333333333333,19,3,5
0.0,0.0,0.0,0.22333333333333333,19,3,4
0.0036832412523020255,0.0005989817310572028,0.0010303967027305513,0.22333333333333333,19,2,1
0.006756756756756757,0.0008944543828264757,0.0015797788309636648,0.22333333333333333,19,3,2
0.3333333333333333,0.0,0.0,0.22333333333333333,19,4,3
0.3333333333333333,0.0,0.0,0.22333333333333333,19,4,5
0.0019723865877712033,0.0002994908655286014,0.0005200208008320333,0.22333333333333333,19,3,1
0.0,0.0,0.0,0.22333333333333333,19,4,4
0.006756756756756757,0.0008944543828264757,0.0015797788309636648,0.22333333333333333,19,4,2
0.3333333333333333,0.0,0.0,0.22333333333333333,19,5,5
0.3333333333333333,0.0,0.0,0.22333333333333333,19,5,3
0.0,0.0,0.0,0.22333333333333333,19,5,4
0.0019723865877712033,0.0002994908655286014,0.0005200208008320333,0.22333333333333333,19,4,1
0.0,0.0,0.0,0.22333333333333333,19,5,2
0.0,0.0,0.0,0.22333333333333333,19,6,4
0.3333333333333333,0.0,0.0,0.22333333333333333,19,6,5
0.3333333333333333,0.0,0.0,0.22333333333333333,19,6,3
0.33583959899749377,0.0002994908655286014,0.0005350454788657035,0.22333333333333333,19,5,1
0.0,0.0,0.0,0.22333333333333333,19,6,2
0.3333333333333333,0.0,0.0,0.22333333333333333,19,7,3
0.3333333333333333,0.0,0.0,0.22333333333333333,19,7,5
0.0,0.0,0.0,0.22333333333333333,19,7,4
0.0,0.0,0.0,0.22333333333333333,19,7,2
0.33583959899749377,0.0002994908655286014,0.0005350454788657035,0.22333333333333333,19,6,1
0.3333333333333333,0.0,0.0,0.22333333333333333,19,8,3
0.3364485981308411,0.0002981514609421586,0.0005442176870748299,0.22333333333333333,19,7,1
0.3333333333333333,0.0,0.0,0.22333333333333333,19,8,5
0.0,0.0,0.0,0.22333333333333333,19,8,4
0.0,0.0,0.0,0.22333333333333333,19,8,2
0.3475177304964539,0.0005963029218843172,0.001144492131616595,0.22333333333333333,19,9,3
0.3333333333333333,0.0,0.0,0.22333333333333333,19,9,5
0.0,0.0,0.0,0.22333333333333333,19,9,4
0.3333333333333333,0.0,0.0,0.22333333333333333,19,9,2
0.3364485981308411,0.0002981514609421586,0.0005442176870748299,0.22333333333333333,19,8,1
0.3333333333333333,0.0,0.0,0.22333333333333333,19,10,5
0.3475177304964539,0.0005963029218843172,0.001144492131616595,0.22333333333333333,19,10,3
0.0,0.0,0.0,0.22333333333333333,19,10,4
0.33771929824561403,0.0002981514609421586,0.0005583472920156337,0.22333333333333333,19,9,1
0.3333333333333333,0.0,0.0,0.22333333333333333,19,10,2
0.3475177304964539,0.0005963029218843172,0.001144492131616595,0.22333333333333333,19,11,3
0.3333333333333333,0.0,0.0,0.22333333333333333,19,11,5
0.0,0.0,0.0,0.22333333333333333,19,11,4
0.33771929824561403,0.0002981514609421586,0.0005583472920156337,0.22333333333333333,19,10,1
0.3333333333333333,0.0,0.0,0.22333333333333333,19,11,2
0.005291005291005291,0.0002981514609421586,0.0005644933672029354,0.22333333333333333,19,11,1
0.0,0.0,0.0,0.22333333333333333,20,1,4
0.3333333333333333,0.0,0.0,0.22333333333333333,20,1,3
0.3333333333333333,0.0,0.0,0.22333333333333333,20,1,5
0.006756756756756757,0.0008944543828264757,0.0015797788309636648,0.22333333333333333,20,1,2
0.3333333333333333,0.0,0.0,0.22333333333333333,20,2,3
0.3333333333333333,0.0,0.0,0.22333333333333333,20,2,5
0.0036832412523020255,0.0005989817310572028,0.0010303967027305513,0.22333333333333333,20,1,1
0.0,0.0,0.0,0.22333333333333333,20,2,4
0.006756756756756757,0.0008944543828264757,0.0015797788309636648,0.22333333333333333,20,2,2
0.3333333333333333,0.0,0.0,0.22333333333333333,20,3,3
0.3333333333333333,0.0,0.0,0.22333333333333333,20,3,5
0.0,0.0,0.0,0.22333333333333333,20,3,4
0.0036832412523020255,0.0005989817310572028,0.0010303967027305513,0.22333333333333333,20,2,1
0.006756756756756757,0.0008944543828264757,0.0015797788309636648,0.22333333333333333,20,3,2
0.3333333333333333,0.0,0.0,0.22333333333333333,20,4,3
0.3333333333333333,0.0,0.0,0.22333333333333333,20,4,5
0.0,0.0,0.0,0.22333333333333333,20,4,4
0.006756756756756757,0.0008944543828264757,0.0015797788309636648,0.22333333333333333,20,4,2
0.0019723865877712033,0.0002994908655286014,0.0005200208008320333,0.22333333333333333,20,3,1
0.3333333333333333,0.0,0.0,0.22333333333333333,20,5,3
0.0019723865877712033,0.0002994908655286014,0.0005200208008320333,0.22333333333333333,20,4,1
0.3333333333333333,0.0,0.0,0.22333333333333333,20,5,5
0.0,0.0,0.0,0.22333333333333333,20,5,2
0.0,0.0,0.0,0.22333333333333333,20,5,4
0.33583959899749377,0.0002994908655286014,0.0005350454788657035,0.22333333333333333,20,5,1
0.3333333333333333,0.0,0.0,0.22333333333333333,20,6,3
0.3333333333333333,0.0,0.0,0.22333333333333333,20,6,5
0.0,0.0,0.0,0.22333333333333333,20,6,4
0.0,0.0,0.0,0.22333333333333333,20,6,2
0.3333333333333333,0.0,0.0,0.22333333333333333,20,7,5
0.0,0.0,0.0,0.22333333333333333,20,7,4
0.33583959899749377,0.0002994908655286014,0.0005350454788657035,0.22333333333333333,20,6,1
0.3333333333333333,0.0,0.0,0.22333333333333333,20,7,3
0.0,0.0,0.0,0.22333333333333333,20,7,2
0.3333333333333333,0.0,0.0,0.22333333333333333,20,8,5
0.3333333333333333,0.0,0.0,0.22333333333333333,20,8,3
0.0,0.0,0.0,0.22333333333333333,20,8,4
0.3364485981308411,0.0002981514609421586,0.0005442176870748299,0.22333333333333333,20,7,1
0.0,0.0,0.0,0.22333333333333333,20,8,2
0.3475177304964539,0.0005963029218843172,0.001144492131616595,0.22333333333333333,20,9,3
0.3333333333333333,0.0,0.0,0.22333333333333333,20,9,5
0.0,0.0,0.0,0.22333333333333333,20,9,4
0.3364485981308411,0.0002981514609421586,0.0005442176870748299,0.22333333333333333,20,8,1
0.3333333333333333,0.0,0.0,0.22333333333333333,20,9,2
0.3475177304964539,0.0005963029218843172,0.001144492131616595,0.22333333333333333,20,10,3
0.33771929824561403,0.0002981514609421586,0.0005583472920156337,0.22333333333333333,20,9,1
0.3333333333333333,0.0,0.0,0.22333333333333333,20,10,2
0.3333333333333333,0.0,0.0,0.22333333333333333,20,10,5
0.0,0.0,0.0,0.22333333333333333,20,10,4
0.3475177304964539,0.0005963029218843172,0.001144492131616595,0.22333333333333333,20,11,3
0.3333333333333333,0.0,0.0,0.22333333333333333,20,11,5
0.33771929824561403,0.0002981514609421586,0.0005583472920156337,0.22333333333333333,20,10,1
0.0,0.0,0.0,0.22333333333333333,20,11,4
0.3333333333333333,0.0,0.0,0.22333333333333333,20,11,2
0.3333333333333333,0.0,0.0,0.22333333333333333,21,1,3
0.0,0.0,0.0,0.22333333333333333,21,1,4
0.3333333333333333,0.0,0.0,0.22333333333333333,21,1,5
0.005291005291005291,0.0002981514609421586,0.0005644933672029354,0.22333333333333333,20,11,1
0.007633587786259542,0.0008944543828264757,0.0016012810248198558,0.22333333333333333,21,1,2
0.3333333333333333,0.0,0.0,0.22333333333333333,21,2,5
0.3333333333333333,0.0,0.0,0.22333333333333333,21,2,3
0.0,0.0,0.0,0.22333333333333333,21,2,4
0.004140786749482401,0.0005989817310572028,0.0010465724751439038,0.22333333333333333,21,1,1
0.007633587786259542,0.0008944543828264757,0.0016012810248198558,0.22333333333333333,21,2,2
0.0,0.0,0.0,0.22333333333333333,21,3,4
0.3333333333333333,0.0,0.0,0.22333333333333333,21,3,3
0.3333333333333333,0.0,0.0,0.22333333333333333,21,3,5
0.007633587786259542,0.0008944543828264757,0.0016012810248198558,0.22333333333333333,21,3,2
0.004140786749482401,0.0005989817310572028,0.0010465724751439038,0.22333333333333333,21,2,1
0.3333333333333333,0.0,0.0,0.22333333333333333,21,4,3
0.3333333333333333,0.0,0.0,0.22333333333333333,21,4,5
0.0,0.0,0.0,0.22333333333333333,21,4,4
0.0021929824561403508,0.0002994908655286014,0.0005270092226613966,0.22333333333333333,21,3,1
0.007633587786259542,0.0008944543828264757,0.0016012810248198558,0.22333333333333333,21,4,2
0.0,0.0,0.0,0.22333333333333333,21,5,4
0.3333333333333333,0.0,0.0,0.22333333333333333,21,5,5
0.3333333333333333,0.0,0.0,0.22333333333333333,21,5,3
0.0,0.0,0.0,0.22333333333333333,21,5,2
0.0021929824561403508,0.0002994908655286014,0.0005270092226613966,0.22333333333333333,21,4,1
0.3333333333333333,0.0,0.0,0.22333333333333333,21,6,5
0.3333333333333333,0.0,0.0,0.22333333333333333,21,6,3
0.0,0.0,0.0,0.22333333333333333,21,6,4
0.0,0.0,0.0,0.22333333333333333,21,6,2
0.3361344537815126,0.0002994908655286014,0.0005411255411255411,0.22333333333333333,21,5,1
0.0,0.0,0.0,0.22333333333333333,21,7,4
0.3333333333333333,0.0,0.0,0.22333333333333333,21,7,3
0.3333333333333333,0.0,0.0,0.22333333333333333,21,7,5
0.3361344537815126,0.0002994908655286014,0.0005411255411255411,0.22333333333333333,21,6,1
0.0,0.0,0.0,0.22333333333333333,21,7,2
0.0,0.0,0.0,0.22333333333333333,21,8,4
0.3333333333333333,0.0,0.0,0.22333333333333333,21,8,5
0.3333333333333333,0.0,0.0,0.22333333333333333,21,8,3
0.0,0.0,0.0,0.22333333333333333,21,8,2
0.3367003367003367,0.0002981514609421586,0.0005477951246233908,0.22333333333333333,21,7,1
0.3367003367003367,0.0002981514609421586,0.0005477951246233908,0.22333333333333333,21,8,1
0.3475177304964539,0.0005963029218843172,0.001144492131616595,0.22333333333333333,21,9,3
0.3333333333333333,0.0,0.0,0.22333333333333333,21,9,5
0.0,0.0,0.0,0.22333333333333333,21,9,4
0.3333333333333333,0.0,0.0,0.22333333333333333,21,9,2
0.3475177304964539,0.0005963029218843172,0.001144492131616595,0.22333333333333333,21,10,3
0.3333333333333333,0.0,0.0,0.22333333333333333,21,10,5
0.0,0.0,0.0,0.22333333333333333,21,10,4
0.33816425120772947,0.0002981514609421586,0.0005616399887672002,0.22333333333333333,21,9,1
0.3333333333333333,0.0,0.0,0.22333333333333333,21,10,2
0.3475177304964539,0.0005963029218843172,0.001144492131616595,0.22333333333333333,21,11,3
0.3333333333333333,0.0,0.0,0.22333333333333333,21,11,5
0.0,0.0,0.0,0.22333333333333333,21,11,4
0.33816425120772947,0.0002981514609421586,0.0005616399887672002,0.22333333333333333,21,10,1
0.3333333333333333,0.0,0.0,0.22333333333333333,21,11,2
0.3333333333333333,0.0,0.0,0.22333333333333333,22,1,3
0.3333333333333333,0.0,0.0,0.22333333333333333,22,1,5
0.005847953216374269,0.0002981514609421586,0.0005673758865248228,0.22333333333333333,21,11,1
0.0,0.0,0.0,0.22333333333333333,22,1,4
0.007633587786259542,0.0008944543828264757,0.0016012810248198558,0.22333333333333333,22,1,2
0.3333333333333333,0.0,0.0,0.22333333333333333,22,2,3
0.3333333333333333,0.0,0.0,0.22333333333333333,22,2,5
0.0,0.0,0.0,0.22333333333333333,22,2,4
0.004140786749482401,0.0005989817310572028,0.0010465724751439038,0.22333333333333333,22,1,1
0.007633587786259542,0.0008944543828264757,0.0016012810248198558,0.22333333333333333,22,2,2
0.3333333333333333,0.0,0.0,0.22333333333333333,22,3,3
0.3333333333333333,0.0,0.0,0.22333333333333333,22,3,5
0.0,0.0,0.0,0.22333333333333333,22,3,4
0.004140786749482401,0.0005989817310572028,0.0010465724751439038,0.22333333333333333,22,2,1
0.007633587786259542,0.0008944543828264757,0.0016012810248198558,0.22333333333333333,22,3,2
0.3333333333333333,0.0,0.0,0.22333333333333333,22,4,5
0.3333333333333333,0.0,0.0,0.22333333333333333,22,4,3
0.0,0.0,0.0,0.22333333333333333,22,4,4
0.0021929824561403508,0.0002994908655286014,0.0005270092226613966,0.22333333333333333,22,3,1
0.007633587786259542,0.0008944543828264757,0.0016012810248198558,0.22333333333333333,22,4,2
0.0,0.0,0.0,0.22333333333333333,22,5,4
0.3333333333333333,0.0,0.0,0.22333333333333333,22,5,5
0.3333333333333333,0.0,0.0,0.22333333333333333,22,5,3
0.0,0.0,0.0,0.22333333333333333,22,5,2
0.0021929824561403508,0.0002994908655286014,0.0005270092226613966,0.22333333333333333,22,4,1
0.3333333333333333,0.0,0.0,0.22333333333333333,22,6,3
0.3361344537815126,0.0002994908655286014,0.0005411255411255411,0.22333333333333333,22,5,1
0.0,0.0,0.0,0.22333333333333333,22,6,2
0.3333333333333333,0.0,0.0,0.22333333333333333,22,6,5
0.0,0.0,0.0,0.22333333333333333,22,6,4
0.0,0.0,0.0,0.22333333333333333,22,7,4
0.3333333333333333,0.0,0.0,0.22333333333333333,22,7,3
0.3361344537815126,0.0002994908655286014,0.0005411255411255411,0.22333333333333333,22,6,1
0.3333333333333333,0.0,0.0,0.22333333333333333,22,7,5
0.0,0.0,0.0,0.22333333333333333,22,7,2
0.3333333333333333,0.0,0.0,0.22333333333333333,22,8,3
0.3333333333333333,0.0,0.0,0.22333333333333333,22,8,5
0.0,0.0,0.0,0.22333333333333333,22,8,4
0.3367003367003367,0.0002981514609421586,0.0005477951246233908,0.22333333333333333,22,7,1
0.0,0.0,0.0,0.22333333333333333,22,8,2
0.3333333333333333,0.0,0.0,0.22333333333333333,22,9,5
0.3475177304964539,0.0005963029218843172,0.001144492131616595,0.22333333333333333,22,9,3
0.0,0.0,0.0,0.22333333333333333,22,9,4
0.3333333333333333,0.0,0.0,0.22333333333333333,22,9,2
0.3367003367003367,0.0002981514609421586,0.0005477951246233908,0.22333333333333333,22,8,1
0.33816425120772947,0.0002981514609421586,0.0005616399887672002,0.22333333333333333,22,9,1
0.0,0.0,0.0,0.22333333333333333,22,10,4
0.3475177304964539,0.0005963029218843172,0.001144492131616595,0.22333333333333333,22,10,3
0.3333333333333333,0.0,0.0,0.22333333333333333,22,10,5
0.3333333333333333,0.0,0.0,0.22333333333333333,22,10,2
0.3475177304964539,0.0005963029218843172,0.001144492131616595,0.22333333333333333,22,11,3
0.3333333333333333,0.0,0.0,0.22333333333333333,22,11,5
0.33816425120772947,0.0002981514609421586,0.0005616399887672002,0.22333333333333333,22,10,1
0.0,0.0,0.0,0.22333333333333333,22,11,4
0.3333333333333333,0.0,0.0,0.22333333333333333,22,11,2
0.3333333333333333,0.0,0.0,0.22333333333333333,23,1,3
0.005847953216374269,0.0002981514609421586,0.0005673758865248228,0.22333333333333333,22,11,1
0.3333333333333333,0.0,0.0,0.22333333333333333,23,1,5
0.0,0.0,0.0,0.22333333333333333,23,1,4
0.007633587786259542,0.0008944543828264757,0.0016012810248198558,0.22333333333333333,23,1,2
0.0,0.0,0.0,0.22333333333333333,23,2,4
0.3333333333333333,0.0,0.0,0.22333333333333333,23,2,5
0.3333333333333333,0.0,0.0,0.22333333333333333,23,2,3
0.0045045045045045045,0.0005989817310572028,0.00105736188210415,0.22333333333333333,23,1,1
0.007633587786259542,0.0008944543828264757,0.0016012810248198558,0.22333333333333333,23,2,2
0.3333333333333333,0.0,0.0,0.22333333333333333,23,3,3
0.3333333333333333,0.0,0.0,0.22333333333333333,23,3,5
0.0,0.0,0.0,0.22333333333333333,23,3,4
0.0045045045045045045,0.0005989817310572028,0.00105736188210415,0.22333333333333333,23,2,1
0.007633587786259542,0.0008944543828264757,0.0016012810248198558,0.22333333333333333,23,3,2
0.3333333333333333,0.0,0.0,0.22333333333333333,23,4,3
0.0,0.0,0.0,0.22333333333333333,23,4,4
0.3333333333333333,0.0,0.0,0.22333333333333333,23,4,5
0.007633587786259542,0.0008944543828264757,0.0016012810248198558,0.22333333333333333,23,4,2
0.0023809523809523807,0.0002994908655286014,0.0005320563979781857,0.22333333333333333,23,3,1
0.3333333333333333,0.0,0.0,0.22333333333333333,23,5,3
0.3333333333333333,0.0,0.0,0.22333333333333333,23,5,5
0.0,0.0,0.0,0.22333333333333333,23,5,4
0.0023809523809523807,0.0002994908655286014,0.0005320563979781857,0.22333333333333333,23,4,1
0.0,0.0,0.0,0.22333333333333333,23,5,2
0.3333333333333333,0.0,0.0,0.22333333333333333,23,6,3
0.3362573099415205,0.0002994908655286014,0.00054333061668025,0.22333333333333333,23,5,1
0.3333333333333333,0.0,0.0,0.22333333333333333,23,6,5
0.0,0.0,0.0,0.22333333333333333,23,6,2
0.0,0.0,0.0,0.22333333333333333,23,6,4
0.3333333333333333,0.0,0.0,0.22333333333333333,23,7,3
0.3333333333333333,0.0,0.0,0.22333333333333333,23,7,5
0.0,0.0,0.0,0.22333333333333333,23,7,4
0.3362573099415205,0.0002994908655286014,0.00054333061668025,0.22333333333333333,23,6,1
0.0,0.0,0.0,0.22333333333333333,23,7,2
0.0,0.0,0.0,0.22333333333333333,23,8,4
0.3333333333333333,0.0,0.0,0.22333333333333333,23,8,3
0.3333333333333333,0.0,0.0,0.22333333333333333,23,8,5
0.3368421052631579,0.0002981514609421586,0.0005496015388843089,0.22333333333333333,23,7,1
0.0,0.0,0.0,0.22333333333333333,23,8,2
0.0,0.0,0.0,0.22333333333333333,23,9,4
0.3475177304964539,0.0005963029218843172,0.001144492131616595,0.22333333333333333,23,9,3
0.3333333333333333,0.0,0.0,0.22333333333333333,23,9,5
0.3368421052631579,0.0002981514609421586,0.0005496015388843089,0.22333333333333333,23,8,1
0.3333333333333333,0.0,0.0,0.22333333333333333,23,9,2
0.3475177304964539,0.0005963029218843172,0.001144492131616595,0.22333333333333333,23,10,3
0.3383084577114428,0.0002981514609421586,0.0005625879043600562,0.22333333333333333,23,9,1
0.3333333333333333,0.0,0.0,0.22333333333333333,23,10,5
0.0,0.0,0.0,0.22333333333333333,23,10,4
0.3333333333333333,0.0,0.0,0.22333333333333333,23,10,2
0.3475177304964539,0.0005963029218843172,0.001144492131616595,0.22333333333333333,23,11,3
0.3333333333333333,0.0,0.0,0.22333333333333333,23,11,5
0.0,0.0,0.0,0.22333333333333333,23,11,4
0.3333333333333333,0.0,0.0,0.22333333333333333,23,11,2
0.3383084577114428,0.0002981514609421586,0.0005625879043600562,0.22333333333333333,23,10,1
0.3333333333333333,0.0,0.0,0.22333333333333333,24,1,3
0.3333333333333333,0.0,0.0,0.22333333333333333,24,1,5
0.0,0.0,0.0,0.22333333333333333,24,1,4
0.006060606060606061,0.0002981514609421586,0.0005683432793407218,0.22333333333333333,23,11,1
0.007633587786259542,0.0008944543828264757,0.0016012810248198558,0.22333333333333333,24,1,2
0.3333333333333333,0.0,0.0,0.22333333333333333,24,2,3
0.0,0.0,0.0,0.22333333333333333,24,2,4
0.3333333333333333,0.0,0.0,0.22333333333333333,24,2,5
0.0045045045045045045,0.0005989817310572028,0.00105736188210415,0.22333333333333333,24,1,1
0.007633587786259542,0.0008944543828264757,0.0016012810248198558,0.22333333333333333,24,2,2
0.3333333333333333,0.0,0.0,0.22333333333333333,24,3,3
0.3333333333333333,0.0,0.0,0.22333333333333333,24,3,5
0.007633587786259542,0.0008944543828264757,0.0016012810248198558,0.22333333333333333,24,3,2
0.0045045045045045045,0.0005989817310572028,0.00105736188210415,0.22333333333333333,24,2,1
0.0,0.0,0.0,0.22333333333333333,24,3,4
0.3333333333333333,0.0,0.0,0.22333333333333333,24,4,5
0.0,0.0,0.0,0.22333333333333333,24,4,4
0.3333333333333333,0.0,0.0,0.22333333333333333,24,4,3
0.0023809523809523807,0.0002994908655286014,0.0005320563979781857,0.22333333333333333,24,3,1
0.007633587786259542,0.0008944543828264757,0.0016012810248198558,0.22333333333333333,24,4,2
0.3333333333333333,0.0,0.0,0.22333333333333333,24,5,3
0.3333333333333333,0.0,0.0,0.22333333333333333,24,5,5
0.0,0.0,0.0,0.22333333333333333,24,5,4
0.0023809523809523807,0.0002994908655286014,0.0005320563979781857,0.22333333333333333,24,4,1
0.0,0.0,0.0,0.22333333333333333,24,5,2
0.3333333333333333,0.0,0.0,0.22333333333333333,24,6,5
0.0,0.0,0.0,0.22333333333333333,24,6,4
0.3362573099415205,0.0002994908655286014,0.00054333061668025,0.22333333333333333,24,5,1
0.3333333333333333,0.0,0.0,0.22333333333333333,24,6,3
0.0,0.0,0.0,0.22333333333333333,24,6,2
0.3333333333333333,0.0,0.0,0.22333333333333333,24,7,3
0.3333333333333333,0.0,0.0,0.22333333333333333,24,7,5
0.0,0.0,0.0,0.22333333333333333,24,7,4
0.3362573099415205,0.0002994908655286014,0.00054333061668025,0.22333333333333333,24,6,1
0.0,0.0,0.0,0.22333333333333333,24,7,2
0.3333333333333333,0.0,0.0,0.22333333333333333,24,8,3
0.3333333333333333,0.0,0.0,0.22333333333333333,24,8,5
0.0,0.0,0.0,0.22333333333333333,24,8,4
0.3368421052631579,0.0002981514609421586,0.0005496015388843089,0.22333333333333333,24,7,1
0.0,0.0,0.0,0.22333333333333333,24,8,2
0.3475177304964539,0.0005963029218843172,0.001144492131616595,0.22333333333333333,24,9,3
0.3333333333333333,0.0,0.0,0.22333333333333333,24,9,2
0.3368421052631579,0.0002981514609421586,0.0005496015388843089,0.22333333333333333,24,8,1
0.3333333333333333,0.0,0.0,0.22333333333333333,24,9,5
0.0,0.0,0.0,0.22333333333333333,24,9,4
0.3475177304964539,0.0005963029218843172,0.001144492131616595,0.22333333333333333,24,10,3
0.3333333333333333,0.0,0.0,0.22333333333333333,24,10,5
0.3383084577114428,0.0002981514609421586,0.0005625879043600562,0.22333333333333333,24,9,1
0.0,0.0,0.0,0.22333333333333333,24,10,4
0.3333333333333333,0.0,0.0,0.22333333333333333,24,10,2
0.3475177304964539,0.0005963029218843172,0.001144492131616595,0.22333333333333333,24,11,3
0.0,0.0,0.0,0.22333333333333333,24,11,4
0.3383084577114428,0.0002981514609421586,0.0005625879043600562,0.22333333333333333,24,10,1
0.3333333333333333,0.0,0.0,0.22333333333333333,24,11,5
0.3333333333333333,0.0,0.0,0.22333333333333333,24,11,2
0.004166666666666667,0.0002981514609421586,0.0005564830272676684,0.25,1,1,3
0.006060606060606061,0.0002981514609421586,0.0005683432793407218,0.22333333333333333,24,11,1
0.35555555555555557,0.0002984183825723665,0.0005889281507656066,0.25,1,1,4
0.3333333333333333,0.0,0.0,0.25,1,1,5
0.0033444816053511705,0.0008952551477170995,0.0014124293785310734,0.25,1,1,2
0.004166666666666667,0.0002981514609421586,0.0005564830272676684,0.25,1,2,3
0.3333333333333333,0.0,0.0,0.25,1,2,5
0.35555555555555557,0.0002984183825723665,0.0005889281507656066,0.25,1,2,4
0.0033444816053511705,0.0008952551477170995,0.0014124293785310734,0.25,1,2,2
0.004166666666666667,0.0002981514609421586,0.0005564830272676684,0.25,1,3,3
0.3333333333333333,0.0,0.0,0.25,1,3,5
0.35555555555555557,0.0002984183825723665,0.0005889281507656066,0.25,1,3,4
0.000552791597567717,0.0002981514609421586,0.0003873716831299632,0.25,1,1,1
0.0033444816053511705,0.0008952551477170995,0.0014124293785310734,0.25,1,3,2
0.004166666666666667,0.0002981514609421586,0.0005564830272676684,0.25,1,4,3
0.000552791597567717,0.0002981514609421586,0.0003873716831299632,0.25,1,2,1
0.3333333333333333,0.0,0.0,0.25,1,4,5
0.0033444816053511705,0.0008952551477170995,0.0014124293785310734,0.25,1,4,2
0.35555555555555557,0.0002984183825723665,0.0005889281507656066,0.25,1,4,4
0.0008795074758135443,0.0002981514609421586,0.000445335114673792,0.25,1,3,1
0.004166666666666667,0.0002981514609421586,0.0005564830272676684,0.25,1,5,3
0.35555555555555557,0.0002984183825723665,0.0005889281507656066,0.25,1,5,4
0.3333333333333333,0.0,0.0,0.25,1,5,5
0.0,0.0,0.0,0.25,1,5,2
0.0008795074758135443,0.0002981514609421586,0.000445335114673792,0.25,1,4,1
0.3333333333333333,0.0,0.0,0.25,1,6,5
0.35555555555555557,0.0002984183825723665,0.0005889281507656066,0.25,1,6,4
0.004166666666666667,0.0002981514609421586,0.0005564830272676684,0.25,1,6,3
0.0,0.0,0.0,0.25,1,5,1
0.0,0.0,0.0,0.25,1,6,2
0.35555555555555557,0.0002984183825723665,0.0005889281507656066,0.25,1,7,4
0.3333333333333333,0.0,0.0,0.25,1,7,5
0.004166666666666667,0.0002981514609421586,0.0005564830272676684,0.25,1,7,3
0.0,0.0,0.0,0.25,1,6,1
0.0,0.0,0.0,0.25,1,7,2
0.3333333333333333,0.0,0.0,0.25,1,8,5
0.35555555555555557,0.0002984183825723665,0.0005889281507656066,0.25,1,8,4
0.004166666666666667,0.0002981514609421586,0.0005564830272676684,0.25,1,8,3
0.0,0.0,0.0,0.25,1,7,1
0.3333333333333333,0.0,0.0,0.25,1,9,5
0.0,0.0,0.0,0.25,1,8,2
0.015503875968992248,0.0005963029218843172,0.0011484352569623888,0.25,1,9,3
0.35555555555555557,0.0002984183825723665,0.0005889281507656066,0.25,1,9,4
0.0,0.0,0.0,0.25,1,8,1
0.004629629629629629,0.0002984183825723665,0.000560695262125035,0.25,1,9,2
0.3333333333333333,0.0,0.0,0.25,1,10,5
0.015503875968992248,0.0005963029218843172,0.0011484352569623888,0.25,1,10,3
0.35555555555555557,0.0002984183825723665,0.0005889281507656066,0.25,1,10,4
0.004629629629629629,0.0002984183825723665,0.000560695262125035,0.25,1,10,2
0.004219409282700422,0.0002981514609421586,0.000556947925368978,0.25,1,9,1
0.015503875968992248,0.0005963029218843172,0.0011484352569623888,0.25,1,11,3
0.3333333333333333,0.0,0.0,0.25,1,11,5
0.004219409282700422,0.0002981514609421586,0.000556947925368978,0.25,1,10,1
0.35555555555555557,0.0002984183825723665,0.0005889281507656066,0.25,1,11,4
0.004629629629629629,0.0002984183825723665,0.000560695262125035,0.25,1,11,2
0.3333333333333333,0.0,0.0,0.25,2,1,5
0.0,0.0,0.0,0.25,1,11,1
0.35555555555555557,0.0002984183825723665,0.0005889281507656066,0.25,2,1,4
0.004166666666666667,0.0002981514609421586,0.0005564830272676684,0.25,2,1,3
0.0033444816053511705,0.0008952551477170995,0.0014124293785310734,0.25,2,1,2
0.3333333333333333,0.0,0.0,0.25,2,2,5
0.35555555555555557,0.0002984183825723665,0.0005889281507656066,0.25,2,2,4
0.004166666666666667,0.0002981514609421586,0.0005564830272676684,0.25,2,2,3
0.0033444816053511705,0.0008952551477170995,0.0014124293785310734,0.25,2,2,2
0.000552791597567717,0.0002981514609421586,0.0003873716831299632,0.25,2,1,1
0.004166666666666667,0.0002981514609421586,0.0005564830272676684,0.25,2,3,3
0.3333333333333333,0.0,0.0,0.25,2,3,5
0.35555555555555557,0.0002984183825723665,0.0005889281507656066,0.25,2,3,4
0.0033444816053511705,0.0008952551477170995,0.0014124293785310734,0.25,2,3,2
0.000552791597567717,0.0002981514609421586,0.0003873716831299632,0.25,2,2,1
0.004166666666666667,0.0002981514609421586,0.0005564830272676684,0.25,2,4,3
0.3333333333333333,0.0,0.0,0.25,2,4,5
0.35555555555555557,0.0002984183825723665,0.0005889281507656066,0.25,2,4,4
0.0008795074758135443,0.0002981514609421586,0.000445335114673792,0.25,2,3,1
0.0033444816053511705,0.0008952551477170995,0.0014124293785310734,0.25,2,4,2
0.004166666666666667,0.0002981514609421586,0.0005564830272676684,0.25,2,5,3
0.3333333333333333,0.0,0.0,0.25,2,5,5
0.35555555555555557,0.0002984183825723665,0.0005889281507656066,0.25,2,5,4
0.0,0.0,0.0,0.25,2,5,2
0.0008795074758135443,0.0002981514609421586,0.000445335114673792,0.25,2,4,1
0.3333333333333333,0.0,0.0,0.25,2,6,5
0.35555555555555557,0.0002984183825723665,0.0005889281507656066,0.25,2,6,4
0.0,0.0,0.0,0.25,2,5,1
0.0,0.0,0.0,0.25,2,6,2
0.004166666666666667,0.0002981514609421586,0.0005564830272676684,0.25,2,6,3
0.3333333333333333,0.0,0.0,0.25,2,7,5
0.35555555555555557,0.0002984183825723665,0.0005889281507656066,0.25,2,7,4
0.0,0.0,0.0,0.25,2,6,1
0.004166666666666667,0.0002981514609421586,0.0005564830272676684,0.25,2,7,3
0.0,0.0,0.0,0.25,2,7,2
0.3333333333333333,0.0,0.0,0.25,2,8,5
0.35555555555555557,0.0002984183825723665,0.0005889281507656066,0.25,2,8,4
0.004166666666666667,0.0002981514609421586,0.0005564830272676684,0.25,2,8,3
0.0,0.0,0.0,0.25,2,7,1
0.0,0.0,0.0,0.25,2,8,2
0.3333333333333333,0.0,0.0,0.25,2,9,5
0.015503875968992248,0.0005963029218843172,0.0011484352569623888,0.25,2,9,3
0.35555555555555557,0.0002984183825723665,0.0005889281507656066,0.25,2,9,4
0.0,0.0,0.0,0.25,2,8,1
0.004629629629629629,0.0002984183825723665,0.000560695262125035,0.25,2,9,2
0.3333333333333333,0.0,0.0,0.25,2,10,5
0.35555555555555557,0.0002984183825723665,0.0005889281507656066,0.25,2,10,4
0.015503875968992248,0.0005963029218843172,0.0011484352569623888,0.25,2,10,3
0.004219409282700422,0.0002981514609421586,0.000556947925368978,0.25,2,9,1
0.004629629629629629,0.0002984183825723665,0.000560695262125035,0.25,2,10,2
0.015503875968992248,0.0005963029218843172,0.0011484352569623888,0.25,2,11,3
0.35555555555555557,0.0002984183825723665,0.0005889281507656066,0.25,2,11,4
0.004219409282700422,0.0002981514609421586,0.000556947925368978,0.25,2,10,1
0.3333333333333333,0.0,0.0,0.25,2,11,5
0.004629629629629629,0.0002984183825723665,0.000560695262125035,0.25,2,11,2
0.3333333333333333,0.0,0.0,0.25,3,1,5
0.35555555555555557,0.0002984183825723665,0.0005889281507656066,0.25,3,1,4
0.0,0.0,0.0,0.25,2,11,1
0.004166666666666667,0.0002981514609421586,0.0005564830272676684,0.25,3,1,3
0.0033444816053511705,0.0008952551477170995,0.0014124293785310734,0.25,3,1,2
0.3333333333333333,0.0,0.0,0.25,3,2,5
0.35555555555555557,0.0002984183825723665,0.0005889281507656066,0.25,3,2,4
0.004166666666666667,0.0002981514609421586,0.0005564830272676684,0.25,3,2,3
0.0033444816053511705,0.0008952551477170995,0.0014124293785310734,0.25,3,2,2
0.3333333333333333,0.0,0.0,0.25,3,3,5
0.000552791597567717,0.0002981514609421586,0.0003873716831299632,0.25,3,1,1
0.35555555555555557,0.0002984183825723665,0.0005889281507656066,0.25,3,3,4
0.004166666666666667,0.0002981514609421586,0.0005564830272676684,0.25,3,3,3
0.0033444816053511705,0.0008952551477170995,0.0014124293785310734,0.25,3,3,2
0.004166666666666667,0.0002981514609421586,0.0005564830272676684,0.25,3,4,3
0.000552791597567717,0.0002981514609421586,0.0003873716831299632,0.25,3,2,1
0.3333333333333333,0.0,0.0,0.25,3,4,5
0.0008795074758135443,0.0002981514609421586,0.000445335114673792,0.25,3,3,1
0.35555555555555557,0.0002984183825723665,0.0005889281507656066,0.25,3,4,4
0.3333333333333333,0.0,0.0,0.25,3,5,5
0.35555555555555557,0.0002984183825723665,0.0005889281507656066,0.25,3,5,4
0.0033444816053511705,0.0008952551477170995,0.0014124293785310734,0.25,3,4,2
0.004166666666666667,0.0002981514609421586,0.0005564830272676684,0.25,3,5,3
0.0,0.0,0.0,0.25,3,5,2
0.0008795074758135443,0.0002981514609421586,0.000445335114673792,0.25,3,4,1
0.3333333333333333,0.0,0.0,0.25,3,6,5
0.35555555555555557,0.0002984183825723665,0.0005889281507656066,0.25,3,6,4
0.004166666666666667,0.0002981514609421586,0.0005564830272676684,0.25,3,6,3
0.0,0.0,0.0,0.25,3,5,1
0.0,0.0,0.0,0.25,3,6,2
0.3333333333333333,0.0,0.0,0.25,3,7,5
0.0,0.0,0.0,0.25,3,6,1
0.004166666666666667,0.0002981514609421586,0.0005564830272676684,0.25,3,7,3
0.35555555555555557,0.0002984183825723665,0.0005889281507656066,0.25,3,7,4
0.35555555555555557,0.0002984183825723665,0.0005889281507656066,0.25,3,8,4
0.3333333333333333,0.0,0.0,0.25,3,8,5
0.0,0.0,0.0,0.25,3,7,2
0.004166666666666667,0.0002981514609421586,0.0005564830272676684,0.25,3,8,3
0.0,0.0,0.0,0.25,3,8,2
0.3333333333333333,0.0,0.0,0.25,3,9,5
0.0,0.0,0.0,0.25,3,7,1
0.0,0.0,0.0,0.25,3,8,1
0.35555555555555557,0.0002984183825723665,0.0005889281507656066,0.25,3,9,4
0.015503875968992248,0.0005963029218843172,0.0011484352569623888,0.25,3,9,3
0.004629629629629629,0.0002984183825723665,0.000560695262125035,0.25,3,9,2
0.3333333333333333,0.0,0.0,0.25,3,10,5
0.35555555555555557,0.0002984183825723665,0.0005889281507656066,0.25,3,10,4
0.015503875968992248,0.0005963029218843172,0.0011484352569623888,0.25,3,10,3
0.004629629629629629,0.0002984183825723665,0.000560695262125035,0.25,3,10,2
0.004219409282700422,0.0002981514609421586,0.000556947925368978,0.25,3,9,1
0.35555555555555557,0.0002984183825723665,0.0005889281507656066,0.25,3,11,4
0.004219409282700422,0.0002981514609421586,0.000556947925368978,0.25,3,10,1
0.3333333333333333,0.0,0.0,0.25,3,11,5
0.004629629629629629,0.0002984183825723665,0.000560695262125035,0.25,3,11,2
0.015503875968992248,0.0005963029218843172,0.0011484352569623888,0.25,3,11,3
0.3333333333333333,0.0,0.0,0.25,4,1,5
0.35555555555555557,0.0002984183825723665,0.0005889281507656066,0.25,4,1,4
0.0,0.0,0.0,0.25,3,11,1
0.004166666666666667,0.0002981514609421586,0.0005564830272676684,0.25,4,1,3
0.0033444816053511705,0.0008952551477170995,0.0014124293785310734,0.25,4,1,2
0.35555555555555557,0.0002984183825723665,0.0005889281507656066,0.25,4,2,4
0.3333333333333333,0.0,0.0,0.25,4,2,5
0.004166666666666667,0.0002981514609421586,0.0005564830272676684,0.25,4,2,3
0.0033444816053511705,0.0008952551477170995,0.0014124293785310734,0.25,4,2,2
0.3333333333333333,0.0,0.0,0.25,4,3,5
0.000552791597567717,0.0002981514609421586,0.0003873716831299632,0.25,4,1,1
0.35555555555555557,0.0002984183825723665,0.0005889281507656066,0.25,4,3,4
0.004166666666666667,0.0002981514609421586,0.0005564830272676684,0.25,4,3,3
0.0033444816053511705,0.0008952551477170995,0.0014124293785310734,0.25,4,3,2
0.000552791597567717,0.0002981514609421586,0.0003873716831299632,0.25,4,2,1
0.004166666666666667,0.0002981514609421586,0.0005564830272676684,0.25,4,4,3
0.3333333333333333,0.0,0.0,0.25,4,4,5
0.35555555555555557,0.0002984183825723665,0.0005889281507656066,0.25,4,4,4
0.0008795074758135443,0.0002981514609421586,0.000445335114673792,0.25,4,3,1
0.0033444816053511705,0.0008952551477170995,0.0014124293785310734,0.25,4,4,2
0.35555555555555557,0.0002984183825723665,0.0005889281507656066,0.25,4,5,4
0.004166666666666667,0.0002981514609421586,0.0005564830272676684,0.25,4,5,3
0.3333333333333333,0.0,0.0,0.25,4,5,5
0.0,0.0,0.0,0.25,4,5,2
0.0008795074758135443,0.0002981514609421586,0.000445335114673792,0.25,4,4,1
0.35555555555555557,0.0002984183825723665,0.0005889281507656066,0.25,4,6,4
0.3333333333333333,0.0,0.0,0.25,4,6,5
0.0,0.0,0.0,0.25,4,5,1
0.004166666666666667,0.0002981514609421586,0.0005564830272676684,0.25,4,6,3
0.0,0.0,0.0,0.25,4,6,2
0.35555555555555557,0.0002984183825723665,0.0005889281507656066,0.25,4,7,4
0.3333333333333333,0.0,0.0,0.25,4,7,5
0.004166666666666667,0.0002981514609421586,0.0005564830272676684,0.25,4,7,3
0.0,0.0,0.0,0.25,4,6,1
0.0,0.0,0.0,0.25,4,7,2
0.3333333333333333,0.0,0.0,0.25,4,8,5
0.35555555555555557,0.0002984183825723665,0.0005889281507656066,0.25,4,8,4
0.004166666666666667,0.0002981514609421586,0.0005564830272676684,0.25,4,8,3
0.0,0.0,0.0,0.25,4,8,2
0.0,0.0,0.0,0.25,4,7,1
0.35555555555555557,0.0002984183825723665,0.0005889281507656066,0.25,4,9,4
0.3333333333333333,0.0,0.0,0.25,4,9,5
0.015503875968992248,0.0005963029218843172,0.0011484352569623888,0.25,4,9,3
0.0,0.0,0.0,0.25,4,8,1
0.004629629629629629,0.0002984183825723665,0.000560695262125035,0.25,4,9,2
0.015503875968992248,0.0005963029218843172,0.0011484352569623888,0.25,4,10,3
0.004219409282700422,0.0002981514609421586,0.000556947925368978,0.25,4,9,1
0.004629629629629629,0.0002984183825723665,0.000560695262125035,0.25,4,10,2
0.3333333333333333,0.0,0.0,0.25,4,10,5
0.35555555555555557,0.0002984183825723665,0.0005889281507656066,0.25,4,10,4
0.015503875968992248,0.0005963029218843172,0.0011484352569623888,0.25,4,11,3
0.3333333333333333,0.0,0.0,0.25,4,11,5
0.35555555555555557,0.0002984183825723665,0.0005889281507656066,0.25,4,11,4
0.004219409282700422,0.0002981514609421586,0.000556947925368978,0.25,4,10,1
0.004629629629629629,0.0002984183825723665,0.000560695262125035,0.25,4,11,2
0.3333333333333333,0.0,0.0,0.25,5,1,5
0.35555555555555557,0.0002984183825723665,0.0005889281507656066,0.25,5,1,4
0.004166666666666667,0.0002981514609421586,0.0005564830272676684,0.25,5,1,3
0.0,0.0,0.0,0.25,4,11,1
0.0033444816053511705,0.0008952551477170995,0.0014124293785310734,0.25,5,1,2
0.3333333333333333,0.0,0.0,0.25,5,2,5
0.35555555555555557,0.0002984183825723665,0.0005889281507656066,0.25,5,2,4
0.004166666666666667,0.0002981514609421586,0.0005564830272676684,0.25,5,2,3
0.0,0.0,0.0,0.25,5,1,1
0.0033444816053511705,0.0008952551477170995,0.0014124293785310734,0.25,5,2,2
0.004166666666666667,0.0002981514609421586,0.0005564830272676684,0.25,5,3,3
0.35555555555555557,0.0002984183825723665,0.0005889281507656066,0.25,5,3,4
0.3333333333333333,0.0,0.0,0.25,5,3,5
0.0033444816053511705,0.0008952551477170995,0.0014124293785310734,0.25,5,3,2
0.0,0.0,0.0,0.25,5,2,1
0.3333333333333333,0.0,0.0,0.25,5,4,5
0.004166666666666667,0.0002981514609421586,0.0005564830272676684,0.25,5,4,3
0.35555555555555557,0.0002984183825723665,0.0005889281507656066,0.25,5,4,4
0.0,0.0,0.0,0.25,5,3,1
0.0033444816053511705,0.0008952551477170995,0.0014124293785310734,0.25,5,4,2
0.004166666666666667,0.0002981514609421586,0.0005564830272676684,0.25,5,5,3
0.3333333333333333,0.0,0.0,0.25,5,5,5
0.35555555555555557,0.0002984183825723665,0.0005889281507656066,0.25,5,5,4
0.0,0.0,0.0,0.25,5,5,2
0.0,0.0,0.0,0.25,5,4,1
0.3333333333333333,0.0,0.0,0.25,5,6,5
0.35555555555555557,0.0002984183825723665,0.0005889281507656066,0.25,5,6,4
0.004166666666666667,0.0002981514609421586,0.0005564830272676684,0.25,5,6,3
0.0,0.0,0.0,0.25,5,5,1
0.0,0.0,0.0,0.25,5,6,2
0.3333333333333333,0.0,0.0,0.25,5,7,5
0.35555555555555557,0.0002984183825723665,0.0005889281507656066,0.25,5,7,4
0.0,0.0,0.0,0.25,5,6,1
0.004166666666666667,0.0002981514609421586,0.0005564830272676684,0.25,5,7,3
0.0,0.0,0.0,0.25,5,7,2
0.3333333333333333,0.0,0.0,0.25,5,8,5
0.0,0.0,0.0,0.25,5,7,1
0.35555555555555557,0.0002984183825723665,0.0005889281507656066,0.25,5,8,4
0.004166666666666667,0.0002981514609421586,0.0005564830272676684,0.25,5,8,3
0.0,0.0,0.0,0.25,5,8,2
0.35555555555555557,0.0002984183825723665,0.0005889281507656066,0.25,5,9,4
0.3333333333333333,0.0,0.0,0.25,5,9,5
0.015503875968992248,0.0005963029218843172,0.0011484352569623888,0.25,5,9,3
0.0,0.0,0.0,0.25,5,8,1
0.004629629629629629,0.0002984183825723665,0.000560695262125035,0.25,5,9,2
0.3333333333333333,0.0,0.0,0.25,5,10,5
0.015503875968992248,0.0005963029218843172,0.0011484352569623888,0.25,5,10,3
0.35555555555555557,0.0002984183825723665,0.0005889281507656066,0.25,5,10,4
0.004901960784313725,0.0002981514609421586,0.0005621135469364812,0.25,5,9,1
0.004629629629629629,0.0002984183825723665,0.000560695262125035,0.25,5,10,2
0.015503875968992248,0.0005963029218843172,0.0011484352569623888,0.25,5,11,3
0.004629629629629629,0.0002984183825723665,0.000560695262125035,0.25,5,11,2
0.004901960784313725,0.0002981514609421586,0.0005621135469364812,0.25,5,10,1
0.3333333333333333,0.0,0.0,0.25,5,11,5
0.35555555555555557,0.0002984183825723665,0.0005889281507656066,0.25,5,11,4
0.0,0.0,0.0,0.25,5,11,1
0.3333333333333333,0.0,0.0,0.25,6,1,5
0.004166666666666667,0.0002981514609421586,0.0005564830272676684,0.25,6,1,3
0.35555555555555557,0.0002984183825723665,0.0005889281507656066,0.25,6,1,4
0.0033444816053511705,0.0008952551477170995,0.0014124293785310734,0.25,6,1,2
0.3333333333333333,0.0,0.0,0.25,6,2,5
0.35555555555555557,0.0002984183825723665,0.0005889281507656066,0.25,6,2,4
0.004166666666666667,0.0002981514609421586,0.0005564830272676684,0.25,6,2,3
0.0,0.0,0.0,0.25,6,1,1
0.3333333333333333,0.0,0.0,0.25,6,3,5
0.0033444816053511705,0.0008952551477170995,0.0014124293785310734,0.25,6,2,2
0.35555555555555557,0.0002984183825723665,0.0005889281507656066,0.25,6,3,4
0.004166666666666667,0.0002981514609421586,0.0005564830272676684,0.25,6,3,3
0.0033444816053511705,0.0008952551477170995,0.0014124293785310734,0.25,6,3,2
0.0,0.0,0.0,0.25,6,2,1
0.3333333333333333,0.0,0.0,0.25,6,4,5
0.35555555555555557,0.0002984183825723665,0.0005889281507656066,0.25,6,4,4
0.004166666666666667,0.0002981514609421586,0.0005564830272676684,0.25,6,4,3
0.0033444816053511705,0.0008952551477170995,0.0014124293785310734,0.25,6,4,2
0.0,0.0,0.0,0.25,6,3,1
0.004166666666666667,0.0002981514609421586,0.0005564830272676684,0.25,6,5,3
0.3333333333333333,0.0,0.0,0.25,6,5,5
0.35555555555555557,0.0002984183825723665,0.0005889281507656066,0.25,6,5,4
0.0,0.0,0.0,0.25,6,4,1
0.0,0.0,0.0,0.25,6,5,2
0.3333333333333333,0.0,0.0,0.25,6,6,5
0.35555555555555557,0.0002984183825723665,0.0005889281507656066,0.25,6,6,4
0.004166666666666667,0.0002981514609421586,0.0005564830272676684,0.25,6,6,3
0.0,0.0,0.0,0.25,6,5,1
0.0,0.0,0.0,0.25,6,6,2
0.3333333333333333,0.0,0.0,0.25,6,7,5
0.35555555555555557,0.0002984183825723665,0.0005889281507656066,0.25,6,7,4
0.0,0.0,0.0,0.25,6,6,1
0.004166666666666667,0.0002981514609421586,0.0005564830272676684,0.25,6,7,3
0.0,0.0,0.0,0.25,6,7,2
0.3333333333333333,0.0,0.0,0.25,6,8,5
0.35555555555555557,0.0002984183825723665,0.0005889281507656066,0.25,6,8,4
0.004166666666666667,0.0002981514609421586,0.0005564830272676684,0.25,6,8,3
0.0,0.0,0.0,0.25,6,7,1
0.0,0.0,0.0,0.25,6,8,2
0.35555555555555557,0.0002984183825723665,0.0005889281507656066,0.25,6,9,4
0.3333333333333333,0.0,0.0,0.25,6,9,5
0.015503875968992248,0.0005963029218843172,0.0011484352569623888,0.25,6,9,3
0.0,0.0,0.0,0.25,6,8,1
0.004629629629629629,0.0002984183825723665,0.000560695262125035,0.25,6,9,2
0.015503875968992248,0.0005963029218843172,0.0011484352569623888,0.25,6,10,3
0.3333333333333333,0.0,0.0,0.25,6,10,5
0.004901960784313725,0.0002981514609421586,0.0005621135469364812,0.25,6,9,1
0.004629629629629629,0.0002984183825723665,0.000560695262125035,0.25,6,10,2
0.35555555555555557,0.0002984183825723665,0.0005889281507656066,0.25,6,10,4
0.015503875968992248,0.0005963029218843172,0.0011484352569623888,0.25,6,11,3
0.35555555555555557,0.0002984183825723665,0.0005889281507656066,0.25,6,11,4
0.3333333333333333,0.0,0.0,0.25,6,11,5
0.004901960784313725,0.0002981514609421586,0.0005621135469364812,0.25,6,10,1
0.004629629629629629,0.0002984183825723665,0.000560695262125035,0.25,6,11,2
0.3333333333333333,0.0,0.0,0.25,7,1,5
0.35555555555555557,0.0002984183825723665,0.0005889281507656066,0.25,7,1,4
0.004166666666666667,0.0002981514609421586,0.0005564830272676684,0.25,7,1,3
0.0,0.0,0.0,0.25,6,11,1
0.0033444816053511705,0.0008952551477170995,0.0014124293785310734,0.25,7,1,2
0.3333333333333333,0.0,0.0,0.25,7,2,5
0.35555555555555557,0.0002984183825723665,0.0005889281507656066,0.25,7,2,4
0.004166666666666667,0.0002981514609421586,0.0005564830272676684,0.25,7,2,3
0.0,0.0,0.0,0.25,7,1,1
0.0033444816053511705,0.0008952551477170995,0.0014124293785310734,0.25,7,2,2
0.004166666666666667,0.0002981514609421586,0.0005564830272676684,0.25,7,3,3
0.35555555555555557,0.0002984183825723665,0.0005889281507656066,0.25,7,3,4
0.3333333333333333,0.0,0.0,0.25,7,3,5
0.004166666666666667,0.0002981514609421586,0.0005564830272676684,0.25,7,4,3
0.0,0.0,0.0,0.25,7,2,1
0.0033444816053511705,0.0008952551477170995,0.0014124293785310734,0.25,7,3,2
0.3333333333333333,0.0,0.0,0.25,7,4,5
0.35555555555555557,0.0002984183825723665,0.0005889281507656066,0.25,7,4,4
0.0,0.0,0.0,0.25,7,3,1
0.0033444816053511705,0.0008952551477170995,0.0014124293785310734,0.25,7,4,2
0.004166666666666667,0.0002981514609421586,0.0005564830272676684,0.25,7,5,3
0.35555555555555557,0.0002984183825723665,0.0005889281507656066,0.25,7,5,4
0.3333333333333333,0.0,0.0,0.25,7,5,5
0.0,0.0,0.0,0.25,7,5,2
0.0,0.0,0.0,0.25,7,4,1
0.004166666666666667,0.0002981514609421586,0.0005564830272676684,0.25,7,6,3
0.3333333333333333,0.0,0.0,0.25,7,6,5
0.0,0.0,0.0,0.25,7,5,1
0.35555555555555557,0.0002984183825723665,0.0005889281507656066,0.25,7,6,4
0.0,0.0,0.0,0.25,7,6,2
0.3333333333333333,0.0,0.0,0.25,7,7,5
0.35555555555555557,0.0002984183825723665,0.0005889281507656066,0.25,7,7,4
0.0,0.0,0.0,0.25,7,6,1
0.004166666666666667,0.0002981514609421586,0.0005564830272676684,0.25,7,7,3
0.0,0.0,0.0,0.25,7,7,2
0.3333333333333333,0.0,0.0,0.25,7,8,5
0.35555555555555557,0.0002984183825723665,0.0005889281507656066,0.25,7,8,4
0.0,0.0,0.0,0.25,7,7,1
0.004166666666666667,0.0002981514609421586,0.0005564830272676684,0.25,7,8,3
0.0,0.0,0.0,0.25,7,8,2
0.015503875968992248,0.0005963029218843172,0.0011484352569623888,0.25,7,9,3
0.3333333333333333,0.0,0.0,0.25,7,9,5
0.0,0.0,0.0,0.25,7,8,1
0.35555555555555557,0.0002984183825723665,0.0005889281507656066,0.25,7,9,4
0.004629629629629629,0.0002984183825723665,0.000560695262125035,0.25,7,9,2
0.35555555555555557,0.0002984183825723665,0.0005889281507656066,0.25,7,10,4
0.015503875968992248,0.0005963029218843172,0.0011484352569623888,0.25,7,10,3
0.3333333333333333,0.0,0.0,0.25,7,10,5
0.004629629629629629,0.0002984183825723665,0.000560695262125035,0.25,7,10,2
0.004901960784313725,0.0002981514609421586,0.0005621135469364812,0.25,7,9,1
0.015503875968992248,0.0005963029218843172,0.0011484352569623888,0.25,7,11,3
0.35555555555555557,0.0002984183825723665,0.0005889281507656066,0.25,7,11,4
0.3333333333333333,0.0,0.0,0.25,7,11,5
0.004901960784313725,0.0002981514609421586,0.0005621135469364812,0.25,7,10,1
0.004629629629629629,0.0002984183825723665,0.000560695262125035,0.25,7,11,2
0.35555555555555557,0.0002984183825723665,0.0005889281507656066,0.25,8,1,4
0.3333333333333333,0.0,0.0,0.25,8,1,5
0.004166666666666667,0.0002981514609421586,0.0005564830272676684,0.25,8,1,3
0.0,0.0,0.0,0.25,7,11,1
0.0033444816053511705,0.0008952551477170995,0.0014124293785310734,0.25,8,1,2
0.3333333333333333,0.0,0.0,0.25,8,2,5
0.35555555555555557,0.0002984183825723665,0.0005889281507656066,0.25,8,2,4
0.004166666666666667,0.0002981514609421586,0.0005564830272676684,0.25,8,2,3
0.0,0.0,0.0,0.25,8,1,1
0.0033444816053511705,0.0008952551477170995,0.0014124293785310734,0.25,8,2,2
0.004166666666666667,0.0002981514609421586,0.0005564830272676684,0.25,8,3,3
0.35555555555555557,0.0002984183825723665,0.0005889281507656066,0.25,8,3,4
0.3333333333333333,0.0,0.0,0.25,8,3,5
0.0,0.0,0.0,0.25,8,2,1
0.0033444816053511705,0.0008952551477170995,0.0014124293785310734,0.25,8,3,2
0.004166666666666667,0.0002981514609421586,0.0005564830272676684,0.25,8,4,3
0.35555555555555557,0.0002984183825723665,0.0005889281507656066,0.25,8,4,4
0.3333333333333333,0.0,0.0,0.25,8,4,5
0.0,0.0,0.0,0.25,8,3,1
0.0033444816053511705,0.0008952551477170995,0.0014124293785310734,0.25,8,4,2
0.35555555555555557,0.0002984183825723665,0.0005889281507656066,0.25,8,5,4
0.004166666666666667,0.0002981514609421586,0.0005564830272676684,0.25,8,5,3
0.3333333333333333,0.0,0.0,0.25,8,5,5
0.0,0.0,0.0,0.25,8,5,2
0.0,0.0,0.0,0.25,8,4,1
0.3333333333333333,0.0,0.0,0.25,8,6,5
0.35555555555555557,0.0002984183825723665,0.0005889281507656066,0.25,8,6,4
0.0,0.0,0.0,0.25,8,5,1
0.004166666666666667,0.0002981514609421586,0.0005564830272676684,0.25,8,6,3
0.0,0.0,0.0,0.25,8,6,2
0.3333333333333333,0.0,0.0,0.25,8,7,5
0.35555555555555557,0.0002984183825723665,0.0005889281507656066,0.25,8,7,4
0.0,0.0,0.0,0.25,8,6,1
0.004166666666666667,0.0002981514609421586,0.0005564830272676684,0.25,8,7,3
0.0,0.0,0.0,0.25,8,7,2
0.35555555555555557,0.0002984183825723665,0.0005889281507656066,0.25,8,8,4
0.3333333333333333,0.0,0.0,0.25,8,8,5
0.004166666666666667,0.0002981514609421586,0.0005564830272676684,0.25,8,8,3
0.0,0.0,0.0,0.25,8,7,1
0.0,0.0,0.0,0.25,8,8,2
0.015503875968992248,0.0005963029218843172,0.0011484352569623888,0.25,8,9,3
0.3333333333333333,0.0,0.0,0.25,8,9,5
0.35555555555555557,0.0002984183825723665,0.0005889281507656066,0.25,8,9,4
0.0,0.0,0.0,0.25,8,8,1
0.004629629629629629,0.0002984183825723665,0.000560695262125035,0.25,8,9,2
0.015503875968992248,0.0005963029218843172,0.0011484352569623888,0.25,8,10,3
0.3333333333333333,0.0,0.0,0.25,8,10,5
0.004901960784313725,0.0002981514609421586,0.0005621135469364812,0.25,8,9,1
0.35555555555555557,0.0002984183825723665,0.0005889281507656066,0.25,8,10,4
0.004629629629629629,0.0002984183825723665,0.000560695262125035,0.25,8,10,2
0.015503875968992248,0.0005963029218843172,0.0011484352569623888,0.25,8,11,3
0.3333333333333333,0.0,0.0,0.25,8,11,5
0.35555555555555557,0.0002984183825723665,0.0005889281507656066,0.25,8,11,4
0.004901960784313725,0.0002981514609421586,0.0005621135469364812,0.25,8,10,1
0.004629629629629629,0.0002984183825723665,0.000560695262125035,0.25,8,11,2
0.3333333333333333,0.0,0.0,0.25,9,1,5
0.004166666666666667,0.0002981514609421586,0.0005564830272676684,0.25,9,1,3
0.35555555555555557,0.0002984183825723665,0.0005889281507656066,0.25,9,1,4
0.005376344086021505,0.0008952551477170995,0.0015349194167306216,0.25,9,1,2
0.0,0.0,0.0,0.25,8,11,1
0.35555555555555557,0.0002984183825723665,0.0005889281507656066,0.25,9,2,4
0.004166666666666667,0.0002981514609421586,0.0005564830272676684,0.25,9,2,3
0.3333333333333333,0.0,0.0,0.25,9,2,5
0.0,0.0,0.0,0.25,9,1,1
0.005376344086021505,0.0008952551477170995,0.0015349194167306216,0.25,9,2,2
0.3333333333333333,0.0,0.0,0.25,9,3,5
0.35555555555555557,0.0002984183825723665,0.0005889281507656066,0.25,9,3,4
0.004166666666666667,0.0002981514609421586,0.0005564830272676684,0.25,9,3,3
0.005376344086021505,0.0008952551477170995,0.0015349194167306216,0.25,9,3,2
0.0,0.0,0.0,0.25,9,2,1
0.004166666666666667,0.0002981514609421586,0.0005564830272676684,0.25,9,4,3
0.3333333333333333,0.0,0.0,0.25,9,4,5
0.35555555555555557,0.0002984183825723665,0.0005889281507656066,0.25,9,4,4
0.0,0.0,0.0,0.25,9,3,1
0.005376344086021505,0.0008952551477170995,0.0015349194167306216,0.25,9,4,2
0.004166666666666667,0.0002981514609421586,0.0005564830272676684,0.25,9,5,3
0.35555555555555557,0.0002984183825723665,0.0005889281507656066,0.25,9,5,4
0.3333333333333333,0.0,0.0,0.25,9,5,5
0.0,0.0,0.0,0.25,9,4,1
0.0,0.0,0.0,0.25,9,5,2
0.3333333333333333,0.0,0.0,0.25,9,6,5
0.35555555555555557,0.0002984183825723665,0.0005889281507656066,0.25,9,6,4
0.004166666666666667,0.0002981514609421586,0.0005564830272676684,0.25,9,6,3
0.0,0.0,0.0,0.25,9,5,1
0.0,0.0,0.0,0.25,9,6,2
0.35555555555555557,0.0002984183825723665,0.0005889281507656066,0.25,9,7,4
0.3333333333333333,0.0,0.0,0.25,9,7,5
0.0,0.0,0.0,0.25,9,6,1
0.004166666666666667,0.0002981514609421586,0.0005564830272676684,0.25,9,7,3
0.0,0.0,0.0,0.25,9,7,2
0.3333333333333333,0.0,0.0,0.25,9,8,5
0.35555555555555557,0.0002984183825723665,0.0005889281507656066,0.25,9,8,4
0.004166666666666667,0.0002981514609421586,0.0005564830272676684,0.25,9,8,3
0.0,0.0,0.0,0.25,9,7,1
0.0,0.0,0.0,0.25,9,8,2
0.015503875968992248,0.0005963029218843172,0.0011484352569623888,0.25,9,9,3
0.3333333333333333,0.0,0.0,0.25,9,9,5
0.35555555555555557,0.0002984183825723665,0.0005889281507656066,0.25,9,9,4
0.0,0.0,0.0,0.25,9,8,1
0.005555555555555556,0.0002984183825723665,0.0005664117813650524,0.25,9,9,2
0.005376344086021505,0.0002981514609421586,0.0005649717514124294,0.25,9,9,1
0.3333333333333333,0.0,0.0,0.25,9,10,5
0.015503875968992248,0.0005963029218843172,0.0011484352569623888,0.25,9,10,3
0.35555555555555557,0.0002984183825723665,0.0005889281507656066,0.25,9,10,4
0.005555555555555556,0.0002984183825723665,0.0005664117813650524,0.25,9,10,2
0.015503875968992248,0.0005963029218843172,0.0011484352569623888,0.25,9,11,3
0.3333333333333333,0.0,0.0,0.25,9,11,5
0.005555555555555556,0.0002984183825723665,0.0005664117813650524,0.25,9,11,2
0.005376344086021505,0.0002981514609421586,0.0005649717514124294,0.25,9,10,1
0.35555555555555557,0.0002984183825723665,0.0005889281507656066,0.25,9,11,4
0.3333333333333333,0.0,0.0,0.25,10,1,5
0.35555555555555557,0.0002984183825723665,0.0005889281507656066,0.25,10,1,4
0.0,0.0,0.0,0.25,9,11,1
0.004166666666666667,0.0002981514609421586,0.0005564830272676684,0.25,10,1,3
0.005376344086021505,0.0008952551477170995,0.0015349194167306216,0.25,10,1,2
0.3333333333333333,0.0,0.0,0.25,10,2,5
0.35555555555555557,0.0002984183825723665,0.0005889281507656066,0.25,10,2,4
0.004166666666666667,0.0002981514609421586,0.0005564830272676684,0.25,10,2,3
0.0,0.0,0.0,0.25,10,1,1
0.005376344086021505,0.0008952551477170995,0.0015349194167306216,0.25,10,2,2
0.3333333333333333,0.0,0.0,0.25,10,3,5
0.35555555555555557,0.0002984183825723665,0.0005889281507656066,0.25,10,3,4
0.004166666666666667,0.0002981514609421586,0.0005564830272676684,0.25,10,3,3
0.0,0.0,0.0,0.25,10,2,1
0.005376344086021505,0.0008952551477170995,0.0015349194167306216,0.25,10,3,2
0.004166666666666667,0.0002981514609421586,0.0005564830272676684,0.25,10,4,3
0.3333333333333333,0.0,0.0,0.25,10,4,5
0.35555555555555557,0.0002984183825723665,0.0005889281507656066,0.25,10,4,4
0.005376344086021505,0.0008952551477170995,0.0015349194167306216,0.25,10,4,2
0.0,0.0,0.0,0.25,10,3,1
0.004166666666666667,0.0002981514609421586,0.0005564830272676684,0.25,10,5,3
0.3333333333333333,0.0,0.0,0.25,10,5,5
0.35555555555555557,0.0002984183825723665,0.0005889281507656066,0.25,10,5,4
0.0,0.0,0.0,0.25,10,5,2
0.0,0.0,0.0,0.25,10,4,1
0.004166666666666667,0.0002981514609421586,0.0005564830272676684,0.25,10,6,3
0.3333333333333333,0.0,0.0,0.25,10,6,5
0.35555555555555557,0.0002984183825723665,0.0005889281507656066,0.25,10,6,4
0.0,0.0,0.0,0.25,10,5,1
0.0,0.0,0.0,0.25,10,6,2
0.3333333333333333,0.0,0.0,0.25,10,7,5
0.35555555555555557,0.0002984183825723665,0.0005889281507656066,0.25,10,7,4
0.0,0.0,0.0,0.25,10,6,1
0.004166666666666667,0.0002981514609421586,0.0005564830272676684,0.25,10,7,3
0.0,0.0,0.0,0.25,10,7,2
0.3333333333333333,0.0,0.0,0.25,10,8,5
0.35555555555555557,0.0002984183825723665,0.0005889281507656066,0.25,10,8,4
0.0,0.0,0.0,0.25,10,7,1
0.004166666666666667,0.0002981514609421586,0.0005564830272676684,0.25,10,8,3
0.0,0.0,0.0,0.25,10,8,2
0.3333333333333333,0.0,0.0,0.25,10,9,5
0.015503875968992248,0.0005963029218843172,0.0011484352569623888,0.25,10,9,3
0.35555555555555557,0.0002984183825723665,0.0005889281507656066,0.25,10,9,4
0.0,0.0,0.0,0.25,10,8,1
0.005555555555555556,0.0002984183825723665,0.0005664117813650524,0.25,10,9,2
0.015503875968992248,0.0005963029218843172,0.0011484352569623888,0.25,10,10,3
0.35555555555555557,0.0002984183825723665,0.0005889281507656066,0.25,10,10,4
0.3333333333333333,0.0,0.0,0.25,10,10,5
0.005376344086021505,0.0002981514609421586,0.0005649717514124294,0.25,10,9,1
0.005555555555555556,0.0002984183825723665,0.0005664117813650524,0.25,10,10,2
0.015503875968992248,0.0005963029218843172,0.0011484352569623888,0.25,10,11,3
0.3333333333333333,0.0,0.0,0.25,10,11,5
0.35555555555555557,0.0002984183825723665,0.0005889281507656066,0.25,10,11,4
0.005376344086021505,0.0002981514609421586,0.0005649717514124294,0.25,10,10,1
0.005555555555555556,0.0002984183825723665,0.0005664117813650524,0.25,10,11,2
0.004166666666666667,0.0002981514609421586,0.0005564830272676684,0.25,11,1,3
0.0,0.0,0.0,0.25,10,11,1
0.3333333333333333,0.0,0.0,0.25,11,1,5
0.35555555555555557,0.0002984183825723665,0.0005889281507656066,0.25,11,1,4
0.005376344086021505,0.0008952551477170995,0.0015349194167306216,0.25,11,1,2
0.3333333333333333,0.0,0.0,0.25,11,2,5
0.35555555555555557,0.0002984183825723665,0.0005889281507656066,0.25,11,2,4
0.004166666666666667,0.0002981514609421586,0.0005564830272676684,0.25,11,2,3
0.0,0.0,0.0,0.25,11,1,1
0.005376344086021505,0.0008952551477170995,0.0015349194167306216,0.25,11,2,2
0.004166666666666667,0.0002981514609421586,0.0005564830272676684,0.25,11,3,3
0.3333333333333333,0.0,0.0,0.25,11,3,5
0.35555555555555557,0.0002984183825723665,0.0005889281507656066,0.25,11,3,4
0.005376344086021505,0.0008952551477170995,0.0015349194167306216,0.25,11,3,2
0.0,0.0,0.0,0.25,11,2,1
0.35555555555555557,0.0002984183825723665,0.0005889281507656066,0.25,11,4,4
0.3333333333333333,0.0,0.0,0.25,11,4,5
0.004166666666666667,0.0002981514609421586,0.0005564830272676684,0.25,11,4,3
0.0,0.0,0.0,0.25,11,3,1
0.005376344086021505,0.0008952551477170995,0.0015349194167306216,0.25,11,4,2
0.004166666666666667,0.0002981514609421586,0.0005564830272676684,0.25,11,5,3
0.3333333333333333,0.0,0.0,0.25,11,5,5
0.0,0.0,0.0,0.25,11,5,2
0.0,0.0,0.0,0.25,11,4,1
0.35555555555555557,0.0002984183825723665,0.0005889281507656066,0.25,11,5,4
0.004166666666666667,0.0002981514609421586,0.0005564830272676684,0.25,11,6,3
0.3333333333333333,0.0,0.0,0.25,11,6,5
0.0,0.0,0.0,0.25,11,5,1
0.35555555555555557,0.0002984183825723665,0.0005889281507656066,0.25,11,6,4
0.0,0.0,0.0,0.25,11,6,2
0.3333333333333333,0.0,0.0,0.25,11,7,5
0.35555555555555557,0.0002984183825723665,0.0005889281507656066,0.25,11,7,4
0.004166666666666667,0.0002981514609421586,0.0005564830272676684,0.25,11,7,3
0.0,0.0,0.0,0.25,11,6,1
0.0,0.0,0.0,0.25,11,7,2
0.35555555555555557,0.0002984183825723665,0.0005889281507656066,0.25,11,8,4
0.3333333333333333,0.0,0.0,0.25,11,8,5
0.004166666666666667,0.0002981514609421586,0.0005564830272676684,0.25,11,8,3
0.0,0.0,0.0,0.25,11,7,1
0.0,0.0,0.0,0.25,11,8,2
0.35555555555555557,0.0002984183825723665,0.0005889281507656066,0.25,11,9,4
0.015503875968992248,0.0005963029218843172,0.0011484352569623888,0.25,11,9,3
0.3333333333333333,0.0,0.0,0.25,11,9,5
0.005555555555555556,0.0002984183825723665,0.0005664117813650524,0.25,11,9,2
0.0,0.0,0.0,0.25,11,8,1
0.015503875968992248,0.0005963029218843172,0.0011484352569623888,0.25,11,10,3
0.35555555555555557,0.0002984183825723665,0.0005889281507656066,0.25,11,10,4
0.3333333333333333,0.0,0.0,0.25,11,10,5
0.005555555555555556,0.0002981514609421586,0.0005659309564233164,0.25,11,9,1
0.005555555555555556,0.0002984183825723665,0.0005664117813650524,0.25,11,10,2
0.015503875968992248,0.0005963029218843172,0.0011484352569623888,0.25,11,11,3
0.3333333333333333,0.0,0.0,0.25,11,11,5
0.35555555555555557,0.0002984183825723665,0.0005889281507656066,0.25,11,11,4
0.005555555555555556,0.0002981514609421586,0.0005659309564233164,0.25,11,10,1
0.005555555555555556,0.0002984183825723665,0.0005664117813650524,0.25,11,11,2
0.3333333333333333,0.0,0.0,0.25,12,1,5
0.004166666666666667,0.0002981514609421586,0.0005564830272676684,0.25,12,1,3
0.0,0.0,0.0,0.25,11,11,1
0.35555555555555557,0.0002984183825723665,0.0005889281507656066,0.25,12,1,4
0.005376344086021505,0.0008952551477170995,0.0015349194167306216,0.25,12,1,2
0.3333333333333333,0.0,0.0,0.25,12,2,5
0.35555555555555557,0.0002984183825723665,0.0005889281507656066,0.25,12,2,4
0.004166666666666667,0.0002981514609421586,0.0005564830272676684,0.25,12,2,3
0.0,0.0,0.0,0.25,12,1,1
0.005376344086021505,0.0008952551477170995,0.0015349194167306216,0.25,12,2,2
0.004166666666666667,0.0002981514609421586,0.0005564830272676684,0.25,12,3,3
0.3333333333333333,0.0,0.0,0.25,12,3,5
0.35555555555555557,0.0002984183825723665,0.0005889281507656066,0.25,12,3,4
0.005376344086021505,0.0008952551477170995,0.0015349194167306216,0.25,12,3,2
0.0,0.0,0.0,0.25,12,2,1
0.004166666666666667,0.0002981514609421586,0.0005564830272676684,0.25,12,4,3
0.3333333333333333,0.0,0.0,0.25,12,4,5
0.35555555555555557,0.0002984183825723665,0.0005889281507656066,0.25,12,4,4
0.005376344086021505,0.0008952551477170995,0.0015349194167306216,0.25,12,4,2
0.0,0.0,0.0,0.25,12,3,1
0.004166666666666667,0.0002981514609421586,0.0005564830272676684,0.25,12,5,3
0.3333333333333333,0.0,0.0,0.25,12,5,5
0.35555555555555557,0.0002984183825723665,0.0005889281507656066,0.25,12,5,4
0.0,0.0,0.0,0.25,12,4,1
0.0,0.0,0.0,0.25,12,5,2
0.0,0.0,0.0,0.25,12,5,1
0.004166666666666667,0.0002981514609421586,0.0005564830272676684,0.25,12,6,3
0.3333333333333333,0.0,0.0,0.25,12,6,5
0.0,0.0,0.0,0.25,12,6,2
0.35555555555555557,0.0002984183825723665,0.0005889281507656066,0.25,12,6,4
0.0,0.0,0.0,0.25,12,6,1
0.3333333333333333,0.0,0.0,0.25,12,7,5
0.004166666666666667,0.0002981514609421586,0.0005564830272676684,0.25,12,7,3
0.35555555555555557,0.0002984183825723665,0.0005889281507656066,0.25,12,7,4
0.0,0.0,0.0,0.25,12,7,2
0.3333333333333333,0.0,0.0,0.25,12,8,5
0.35555555555555557,0.0002984183825723665,0.0005889281507656066,0.25,12,8,4
0.004166666666666667,0.0002981514609421586,0.0005564830272676684,0.25,12,8,3
0.0,0.0,0.0,0.25,12,7,1
0.0,0.0,0.0,0.25,12,8,2
0.015503875968992248,0.0005963029218843172,0.0011484352569623888,0.25,12,9,3
0.3333333333333333,0.0,0.0,0.25,12,9,5
0.35555555555555557,0.0002984183825723665,0.0005889281507656066,0.25,12,9,4
0.0,0.0,0.0,0.25,12,8,1
0.005555555555555556,0.0002984183825723665,0.0005664117813650524,0.25,12,9,2
0.005555555555555556,0.0002984183825723665,0.0005664117813650524,0.25,12,10,2
0.35555555555555557,0.0002984183825723665,0.0005889281507656066,0.25,12,10,4
0.005555555555555556,0.0002981514609421586,0.0005659309564233164,0.25,12,9,1
0.015503875968992248,0.0005963029218843172,0.0011484352569623888,0.25,12,10,3
0.3333333333333333,0.0,0.0,0.25,12,10,5
0.015503875968992248,0.0005963029218843172,0.0011484352569623888,0.25,12,11,3
0.005555555555555556,0.0002981514609421586,0.0005659309564233164,0.25,12,10,1
0.3333333333333333,0.0,0.0,0.25,12,11,5
0.005555555555555556,0.0002984183825723665,0.0005664117813650524,0.25,12,11,2
0.35555555555555557,0.0002984183825723665,0.0005889281507656066,0.25,12,11,4
0.3333333333333333,0.0,0.0,0.25,13,1,5
0.004166666666666667,0.0002981514609421586,0.0005564830272676684,0.25,13,1,3
0.35555555555555557,0.0002984183825723665,0.0005889281507656066,0.25,13,1,4
0.0,0.0,0.0,0.25,12,11,1
0.00546448087431694,0.0008952551477170995,0.0015384615384615387,0.25,13,1,2
0.3333333333333333,0.0,0.0,0.25,13,2,5
0.004166666666666667,0.0002981514609421586,0.0005564830272676684,0.25,13,2,3
0.35555555555555557,0.0002984183825723665,0.0005889281507656066,0.25,13,2,4
0.00546448087431694,0.0008952551477170995,0.0015384615384615387,0.25,13,2,2
0.0,0.0,0.0,0.25,13,1,1
0.004166666666666667,0.0002981514609421586,0.0005564830272676684,0.25,13,3,3
0.35555555555555557,0.0002984183825723665,0.0005889281507656066,0.25,13,3,4
0.3333333333333333,0.0,0.0,0.25,13,3,5
0.0,0.0,0.0,0.25,13,2,1
0.00546448087431694,0.0008952551477170995,0.0015384615384615387,0.25,13,3,2
0.004166666666666667,0.0002981514609421586,0.0005564830272676684,0.25,13,4,3
0.35555555555555557,0.0002984183825723665,0.0005889281507656066,0.25,13,4,4
0.0,0.0,0.0,0.25,13,3,1
0.3333333333333333,0.0,0.0,0.25,13,4,5
0.00546448087431694,0.0008952551477170995,0.0015384615384615387,0.25,13,4,2
0.3333333333333333,0.0,0.0,0.25,13,5,5
0.35555555555555557,0.0002984183825723665,0.0005889281507656066,0.25,13,5,4
0.004166666666666667,0.0002981514609421586,0.0005564830272676684,0.25,13,5,3
0.0,0.0,0.0,0.25,13,4,1
0.0,0.0,0.0,0.25,13,5,2
0.35555555555555557,0.0002984183825723665,0.0005889281507656066,0.25,13,6,4
0.3333333333333333,0.0,0.0,0.25,13,6,5
0.0,0.0,0.0,0.25,13,6,2
0.004166666666666667,0.0002981514609421586,0.0005564830272676684,0.25,13,6,3
0.0,0.0,0.0,0.25,13,5,1
0.004166666666666667,0.0002981514609421586,0.0005564830272676684,0.25,13,7,3
0.3333333333333333,0.0,0.0,0.25,13,7,5
0.0,0.0,0.0,0.25,13,6,1
0.35555555555555557,0.0002984183825723665,0.0005889281507656066,0.25,13,7,4
0.0,0.0,0.0,0.25,13,7,2
0.3333333333333333,0.0,0.0,0.25,13,8,5
0.004166666666666667,0.0002981514609421586,0.0005564830272676684,0.25,13,8,3
0.35555555555555557,0.0002984183825723665,0.0005889281507656066,0.25,13,8,4
0.0,0.0,0.0,0.25,13,7,1
0.0,0.0,0.0,0.25,13,8,2
0.015503875968992248,0.0005963029218843172,0.0011484352569623888,0.25,13,9,3
0.3333333333333333,0.0,0.0,0.25,13,9,5
0.35555555555555557,0.0002984183825723665,0.0005889281507656066,0.25,13,9,4
0.0,0.0,0.0,0.25,13,8,1
0.005649717514124294,0.0002984183825723665,0.0005668934240362812,0.25,13,9,2
0.015503875968992248,0.0005963029218843172,0.0011484352569623888,0.25,13,10,3
0.3333333333333333,0.0,0.0,0.25,13,10,5
0.006666666666666667,0.0002981514609421586,0.0005707762557077626,0.25,13,9,1
0.35555555555555557,0.0002984183825723665,0.0005889281507656066,0.25,13,10,4
0.005649717514124294,0.0002984183825723665,0.0005668934240362812,0.25,13,10,2
0.015503875968992248,0.0005963029218843172,0.0011484352569623888,0.25,13,11,3
0.3333333333333333,0.0,0.0,0.25,13,11,5
0.35555555555555557,0.0002984183825723665,0.0005889281507656066,0.25,13,11,4
0.006666666666666667,0.0002981514609421586,0.0005707762557077626,0.25,13,10,1
0.005649717514124294,0.0002984183825723665,0.0005668934240362812,0.25,13,11,2
0.004166666666666667,0.0002981514609421586,0.0005564830272676684,0.25,14,1,3
0.0,0.0,0.0,0.25,13,11,1
0.35555555555555557,0.0002984183825723665,0.0005889281507656066,0.25,14,1,4
0.3333333333333333,0.0,0.0,0.25,14,1,5
0.00546448087431694,0.0008952551477170995,0.0015384615384615387,0.25,14,1,2
0.3333333333333333,0.0,0.0,0.25,14,2,5
0.004166666666666667,0.0002981514609421586,0.0005564830272676684,0.25,14,2,3
0.35555555555555557,0.0002984183825723665,0.0005889281507656066,0.25,14,2,4
0.0,0.0,0.0,0.25,14,1,1
0.00546448087431694,0.0008952551477170995,0.0015384615384615387,0.25,14,2,2
0.004166666666666667,0.0002981514609421586,0.0005564830272676684,0.25,14,3,3
0.3333333333333333,0.0,0.0,0.25,14,3,5
0.00546448087431694,0.0008952551477170995,0.0015384615384615387,0.25,14,3,2
0.35555555555555557,0.0002984183825723665,0.0005889281507656066,0.25,14,3,4
0.0,0.0,0.0,0.25,14,2,1
0.3333333333333333,0.0,0.0,0.25,14,4,5
0.35555555555555557,0.0002984183825723665,0.0005889281507656066,0.25,14,4,4
0.004166666666666667,0.0002981514609421586,0.0005564830272676684,0.25,14,4,3
0.0,0.0,0.0,0.25,14,3,1
0.00546448087431694,0.0008952551477170995,0.0015384615384615387,0.25,14,4,2
0.004166666666666667,0.0002981514609421586,0.0005564830272676684,0.25,14,5,3
0.35555555555555557,0.0002984183825723665,0.0005889281507656066,0.25,14,5,4
0.3333333333333333,0.0,0.0,0.25,14,5,5
0.0,0.0,0.0,0.25,14,5,2
0.0,0.0,0.0,0.25,14,4,1
0.004166666666666667,0.0002981514609421586,0.0005564830272676684,0.25,14,6,3
0.0,0.0,0.0,0.25,14,5,1
0.35555555555555557,0.0002984183825723665,0.0005889281507656066,0.25,14,6,4
0.3333333333333333,0.0,0.0,0.25,14,6,5
0.0,0.0,0.0,0.25,14,6,2
0.35555555555555557,0.0002984183825723665,0.0005889281507656066,0.25,14,7,4
0.004166666666666667,0.0002981514609421586,0.0005564830272676684,0.25,14,7,3
0.0,0.0,0.0,0.25,14,6,1
0.3333333333333333,0.0,0.0,0.25,14,7,5
0.0,0.0,0.0,0.25,14,7,2
0.004166666666666667,0.0002981514609421586,0.0005564830272676684,0.25,14,8,3
0.3333333333333333,0.0,0.0,0.25,14,8,5
0.35555555555555557,0.0002984183825723665,0.0005889281507656066,0.25,14,8,4
0.0,0.0,0.0,0.25,14,7,1
0.0,0.0,0.0,0.25,14,8,2
0.3333333333333333,0.0,0.0,0.25,14,9,5
0.015503875968992248,0.0005963029218843172,0.0011484352569623888,0.25,14,9,3
0.35555555555555557,0.0002984183825723665,0.0005889281507656066,0.25,14,9,4
0.005649717514124294,0.0002984183825723665,0.0005668934240362812,0.25,14,9,2
0.0,0.0,0.0,0.25,14,8,1
0.015503875968992248,0.0005963029218843172,0.0011484352569623888,0.25,14,10,3
0.3333333333333333,0.0,0.0,0.25,14,10,5
0.35555555555555557,0.0002984183825723665,0.0005889281507656066,0.25,14,10,4
0.006666666666666667,0.0002981514609421586,0.0005707762557077626,0.25,14,9,1
0.005649717514124294,0.0002984183825723665,0.0005668934240362812,0.25,14,10,2
0.015503875968992248,0.0005963029218843172,0.0011484352569623888,0.25,14,11,3
0.006666666666666667,0.0002981514609421586,0.0005707762557077626,0.25,14,10,1
0.3333333333333333,0.0,0.0,0.25,14,11,5
0.35555555555555557,0.0002984183825723665,0.0005889281507656066,0.25,14,11,4
0.005649717514124294,0.0002984183825723665,0.0005668934240362812,0.25,14,11,2
0.004166666666666667,0.0002981514609421586,0.0005564830272676684,0.25,15,1,3
0.3333333333333333,0.0,0.0,0.25,15,1,5
0.0,0.0,0.0,0.25,14,11,1
0.35555555555555557,0.0002984183825723665,0.0005889281507656066,0.25,15,1,4
0.00546448087431694,0.0008952551477170995,0.0015384615384615387,0.25,15,1,2
0.004166666666666667,0.0002981514609421586,0.0005564830272676684,0.25,15,2,3
0.35555555555555557,0.0002984183825723665,0.0005889281507656066,0.25,15,2,4
0.3333333333333333,0.0,0.0,0.25,15,2,5
0.0,0.0,0.0,0.25,15,1,1
0.00546448087431694,0.0008952551477170995,0.0015384615384615387,0.25,15,2,2
0.3333333333333333,0.0,0.0,0.25,15,3,5
0.004166666666666667,0.0002981514609421586,0.0005564830272676684,0.25,15,3,3
0.35555555555555557,0.0002984183825723665,0.0005889281507656066,0.25,15,3,4
0.00546448087431694,0.0008952551477170995,0.0015384615384615387,0.25,15,3,2
0.0,0.0,0.0,0.25,15,2,1
0.004166666666666667,0.0002981514609421586,0.0005564830272676684,0.25,15,4,3
0.3333333333333333,0.0,0.0,0.25,15,4,5
0.35555555555555557,0.0002984183825723665,0.0005889281507656066,0.25,15,4,4
0.00546448087431694,0.0008952551477170995,0.0015384615384615387,0.25,15,4,2
0.0,0.0,0.0,0.25,15,3,1
0.35555555555555557,0.0002984183825723665,0.0005889281507656066,0.25,15,5,4
0.004166666666666667,0.0002981514609421586,0.0005564830272676684,0.25,15,5,3
0.3333333333333333,0.0,0.0,0.25,15,5,5
0.0,0.0,0.0,0.25,15,4,1
0.0,0.0,0.0,0.25,15,5,2
0.3333333333333333,0.0,0.0,0.25,15,6,5
0.004166666666666667,0.0002981514609421586,0.0005564830272676684,0.25,15,6,3
0.0,0.0,0.0,0.25,15,5,1
0.35555555555555557,0.0002984183825723665,0.0005889281507656066,0.25,15,6,4
0.0,0.0,0.0,0.25,15,6,2
0.004166666666666667,0.0002981514609421586,0.0005564830272676684,0.25,15,7,3
0.35555555555555557,0.0002984183825723665,0.0005889281507656066,0.25,15,7,4
0.3333333333333333,0.0,0.0,0.25,15,7,5
0.0,0.0,0.0,0.25,15,6,1
0.0,0.0,0.0,0.25,15,7,2
0.004166666666666667,0.0002981514609421586,0.0005564830272676684,0.25,15,8,3
0.3333333333333333,0.0,0.0,0.25,15,8,5
0.0,0.0,0.0,0.25,15,7,1
0.35555555555555557,0.0002984183825723665,0.0005889281507656066,0.25,15,8,4
0.0,0.0,0.0,0.25,15,8,2
0.3333333333333333,0.0,0.0,0.25,15,9,5
0.35555555555555557,0.0002984183825723665,0.0005889281507656066,0.25,15,9,4
0.0,0.0,0.0,0.25,15,8,1
0.015503875968992248,0.0005963029218843172,0.0011484352569623888,0.25,15,9,3
0.005649717514124294,0.0002984183825723665,0.0005668934240362812,0.25,15,9,2
0.015503875968992248,0.0005963029218843172,0.0011484352569623888,0.25,15,10,3
0.3333333333333333,0.0,0.0,0.25,15,10,5
0.35555555555555557,0.0002984183825723665,0.0005889281507656066,0.25,15,10,4
0.005649717514124294,0.0002984183825723665,0.0005668934240362812,0.25,15,10,2
0.007246376811594203,0.0002981514609421586,0.000572737686139748,0.25,15,9,1
0.015503875968992248,0.0005963029218843172,0.0011484352569623888,0.25,15,11,3
0.35555555555555557,0.0002984183825723665,0.0005889281507656066,0.25,15,11,4
0.3333333333333333,0.0,0.0,0.25,15,11,5
0.007246376811594203,0.0002981514609421586,0.000572737686139748,0.25,15,10,1
0.005649717514124294,0.0002984183825723665,0.0005668934240362812,0.25,15,11,2
0.004166666666666667,0.0002981514609421586,0.0005564830272676684,0.25,16,1,3
0.3333333333333333,0.0,0.0,0.25,16,1,5
0.35555555555555557,0.0002984183825723665,0.0005889281507656066,0.25,16,1,4
0.00546448087431694,0.0008952551477170995,0.0015384615384615387,0.25,16,1,2
0.0,0.0,0.0,0.25,15,11,1
0.004166666666666667,0.0002981514609421586,0.0005564830272676684,0.25,16,2,3
0.3333333333333333,0.0,0.0,0.25,16,2,5
0.35555555555555557,0.0002984183825723665,0.0005889281507656066,0.25,16,2,4
0.0,0.0,0.0,0.25,16,1,1
0.00546448087431694,0.0008952551477170995,0.0015384615384615387,0.25,16,2,2
0.004166666666666667,0.0002981514609421586,0.0005564830272676684,0.25,16,3,3
0.3333333333333333,0.0,0.0,0.25,16,3,5
0.35555555555555557,0.0002984183825723665,0.0005889281507656066,0.25,16,3,4
0.00546448087431694,0.0008952551477170995,0.0015384615384615387,0.25,16,3,2
0.0,0.0,0.0,0.25,16,2,1
0.004166666666666667,0.0002981514609421586,0.0005564830272676684,0.25,16,4,3
0.3333333333333333,0.0,0.0,0.25,16,4,5
0.35555555555555557,0.0002984183825723665,0.0005889281507656066,0.25,16,4,4
0.00546448087431694,0.0008952551477170995,0.0015384615384615387,0.25,16,4,2
0.0,0.0,0.0,0.25,16,3,1
0.004166666666666667,0.0002981514609421586,0.0005564830272676684,0.25,16,5,3
0.35555555555555557,0.0002984183825723665,0.0005889281507656066,0.25,16,5,4
0.3333333333333333,0.0,0.0,0.25,16,5,5
0.0,0.0,0.0,0.25,16,5,2
0.0,0.0,0.0,0.25,16,4,1
0.3333333333333333,0.0,0.0,0.25,16,6,5
0.004166666666666667,0.0002981514609421586,0.0005564830272676684,0.25,16,6,3
0.35555555555555557,0.0002984183825723665,0.0005889281507656066,0.25,16,6,4
0.0,0.0,0.0,0.25,16,5,1
0.0,0.0,0.0,0.25,16,6,2
0.3333333333333333,0.0,0.0,0.25,16,7,5
0.35555555555555557,0.0002984183825723665,0.0005889281507656066,0.25,16,7,4
0.004166666666666667,0.0002981514609421586,0.0005564830272676684,0.25,16,7,3
0.0,0.0,0.0,0.25,16,7,2
0.0,0.0,0.0,0.25,16,6,1
0.3333333333333333,0.0,0.0,0.25,16,8,5
0.004166666666666667,0.0002981514609421586,0.0005564830272676684,0.25,16,8,3
0.35555555555555557,0.0002984183825723665,0.0005889281507656066,0.25,16,8,4
0.0,0.0,0.0,0.25,16,7,1
0.0,0.0,0.0,0.25,16,8,2
0.015503875968992248,0.0005963029218843172,0.0011484352569623888,0.25,16,9,3
0.3333333333333333,0.0,0.0,0.25,16,9,5
0.35555555555555557,0.0002984183825723665,0.0005889281507656066,0.25,16,9,4
0.005649717514124294,0.0002984183825723665,0.0005668934240362812,0.25,16,9,2
0.0,0.0,0.0,0.25,16,8,1
0.015503875968992248,0.0005963029218843172,0.0011484352569623888,0.25,16,10,3
0.3333333333333333,0.0,0.0,0.25,16,10,5
0.007246376811594203,0.0002981514609421586,0.000572737686139748,0.25,16,9,1
0.35555555555555557,0.0002984183825723665,0.0005889281507656066,0.25,16,10,4
0.005649717514124294,0.0002984183825723665,0.0005668934240362812,0.25,16,10,2
0.015503875968992248,0.0005963029218843172,0.0011484352569623888,0.25,16,11,3
0.007246376811594203,0.0002981514609421586,0.000572737686139748,0.25,16,10,1
0.35555555555555557,0.0002984183825723665,0.0005889281507656066,0.25,16,11,4
0.3333333333333333,0.0,0.0,0.25,16,11,5
0.005649717514124294,0.0002984183825723665,0.0005668934240362812,0.25,16,11,2
0.005847953216374269,0.0002981514609421586,0.0005673758865248228,0.25,17,1,3
0.0,0.0,0.0,0.25,16,11,1
0.3333333333333333,0.0,0.0,0.25,17,1,5
0.35555555555555557,0.0002984183825723665,0.0005889281507656066,0.25,17,1,4
0.0029239766081871343,0.0002984183825723665,0.0005415651232060655,0.25,17,1,2
0.3333333333333333,0.0,0.0,0.25,17,2,5
0.35555555555555557,0.0002984183825723665,0.0005889281507656066,0.25,17,2,4
0.005847953216374269,0.0002981514609421586,0.0005673758865248228,0.25,17,2,3
0.0,0.0,0.0,0.25,17,1,1
0.0029239766081871343,0.0002984183825723665,0.0005415651232060655,0.25,17,2,2
0.35555555555555557,0.0002984183825723665,0.0005889281507656066,0.25,17,3,4
0.005847953216374269,0.0002981514609421586,0.0005673758865248228,0.25,17,3,3
0.3333333333333333,0.0,0.0,0.25,17,3,5
0.0029239766081871343,0.0002984183825723665,0.0005415651232060655,0.25,17,3,2
0.0,0.0,0.0,0.25,17,2,1
0.005847953216374269,0.0002981514609421586,0.0005673758865248228,0.25,17,4,3
0.3333333333333333,0.0,0.0,0.25,17,4,5
0.35555555555555557,0.0002984183825723665,0.0005889281507656066,0.25,17,4,4
0.0029239766081871343,0.0002984183825723665,0.0005415651232060655,0.25,17,4,2
0.0,0.0,0.0,0.25,17,3,1
0.005847953216374269,0.0002981514609421586,0.0005673758865248228,0.25,17,5,3
0.3333333333333333,0.0,0.0,0.25,17,5,5
0.0,0.0,0.0,0.25,17,4,1
0.35555555555555557,0.0002984183825723665,0.0005889281507656066,0.25,17,5,4
0.0,0.0,0.0,0.25,17,5,2
0.35555555555555557,0.0002984183825723665,0.0005889281507656066,0.25,17,6,4
0.005847953216374269,0.0002981514609421586,0.0005673758865248228,0.25,17,6,3
0.3333333333333333,0.0,0.0,0.25,17,6,5
0.0,0.0,0.0,0.25,17,6,2
0.0,0.0,0.0,0.25,17,5,1
0.35555555555555557,0.0002984183825723665,0.0005889281507656066,0.25,17,7,4
0.3333333333333333,0.0,0.0,0.25,17,7,5
0.005847953216374269,0.0002981514609421586,0.0005673758865248228,0.25,17,7,3
0.0,0.0,0.0,0.25,17,6,1
0.0,0.0,0.0,0.25,17,7,2
0.35555555555555557,0.0002984183825723665,0.0005889281507656066,0.25,17,8,4
0.005847953216374269,0.0002981514609421586,0.0005673758865248228,0.25,17,8,3
0.3333333333333333,0.0,0.0,0.25,17,8,5
0.0,0.0,0.0,0.25,17,7,1
0.0,0.0,0.0,0.25,17,8,2
0.020202020202020204,0.0005963029218843172,0.0011584129742253115,0.25,17,9,3
0.0,0.0,0.0,0.25,17,8,1
0.35555555555555557,0.0002984183825723665,0.0005889281507656066,0.25,17,9,4
0.3333333333333333,0.0,0.0,0.25,17,9,5
0.0070921985815602835,0.0002984183825723665,0.000572737686139748,0.25,17,9,2
0.020202020202020204,0.0005963029218843172,0.0011584129742253115,0.25,17,10,3
0.008130081300813009,0.0002981514609421586,0.0005752085130859937,0.25,17,9,1
0.3333333333333333,0.0,0.0,0.25,17,10,5
0.0070921985815602835,0.0002984183825723665,0.000572737686139748,0.25,17,10,2
0.35555555555555557,0.0002984183825723665,0.0005889281507656066,0.25,17,10,4
0.3333333333333333,0.0,0.0,0.25,17,11,5
0.35555555555555557,0.0002984183825723665,0.0005889281507656066,0.25,17,11,4
0.020202020202020204,0.0005963029218843172,0.0011584129742253115,0.25,17,11,3
0.008130081300813009,0.0002981514609421586,0.0005752085130859937,0.25,17,10,1
0.0070921985815602835,0.0002984183825723665,0.000572737686139748,0.25,17,11,2
0.3333333333333333,0.0,0.0,0.25,18,1,5
0.35555555555555557,0.0002984183825723665,0.0005889281507656066,0.25,18,1,4
0.005847953216374269,0.0002981514609421586,0.0005673758865248228,0.25,18,1,3
0.0,0.0,0.0,0.25,17,11,1
0.0029239766081871343,0.0002984183825723665,0.0005415651232060655,0.25,18,1,2
0.005847953216374269,0.0002981514609421586,0.0005673758865248228,0.25,18,2,3
0.3333333333333333,0.0,0.0,0.25,18,2,5
0.35555555555555557,0.0002984183825723665,0.0005889281507656066,0.25,18,2,4
0.0,0.0,0.0,0.25,18,1,1
0.0029239766081871343,0.0002984183825723665,0.0005415651232060655,0.25,18,2,2
0.005847953216374269,0.0002981514609421586,0.0005673758865248228,0.25,18,3,3
0.35555555555555557,0.0002984183825723665,0.0005889281507656066,0.25,18,3,4
0.3333333333333333,0.0,0.0,0.25,18,3,5
0.0029239766081871343,0.0002984183825723665,0.0005415651232060655,0.25,18,3,2
0.0,0.0,0.0,0.25,18,2,1
0.3333333333333333,0.0,0.0,0.25,18,4,5
0.005847953216374269,0.0002981514609421586,0.0005673758865248228,0.25,18,4,3
0.35555555555555557,0.0002984183825723665,0.0005889281507656066,0.25,18,4,4
0.0,0.0,0.0,0.25,18,3,1
0.0029239766081871343,0.0002984183825723665,0.0005415651232060655,0.25,18,4,2
0.005847953216374269,0.0002981514609421586,0.0005673758865248228,0.25,18,5,3
0.3333333333333333,0.0,0.0,0.25,18,5,5
0.0,0.0,0.0,0.25,18,5,2
0.35555555555555557,0.0002984183825723665,0.0005889281507656066,0.25,18,5,4
0.0,0.0,0.0,0.25,18,4,1
0.3333333333333333,0.0,0.0,0.25,18,6,5
0.35555555555555557,0.0002984183825723665,0.0005889281507656066,0.25,18,6,4
0.005847953216374269,0.0002981514609421586,0.0005673758865248228,0.25,18,6,3
0.0,0.0,0.0,0.25,18,5,1
0.0,0.0,0.0,0.25,18,6,2
0.3333333333333333,0.0,0.0,0.25,18,7,5
0.005847953216374269,0.0002981514609421586,0.0005673758865248228,0.25,18,7,3
0.35555555555555557,0.0002984183825723665,0.0005889281507656066,0.25,18,7,4
0.0,0.0,0.0,0.25,18,6,1
0.0,0.0,0.0,0.25,18,7,2
0.005847953216374269,0.0002981514609421586,0.0005673758865248228,0.25,18,8,3
0.3333333333333333,0.0,0.0,0.25,18,8,5
0.0,0.0,0.0,0.25,18,7,1
0.35555555555555557,0.0002984183825723665,0.0005889281507656066,0.25,18,8,4
0.0,0.0,0.0,0.25,18,8,2
0.020202020202020204,0.0005963029218843172,0.0011584129742253115,0.25,18,9,3
0.35555555555555557,0.0002984183825723665,0.0005889281507656066,0.25,18,9,4
0.3333333333333333,0.0,0.0,0.25,18,9,5
0.0070921985815602835,0.0002984183825723665,0.000572737686139748,0.25,18,9,2
0.0,0.0,0.0,0.25,18,8,1
0.3333333333333333,0.0,0.0,0.25,18,10,5
0.008130081300813009,0.0002981514609421586,0.0005752085130859937,0.25,18,9,1
0.020202020202020204,0.0005963029218843172,0.0011584129742253115,0.25,18,10,3
0.35555555555555557,0.0002984183825723665,0.0005889281507656066,0.25,18,10,4
0.0070921985815602835,0.0002984183825723665,0.000572737686139748,0.25,18,10,2
0.3333333333333333,0.0,0.0,0.25,18,11,5
0.020202020202020204,0.0005963029218843172,0.0011584129742253115,0.25,18,11,3
0.35555555555555557,0.0002984183825723665,0.0005889281507656066,0.25,18,11,4
0.008130081300813009,0.0002981514609421586,0.0005752085130859937,0.25,18,10,1
0.0070921985815602835,0.0002984183825723665,0.000572737686139748,0.25,18,11,2
0.005847953216374269,0.0002981514609421586,0.0005673758865248228,0.25,19,1,3
0.35555555555555557,0.0002984183825723665,0.0005889281507656066,0.25,19,1,4
0.0,0.0,0.0,0.25,18,11,1
0.3333333333333333,0.0,0.0,0.25,19,1,5
0.0029239766081871343,0.0002984183825723665,0.0005415651232060655,0.25,19,1,2
0.005847953216374269,0.0002981514609421586,0.0005673758865248228,0.25,19,2,3
0.3333333333333333,0.0,0.0,0.25,19,2,5
0.35555555555555557,0.0002984183825723665,0.0005889281507656066,0.25,19,2,4
0.0,0.0,0.0,0.25,19,1,1
0.0029239766081871343,0.0002984183825723665,0.0005415651232060655,0.25,19,2,2
0.005847953216374269,0.0002981514609421586,0.0005673758865248228,0.25,19,3,3
0.3333333333333333,0.0,0.0,0.25,19,3,5
0.35555555555555557,0.0002984183825723665,0.0005889281507656066,0.25,19,3,4
0.0,0.0,0.0,0.25,19,2,1
0.0029239766081871343,0.0002984183825723665,0.0005415651232060655,0.25,19,3,2
0.005847953216374269,0.0002981514609421586,0.0005673758865248228,0.25,19,4,3
0.3333333333333333,0.0,0.0,0.25,19,4,5
0.35555555555555557,0.0002984183825723665,0.0005889281507656066,0.25,19,4,4
0.0,0.0,0.0,0.25,19,3,1
0.0029239766081871343,0.0002984183825723665,0.0005415651232060655,0.25,19,4,2
0.005847953216374269,0.0002981514609421586,0.0005673758865248228,0.25,19,5,3
0.3333333333333333,0.0,0.0,0.25,19,5,5
0.0,0.0,0.0,0.25,19,5,2
0.35555555555555557,0.0002984183825723665,0.0005889281507656066,0.25,19,5,4
0.0,0.0,0.0,0.25,19,4,1
0.005847953216374269,0.0002981514609421586,0.0005673758865248228,0.25,19,6,3
0.35555555555555557,0.0002984183825723665,0.0005889281507656066,0.25,19,6,4
0.0,0.0,0.0,0.25,19,5,1
0.3333333333333333,0.0,0.0,0.25,19,6,5
0.0,0.0,0.0,0.25,19,6,2
0.35555555555555557,0.0002984183825723665,0.0005889281507656066,0.25,19,7,4
0.005847953216374269,0.0002981514609421586,0.0005673758865248228,0.25,19,7,3
0.3333333333333333,0.0,0.0,0.25,19,7,5
0.0,0.0,0.0,0.25,19,6,1
0.0,0.0,0.0,0.25,19,7,2
0.005847953216374269,0.0002981514609421586,0.0005673758865248228,0.25,19,8,3
0.35555555555555557,0.0002984183825723665,0.0005889281507656066,0.25,19,8,4
0.3333333333333333,0.0,0.0,0.25,19,8,5
0.0,0.0,0.0,0.25,19,8,2
0.0,0.0,0.0,0.25,19,7,1
0.020202020202020204,0.0005963029218843172,0.0011584129742253115,0.25,19,9,3
0.3333333333333333,0.0,0.0,0.25,19,9,5
0.35555555555555557,0.0002984183825723665,0.0005889281507656066,0.25,19,9,4
0.0,0.0,0.0,0.25,19,8,1
0.0070921985815602835,0.0002984183825723665,0.000572737686139748,0.25,19,9,2
0.020202020202020204,0.0005963029218843172,0.0011584129742253115,0.25,19,10,3
0.35555555555555557,0.0002984183825723665,0.0005889281507656066,0.25,19,10,4
0.008547008547008546,0.0002981514609421586,0.0005762028233938346,0.25,19,9,1
0.3333333333333333,0.0,0.0,0.25,19,10,5
0.0070921985815602835,0.0002984183825723665,0.000572737686139748,0.25,19,10,2
0.020202020202020204,0.0005963029218843172,0.0011584129742253115,0.25,19,11,3
0.35555555555555557,0.0002984183825723665,0.0005889281507656066,0.25,19,11,4
0.008547008547008546,0.0002981514609421586,0.0005762028233938346,0.25,19,10,1
0.3333333333333333,0.0,0.0,0.25,19,11,5
0.0070921985815602835,0.0002984183825723665,0.000572737686139748,0.25,19,11,2
0.005847953216374269,0.0002981514609421586,0.0005673758865248228,0.25,20,1,3
0.3333333333333333,0.0,0.0,0.25,20,1,5
0.0,0.0,0.0,0.25,19,11,1
0.35555555555555557,0.0002984183825723665,0.0005889281507656066,0.25,20,1,4
0.0029239766081871343,0.0002984183825723665,0.0005415651232060655,0.25,20,1,2
0.3333333333333333,0.0,0.0,0.25,20,2,5
0.005847953216374269,0.0002981514609421586,0.0005673758865248228,0.25,20,2,3
0.35555555555555557,0.0002984183825723665,0.0005889281507656066,0.25,20,2,4
0.0,0.0,0.0,0.25,20,1,1
0.0029239766081871343,0.0002984183825723665,0.0005415651232060655,0.25,20,2,2
0.3333333333333333,0.0,0.0,0.25,20,3,5
0.005847953216374269,0.0002981514609421586,0.0005673758865248228,0.25,20,3,3
0.35555555555555557,0.0002984183825723665,0.0005889281507656066,0.25,20,3,4
0.0029239766081871343,0.0002984183825723665,0.0005415651232060655,0.25,20,3,2
0.0,0.0,0.0,0.25,20,2,1
0.005847953216374269,0.0002981514609421586,0.0005673758865248228,0.25,20,4,3
0.35555555555555557,0.0002984183825723665,0.0005889281507656066,0.25,20,4,4
0.3333333333333333,0.0,0.0,0.25,20,4,5
0.0,0.0,0.0,0.25,20,3,1
0.0029239766081871343,0.0002984183825723665,0.0005415651232060655,0.25,20,4,2
0.005847953216374269,0.0002981514609421586,0.0005673758865248228,0.25,20,5,3
0.35555555555555557,0.0002984183825723665,0.0005889281507656066,0.25,20,5,4
0.3333333333333333,0.0,0.0,0.25,20,5,5
0.0,0.0,0.0,0.25,20,4,1
0.0,0.0,0.0,0.25,20,5,2
0.005847953216374269,0.0002981514609421586,0.0005673758865248228,0.25,20,6,3
0.35555555555555557,0.0002984183825723665,0.0005889281507656066,0.25,20,6,4
0.0,0.0,0.0,0.25,20,5,1
0.3333333333333333,0.0,0.0,0.25,20,6,5
0.0,0.0,0.0,0.25,20,6,2
0.005847953216374269,0.0002981514609421586,0.0005673758865248228,0.25,20,7,3
0.35555555555555557,0.0002984183825723665,0.0005889281507656066,0.25,20,7,4
0.3333333333333333,0.0,0.0,0.25,20,7,5
0.0,0.0,0.0,0.25,20,6,1
0.0,0.0,0.0,0.25,20,7,2
0.005847953216374269,0.0002981514609421586,0.0005673758865248228,0.25,20,8,3
0.0,0.0,0.0,0.25,20,7,1
0.35555555555555557,0.0002984183825723665,0.0005889281507656066,0.25,20,8,4
0.3333333333333333,0.0,0.0,0.25,20,8,5
0.0,0.0,0.0,0.25,20,8,2
0.3333333333333333,0.0,0.0,0.25,20,9,5
0.35555555555555557,0.0002984183825723665,0.0005889281507656066,0.25,20,9,4
0.020202020202020204,0.0005963029218843172,0.0011584129742253115,0.25,20,9,3
0.0,0.0,0.0,0.25,20,8,1
0.0070921985815602835,0.0002984183825723665,0.000572737686139748,0.25,20,9,2
0.020202020202020204,0.0005963029218843172,0.0011584129742253115,0.25,20,10,3
0.3333333333333333,0.0,0.0,0.25,20,10,5
0.008547008547008546,0.0002981514609421586,0.0005762028233938346,0.25,20,9,1
0.35555555555555557,0.0002984183825723665,0.0005889281507656066,0.25,20,10,4
0.0070921985815602835,0.0002984183825723665,0.000572737686139748,0.25,20,10,2
0.35555555555555557,0.0002984183825723665,0.0005889281507656066,0.25,20,11,4
0.020202020202020204,0.0005963029218843172,0.0011584129742253115,0.25,20,11,3
0.008547008547008546,0.0002981514609421586,0.0005762028233938346,0.25,20,10,1
0.3333333333333333,0.0,0.0,0.25,20,11,5
0.0070921985815602835,0.0002984183825723665,0.000572737686139748,0.25,20,11,2
0.005847953216374269,0.0002981514609421586,0.0005673758865248228,0.25,21,1,3
0.35555555555555557,0.0002984183825723665,0.0005889281507656066,0.25,21,1,4
0.3333333333333333,0.0,0.0,0.25,21,1,5
0.0,0.0,0.0,0.25,20,11,1
0.0032679738562091504,0.0002984183825723665,0.000546896363139185,0.25,21,1,2
0.005847953216374269,0.0002981514609421586,0.0005673758865248228,0.25,21,2,3
0.3333333333333333,0.0,0.0,0.25,21,2,5
0.35555555555555557,0.0002984183825723665,0.0005889281507656066,0.25,21,2,4
0.0032679738562091504,0.0002984183825723665,0.000546896363139185,0.25,21,2,2
0.0,0.0,0.0,0.25,21,1,1
0.005847953216374269,0.0002981514609421586,0.0005673758865248228,0.25,21,3,3
0.35555555555555557,0.0002984183825723665,0.0005889281507656066,0.25,21,3,4
0.3333333333333333,0.0,0.0,0.25,21,3,5
0.0032679738562091504,0.0002984183825723665,0.000546896363139185,0.25,21,3,2
0.0,0.0,0.0,0.25,21,2,1
0.005847953216374269,0.0002981514609421586,0.0005673758865248228,0.25,21,4,3
0.3333333333333333,0.0,0.0,0.25,21,4,5
0.35555555555555557,0.0002984183825723665,0.0005889281507656066,0.25,21,4,4
0.0,0.0,0.0,0.25,21,3,1
0.0032679738562091504,0.0002984183825723665,0.000546896363139185,0.25,21,4,2
0.005847953216374269,0.0002981514609421586,0.0005673758865248228,0.25,21,5,3
0.35555555555555557,0.0002984183825723665,0.0005889281507656066,0.25,21,5,4
0.3333333333333333,0.0,0.0,0.25,21,5,5
0.0,0.0,0.0,0.25,21,5,2
0.0,0.0,0.0,0.25,21,4,1
0.35555555555555557,0.0002984183825723665,0.0005889281507656066,0.25,21,6,4
0.005847953216374269,0.0002981514609421586,0.0005673758865248228,0.25,21,6,3
0.0,0.0,0.0,0.25,21,5,1
0.0,0.0,0.0,0.25,21,6,2
0.3333333333333333,0.0,0.0,0.25,21,6,5
0.35555555555555557,0.0002984183825723665,0.0005889281507656066,0.25,21,7,4
0.3333333333333333,0.0,0.0,0.25,21,7,5
0.0,0.0,0.0,0.25,21,6,1
0.005847953216374269,0.0002981514609421586,0.0005673758865248228,0.25,21,7,3
0.35555555555555557,0.0002984183825723665,0.0005889281507656066,0.25,21,8,4
0.0,0.0,0.0,0.25,21,7,2
0.0,0.0,0.0,0.25,21,7,1
0.3333333333333333,0.0,0.0,0.25,21,8,5
0.0,0.0,0.0,0.25,21,8,2
0.005847953216374269,0.0002981514609421586,0.0005673758865248228,0.25,21,8,3
0.020202020202020204,0.0005963029218843172,0.0011584129742253115,0.25,21,9,3
0.3333333333333333,0.0,0.0,0.25,21,9,5
0.0,0.0,0.0,0.25,21,8,1
0.35555555555555557,0.0002984183825723665,0.0005889281507656066,0.25,21,9,4
0.007575757575757576,0.0002984183825723665,0.0005742176284811944,0.25,21,9,2
0.020202020202020204,0.0005963029218843172,0.0011584129742253115,0.25,21,10,3
0.3333333333333333,0.0,0.0,0.25,21,10,5
0.35555555555555557,0.0002984183825723665,0.0005889281507656066,0.25,21,10,4
0.009259259259259259,0.0002981514609421586,0.0005777007510109764,0.25,21,9,1
0.007575757575757576,0.0002984183825723665,0.0005742176284811944,0.25,21,10,2
0.3333333333333333,0.0,0.0,0.25,21,11,5
0.007575757575757576,0.0002984183825723665,0.0005742176284811944,0.25,21,11,2
0.35555555555555557,0.0002984183825723665,0.0005889281507656066,0.25,21,11,4
0.020202020202020204,0.0005963029218843172,0.0011584129742253115,0.25,21,11,3
0.009259259259259259,0.0002981514609421586,0.0005777007510109764,0.25,21,10,1
0.0,0.0,0.0,0.25,21,11,1
0.3333333333333333,0.0,0.0,0.25,22,1,5
0.005847953216374269,0.0002981514609421586,0.0005673758865248228,0.25,22,1,3
0.35555555555555557,0.0002984183825723665,0.0005889281507656066,0.25,22,1,4
0.0032679738562091504,0.0002984183825723665,0.000546896363139185,0.25,22,1,2
0.005847953216374269,0.0002981514609421586,0.0005673758865248228,0.25,22,2,3
0.3333333333333333,0.0,0.0,0.25,22,2,5
0.35555555555555557,0.0002984183825723665,0.0005889281507656066,0.25,22,2,4
0.0,0.0,0.0,0.25,22,1,1
0.0032679738562091504,0.0002984183825723665,0.000546896363139185,0.25,22,2,2
0.3333333333333333,0.0,0.0,0.25,22,3,5
0.005847953216374269,0.0002981514609421586,0.0005673758865248228,0.25,22,3,3
0.35555555555555557,0.0002984183825723665,0.0005889281507656066,0.25,22,3,4
0.0,0.0,0.0,0.25,22,2,1
0.0032679738562091504,0.0002984183825723665,0.000546896363139185,0.25,22,3,2
0.3333333333333333,0.0,0.0,0.25,22,4,5
0.005847953216374269,0.0002981514609421586,0.0005673758865248228,0.25,22,4,3
0.35555555555555557,0.0002984183825723665,0.0005889281507656066,0.25,22,4,4
0.0,0.0,0.0,0.25,22,3,1
0.0032679738562091504,0.0002984183825723665,0.000546896363139185,0.25,22,4,2
0.005847953216374269,0.0002981514609421586,0.0005673758865248228,0.25,22,5,3
0.0,0.0,0.0,0.25,22,4,1
0.3333333333333333,0.0,0.0,0.25,22,5,5
0.35555555555555557,0.0002984183825723665,0.0005889281507656066,0.25,22,5,4
0.0,0.0,0.0,0.25,22,5,2
0.0,0.0,0.0,0.25,22,5,1
0.35555555555555557,0.0002984183825723665,0.0005889281507656066,0.25,22,6,4
0.3333333333333333,0.0,0.0,0.25,22,6,5
0.005847953216374269,0.0002981514609421586,0.0005673758865248228,0.25,22,6,3
0.0,0.0,0.0,0.25,22,6,2
0.3333333333333333,0.0,0.0,0.25,22,7,5
0.005847953216374269,0.0002981514609421586,0.0005673758865248228,0.25,22,7,3
0.35555555555555557,0.0002984183825723665,0.0005889281507656066,0.25,22,7,4
0.0,0.0,0.0,0.25,22,7,2
0.0,0.0,0.0,0.25,22,6,1
0.005847953216374269,0.0002981514609421586,0.0005673758865248228,0.25,22,8,3
0.35555555555555557,0.0002984183825723665,0.0005889281507656066,0.25,22,8,4
0.0,0.0,0.0,0.25,22,7,1
0.3333333333333333,0.0,0.0,0.25,22,8,5
0.0,0.0,0.0,0.25,22,8,2
0.020202020202020204,0.0005963029218843172,0.0011584129742253115,0.25,22,9,3
0.3333333333333333,0.0,0.0,0.25,22,9,5
0.35555555555555557,0.0002984183825723665,0.0005889281507656066,0.25,22,9,4
0.0,0.0,0.0,0.25,22,8,1
0.007575757575757576,0.0002984183825723665,0.0005742176284811944,0.25,22,9,2
0.020202020202020204,0.0005963029218843172,0.0011584129742253115,0.25,22,10,3
0.007575757575757576,0.0002984183825723665,0.0005742176284811944,0.25,22,10,2
0.3333333333333333,0.0,0.0,0.25,22,10,5
0.009259259259259259,0.0002981514609421586,0.0005777007510109764,0.25,22,9,1
0.35555555555555557,0.0002984183825723665,0.0005889281507656066,0.25,22,10,4
0.3333333333333333,0.0,0.0,0.25,22,11,5
0.35555555555555557,0.0002984183825723665,0.0005889281507656066,0.25,22,11,4
0.009259259259259259,0.0002981514609421586,0.0005777007510109764,0.25,22,10,1
0.020202020202020204,0.0005963029218843172,0.0011584129742253115,0.25,22,11,3
0.007575757575757576,0.0002984183825723665,0.0005742176284811944,0.25,22,11,2
0.005847953216374269,0.0002981514609421586,0.0005673758865248228,0.25,23,1,3
0.3333333333333333,0.0,0.0,0.25,23,1,5
0.0032679738562091504,0.0002984183825723665,0.000546896363139185,0.25,23,1,2
0.35555555555555557,0.0002984183825723665,0.0005889281507656066,0.25,23,1,4
0.0,0.0,0.0,0.25,22,11,1
0.005847953216374269,0.0002981514609421586,0.0005673758865248228,0.25,23,2,3
0.3333333333333333,0.0,0.0,0.25,23,2,5
0.0,0.0,0.0,0.25,23,1,1
0.35555555555555557,0.0002984183825723665,0.0005889281507656066,0.25,23,2,4
0.0032679738562091504,0.0002984183825723665,0.000546896363139185,0.25,23,2,2
0.005847953216374269,0.0002981514609421586,0.0005673758865248228,0.25,23,3,3
0.3333333333333333,0.0,0.0,0.25,23,3,5
0.0,0.0,0.0,0.25,23,2,1
0.35555555555555557,0.0002984183825723665,0.0005889281507656066,0.25,23,3,4
0.0032679738562091504,0.0002984183825723665,0.000546896363139185,0.25,23,3,2
0.005847953216374269,0.0002981514609421586,0.0005673758865248228,0.25,23,4,3
0.3333333333333333,0.0,0.0,0.25,23,4,5
0.35555555555555557,0.0002984183825723665,0.0005889281507656066,0.25,23,4,4
0.0,0.0,0.0,0.25,23,3,1
0.0032679738562091504,0.0002984183825723665,0.000546896363139185,0.25,23,4,2
0.35555555555555557,0.0002984183825723665,0.0005889281507656066,0.25,23,5,4
0.005847953216374269,0.0002981514609421586,0.0005673758865248228,0.25,23,5,3
0.3333333333333333,0.0,0.0,0.25,23,5,5
0.0,0.0,0.0,0.25,23,5,2
0.0,0.0,0.0,0.25,23,4,1
0.005847953216374269,0.0002981514609421586,0.0005673758865248228,0.25,23,6,3
0.3333333333333333,0.0,0.0,0.25,23,6,5
0.35555555555555557,0.0002984183825723665,0.0005889281507656066,0.25,23,6,4
0.0,0.0,0.0,0.25,23,5,1
0.0,0.0,0.0,0.25,23,6,2
0.005847953216374269,0.0002981514609421586,0.0005673758865248228,0.25,23,7,3
0.35555555555555557,0.0002984183825723665,0.0005889281507656066,0.25,23,7,4
0.0,0.0,0.0,0.25,23,7,2
0.3333333333333333,0.0,0.0,0.25,23,7,5
0.0,0.0,0.0,0.25,23,6,1
0.005847953216374269,0.0002981514609421586,0.0005673758865248228,0.25,23,8,3
0.3333333333333333,0.0,0.0,0.25,23,8,5
0.35555555555555557,0.0002984183825723665,0.0005889281507656066,0.25,23,8,4
0.0,0.0,0.0,0.25,23,7,1
0.0,0.0,0.0,0.25,23,8,2
0.020202020202020204,0.0005963029218843172,0.0011584129742253115,0.25,23,9,3
0.3333333333333333,0.0,0.0,0.25,23,9,5
0.35555555555555557,0.0002984183825723665,0.0005889281507656066,0.25,23,9,4
0.007575757575757576,0.0002984183825723665,0.0005742176284811944,0.25,23,9,2
0.0,0.0,0.0,0.25,23,8,1
0.3333333333333333,0.0,0.0,0.25,23,10,5
0.35555555555555557,0.0002984183825723665,0.0005889281507656066,0.25,23,10,4
0.020202020202020204,0.0005963029218843172,0.0011584129742253115,0.25,23,10,3
0.010101010101010102,0.0002981514609421586,0.0005792064871126557,0.25,23,9,1
0.007575757575757576,0.0002984183825723665,0.0005742176284811944,0.25,23,10,2
0.020202020202020204,0.0005963029218843172,0.0011584129742253115,0.25,23,11,3
0.3333333333333333,0.0,0.0,0.25,23,11,5
0.007575757575757576,0.0002984183825723665,0.0005742176284811944,0.25,23,11,2
0.010101010101010102,0.0002981514609421586,0.0005792064871126557,0.25,23,10,1
0.35555555555555557,0.0002984183825723665,0.0005889281507656066,0.25,23,11,4
0.005847953216374269,0.0002981514609421586,0.0005673758865248228,0.25,24,1,3
0.0,0.0,0.0,0.25,23,11,1
0.35555555555555557,0.0002984183825723665,0.0005889281507656066,0.25,24,1,4
0.0032679738562091504,0.0002984183825723665,0.000546896363139185,0.25,24,1,2
0.3333333333333333,0.0,0.0,0.25,24,1,5
0.005847953216374269,0.0002981514609421586,0.0005673758865248228,0.25,24,2,3
0.3333333333333333,0.0,0.0,0.25,24,2,5
0.0032679738562091504,0.0002984183825723665,0.000546896363139185,0.25,24,2,2
0.0,0.0,0.0,0.25,24,1,1
0.35555555555555557,0.0002984183825723665,0.0005889281507656066,0.25,24,2,4
0.005847953216374269,0.0002981514609421586,0.0005673758865248228,0.25,24,3,3
0.3333333333333333,0.0,0.0,0.25,24,3,5
0.35555555555555557,0.0002984183825723665,0.0005889281507656066,0.25,24,3,4
0.0,0.0,0.0,0.25,24,2,1
0.0032679738562091504,0.0002984183825723665,0.000546896363139185,0.25,24,3,2
0.005847953216374269,0.0002981514609421586,0.0005673758865248228,0.25,24,4,3
0.3333333333333333,0.0,0.0,0.25,24,4,5
0.35555555555555557,0.0002984183825723665,0.0005889281507656066,0.25,24,4,4
0.0032679738562091504,0.0002984183825723665,0.000546896363139185,0.25,24,4,2
0.0,0.0,0.0,0.25,24,3,1
0.005847953216374269,0.0002981514609421586,0.0005673758865248228,0.25,24,5,3
0.35555555555555557,0.0002984183825723665,0.0005889281507656066,0.25,24,5,4
0.3333333333333333,0.0,0.0,0.25,24,5,5
0.0,0.0,0.0,0.25,24,5,2
0.0,0.0,0.0,0.25,24,4,1
0.005847953216374269,0.0002981514609421586,0.0005673758865248228,0.25,24,6,3
0.3333333333333333,0.0,0.0,0.25,24,6,5
0.35555555555555557,0.0002984183825723665,0.0005889281507656066,0.25,24,6,4
0.0,0.0,0.0,0.25,24,6,2
0.0,0.0,0.0,0.25,24,5,1
0.005847953216374269,0.0002981514609421586,0.0005673758865248228,0.25,24,7,3
0.3333333333333333,0.0,0.0,0.25,24,7,5
0.35555555555555557,0.0002984183825723665,0.0005889281507656066,0.25,24,7,4
0.0,0.0,0.0,0.25,24,6,1
0.0,0.0,0.0,0.25,24,7,2
0.005847953216374269,0.0002981514609421586,0.0005673758865248228,0.25,24,8,3
0.35555555555555557,0.0002984183825723665,0.0005889281507656066,0.25,24,8,4
0.3333333333333333,0.0,0.0,0.25,24,8,5
0.0,0.0,0.0,0.25,24,7,1
0.0,0.0,0.0,0.25,24,8,2
0.020202020202020204,0.0005963029218843172,0.0011584129742253115,0.25,24,9,3
0.3333333333333333,0.0,0.0,0.25,24,9,5
0.0,0.0,0.0,0.25,24,8,1
0.35555555555555557,0.0002984183825723665,0.0005889281507656066,0.25,24,9,4
0.007575757575757576,0.0002984183825723665,0.0005742176284811944,0.25,24,9,2
0.020202020202020204,0.0005963029218843172,0.0011584129742253115,0.25,24,10,3
0.35555555555555557,0.0002984183825723665,0.0005889281507656066,0.25,24,10,4
0.3333333333333333,0.0,0.0,0.25,24,10,5
0.010101010101010102,0.0002981514609421586,0.0005792064871126557,0.25,24,9,1
0.007575757575757576,0.0002984183825723665,0.0005742176284811944,0.25,24,10,2
0.020202020202020204,0.0005963029218843172,0.0011584129742253115,0.25,24,11,3
0.35555555555555557,0.0002984183825723665,0.0005889281507656066,0.25,24,11,4
0.010101010101010102,0.0002981514609421586,0.0005792064871126557,0.25,24,10,1
0.007575757575757576,0.0002984183825723665,0.0005742176284811944,0.25,24,11,2
0.3333333333333333,0.0,0.0,0.25,24,11,5
0.0,0.0,0.0,0.25,24,11,1
